ARM GAS  C:\Users\leejo\AppData\Local\Temp\ccAZ9B2V.s 			page 1


   1              		.cpu cortex-m4
   2              		.arch armv7e-m
   3              		.fpu fpv4-sp-d16
   4              		.eabi_attribute 27, 1
   5              		.eabi_attribute 28, 1
   6              		.eabi_attribute 20, 1
   7              		.eabi_attribute 21, 1
   8              		.eabi_attribute 23, 3
   9              		.eabi_attribute 24, 1
  10              		.eabi_attribute 25, 1
  11              		.eabi_attribute 26, 1
  12              		.eabi_attribute 30, 1
  13              		.eabi_attribute 34, 1
  14              		.eabi_attribute 18, 4
  15              		.file	"main.c"
  16              		.text
  17              	.Ltext0:
  18              		.cfi_sections	.debug_frame
  19              		.file 1 "Core/Src/main.c"
  20              		.section	.text.MX_GPIO_Init,"ax",%progbits
  21              		.align	1
  22              		.syntax unified
  23              		.thumb
  24              		.thumb_func
  26              	MX_GPIO_Init:
  27              	.LFB146:
   1:Core/Src/main.c **** /* USER CODE BEGIN Header */
   2:Core/Src/main.c **** /**
   3:Core/Src/main.c ****   ******************************************************************************
   4:Core/Src/main.c ****   * @file           : main.c
   5:Core/Src/main.c ****   * @brief          : Main program body
   6:Core/Src/main.c ****   ******************************************************************************
   7:Core/Src/main.c ****   * @attention
   8:Core/Src/main.c ****   *
   9:Core/Src/main.c ****   * Copyright (c) 2026 STMicroelectronics.
  10:Core/Src/main.c ****   * All rights reserved.
  11:Core/Src/main.c ****   *
  12:Core/Src/main.c ****   * This software is licensed under terms that can be found in the LICENSE file
  13:Core/Src/main.c ****   * in the root directory of this software component.
  14:Core/Src/main.c ****   * If no LICENSE file comes with this software, it is provided AS-IS.
  15:Core/Src/main.c ****   *
  16:Core/Src/main.c ****   ******************************************************************************
  17:Core/Src/main.c ****   */
  18:Core/Src/main.c **** /* USER CODE END Header */
  19:Core/Src/main.c **** /* Includes ------------------------------------------------------------------*/
  20:Core/Src/main.c **** #include "main.h"
  21:Core/Src/main.c **** #include "cmsis_os.h"
  22:Core/Src/main.c **** 
  23:Core/Src/main.c **** /* Private includes ----------------------------------------------------------*/
  24:Core/Src/main.c **** /* USER CODE BEGIN Includes */
  25:Core/Src/main.c **** #include "dsp_task.h"
  26:Core/Src/main.c **** #include "spi_task.h"
  27:Core/Src/main.c **** /* USER CODE END Includes */
  28:Core/Src/main.c **** 
  29:Core/Src/main.c **** /* Private typedef -----------------------------------------------------------*/
  30:Core/Src/main.c **** /* USER CODE BEGIN PTD */
  31:Core/Src/main.c **** 
ARM GAS  C:\Users\leejo\AppData\Local\Temp\ccAZ9B2V.s 			page 2


  32:Core/Src/main.c **** /* USER CODE END PTD */
  33:Core/Src/main.c **** 
  34:Core/Src/main.c **** /* Private define ------------------------------------------------------------*/
  35:Core/Src/main.c **** /* USER CODE BEGIN PD */
  36:Core/Src/main.c **** 
  37:Core/Src/main.c **** /* USER CODE END PD */
  38:Core/Src/main.c **** 
  39:Core/Src/main.c **** /* Private macro -------------------------------------------------------------*/
  40:Core/Src/main.c **** /* USER CODE BEGIN PM */
  41:Core/Src/main.c **** 
  42:Core/Src/main.c **** /* USER CODE END PM */
  43:Core/Src/main.c **** 
  44:Core/Src/main.c **** /* Private variables ---------------------------------------------------------*/
  45:Core/Src/main.c **** I2C_HandleTypeDef hi2c1;
  46:Core/Src/main.c **** 
  47:Core/Src/main.c **** I2S_HandleTypeDef hi2s3;
  48:Core/Src/main.c **** DMA_HandleTypeDef hdma_i2s3_ext_rx;
  49:Core/Src/main.c **** DMA_HandleTypeDef hdma_spi3_tx;
  50:Core/Src/main.c **** 
  51:Core/Src/main.c **** SPI_HandleTypeDef hspi1;
  52:Core/Src/main.c **** SPI_HandleTypeDef hspi2;
  53:Core/Src/main.c **** DMA_HandleTypeDef hdma_spi2_rx;
  54:Core/Src/main.c **** 
  55:Core/Src/main.c **** osThreadId defaultTaskHandle;
  56:Core/Src/main.c **** /* USER CODE BEGIN PV */
  57:Core/Src/main.c **** osThreadId dspTaskHandle;
  58:Core/Src/main.c **** osThreadId spiTaskHandle;
  59:Core/Src/main.c **** osSemaphoreId spiSemHandle;
  60:Core/Src/main.c **** DMA_HandleTypeDef hdma_i2s3_ext_rx;
  61:Core/Src/main.c **** DMA_HandleTypeDef hdma_spi3_tx;
  62:Core/Src/main.c **** 
  63:Core/Src/main.c **** uint8_t spi_rx_buf[2];
  64:Core/Src/main.c **** // uint8_t test_buf[2];
  65:Core/Src/main.c **** // volatile uint8_t spi_done = 0;
  66:Core/Src/main.c **** volatile uint8_t gesture = 0;
  67:Core/Src/main.c **** volatile uint8_t intensity = 0;
  68:Core/Src/main.c **** // volatile uint8_t store[100];
  69:Core/Src/main.c **** // volatile uint8_t store_idx = 0;
  70:Core/Src/main.c **** 
  71:Core/Src/main.c **** /* USER CODE END PV */
  72:Core/Src/main.c **** 
  73:Core/Src/main.c **** /* Private function prototypes -----------------------------------------------*/
  74:Core/Src/main.c **** void SystemClock_Config(void);
  75:Core/Src/main.c **** static void MX_GPIO_Init(void);
  76:Core/Src/main.c **** static void MX_DMA_Init(void);
  77:Core/Src/main.c **** static void MX_I2C1_Init(void);
  78:Core/Src/main.c **** static void MX_I2S3_Init(void);
  79:Core/Src/main.c **** static void MX_SPI1_Init(void);
  80:Core/Src/main.c **** static void MX_SPI2_Init(void);
  81:Core/Src/main.c **** void StartDefaultTask(void const * argument);
  82:Core/Src/main.c **** 
  83:Core/Src/main.c **** /* USER CODE BEGIN PFP */
  84:Core/Src/main.c **** 
  85:Core/Src/main.c **** /* USER CODE END PFP */
  86:Core/Src/main.c **** 
  87:Core/Src/main.c **** /* Private user code ---------------------------------------------------------*/
  88:Core/Src/main.c **** /* USER CODE BEGIN 0 */
ARM GAS  C:\Users\leejo\AppData\Local\Temp\ccAZ9B2V.s 			page 3


  89:Core/Src/main.c **** 
  90:Core/Src/main.c **** /* USER CODE END 0 */
  91:Core/Src/main.c **** 
  92:Core/Src/main.c **** /**
  93:Core/Src/main.c ****   * @brief  The application entry point.
  94:Core/Src/main.c ****   * @retval int
  95:Core/Src/main.c ****   */
  96:Core/Src/main.c **** int main(void)
  97:Core/Src/main.c **** {
  98:Core/Src/main.c **** 
  99:Core/Src/main.c ****   /* USER CODE BEGIN 1 */
 100:Core/Src/main.c **** 
 101:Core/Src/main.c ****   /* USER CODE END 1 */
 102:Core/Src/main.c **** 
 103:Core/Src/main.c ****   /* MCU Configuration--------------------------------------------------------*/
 104:Core/Src/main.c **** 
 105:Core/Src/main.c ****   /* Reset of all peripherals, Initializes the Flash interface and the Systick. */
 106:Core/Src/main.c ****   HAL_Init();
 107:Core/Src/main.c **** 
 108:Core/Src/main.c ****   /* USER CODE BEGIN Init */
 109:Core/Src/main.c ****   GPIO_InitTypeDef GPIO_InitStruct = {0};
 110:Core/Src/main.c ****   GPIO_InitStruct.Pin = GPIO_PIN_12;
 111:Core/Src/main.c ****   GPIO_InitStruct.Mode = GPIO_MODE_OUTPUT_PP; // Push-Pull
 112:Core/Src/main.c ****   GPIO_InitStruct.Pull = GPIO_NOPULL;
 113:Core/Src/main.c ****   GPIO_InitStruct.Speed = GPIO_SPEED_FREQ_LOW;
 114:Core/Src/main.c ****   HAL_GPIO_Init(GPIOD, &GPIO_InitStruct);
 115:Core/Src/main.c ****   /* USER CODE END Init */
 116:Core/Src/main.c **** 
 117:Core/Src/main.c ****   /* Configure the system clock */
 118:Core/Src/main.c ****   SystemClock_Config();
 119:Core/Src/main.c **** 
 120:Core/Src/main.c ****   /* USER CODE BEGIN SysInit */
 121:Core/Src/main.c **** 
 122:Core/Src/main.c ****   /* USER CODE END SysInit */
 123:Core/Src/main.c **** 
 124:Core/Src/main.c ****   /* Initialize all configured peripherals */
 125:Core/Src/main.c ****   MX_GPIO_Init();
 126:Core/Src/main.c ****   MX_DMA_Init();
 127:Core/Src/main.c ****   MX_I2C1_Init();
 128:Core/Src/main.c ****   MX_I2S3_Init();
 129:Core/Src/main.c ****   MX_SPI1_Init();
 130:Core/Src/main.c ****   MX_SPI2_Init();
 131:Core/Src/main.c ****   /* USER CODE BEGIN 2 */
 132:Core/Src/main.c ****   HAL_SPI_Receive_DMA(&hspi2, spi_rx_buf, 2);
 133:Core/Src/main.c ****   /* USER CODE END 2 */
 134:Core/Src/main.c **** 
 135:Core/Src/main.c ****   /* USER CODE BEGIN RTOS_MUTEX */
 136:Core/Src/main.c ****   osMutexDef(paramsMutex);
 137:Core/Src/main.c ****   g_params_mutex = osMutexCreate(osMutex(paramsMutex));
 138:Core/Src/main.c ****   /* USER CODE END RTOS_MUTEX */
 139:Core/Src/main.c **** 
 140:Core/Src/main.c ****   /* USER CODE BEGIN RTOS_SEMAPHORES */
 141:Core/Src/main.c ****   /* add semaphores, ... */
 142:Core/Src/main.c ****     osSemaphoreDef(spiSem);
 143:Core/Src/main.c ****     spiSemHandle = osSemaphoreCreate(osSemaphore(spiSem), 1);
 144:Core/Src/main.c ****     // osSemaphoreWait(spiSemHandle, 0); // start locked
 145:Core/Src/main.c **** 
ARM GAS  C:\Users\leejo\AppData\Local\Temp\ccAZ9B2V.s 			page 4


 146:Core/Src/main.c ****   /* USER CODE END RTOS_SEMAPHORES */
 147:Core/Src/main.c **** 
 148:Core/Src/main.c ****   /* USER CODE BEGIN RTOS_TIMERS */
 149:Core/Src/main.c ****   /* start timers, add new ones, ... */
 150:Core/Src/main.c ****   /* USER CODE END RTOS_TIMERS */
 151:Core/Src/main.c **** 
 152:Core/Src/main.c ****   /* USER CODE BEGIN RTOS_QUEUES */
 153:Core/Src/main.c ****   /* add queues, ... */
 154:Core/Src/main.c ****   /* USER CODE END RTOS_QUEUES */
 155:Core/Src/main.c **** 
 156:Core/Src/main.c ****   /* Create the thread(s) */
 157:Core/Src/main.c ****   /* definition and creation of defaultTask */
 158:Core/Src/main.c ****   osThreadDef(defaultTask, StartDefaultTask, osPriorityNormal, 0, 128);
 159:Core/Src/main.c ****   defaultTaskHandle = osThreadCreate(osThread(defaultTask), NULL);
 160:Core/Src/main.c **** 
 161:Core/Src/main.c ****   /* USER CODE BEGIN RTOS_THREADS */
 162:Core/Src/main.c ****   osThreadDef(dspTask, StartDSPTask, osPriorityRealtime, 0, 512);
 163:Core/Src/main.c ****   dspTaskHandle = osThreadCreate(osThread(dspTask), NULL);
 164:Core/Src/main.c **** 
 165:Core/Src/main.c ****   osThreadDef(spiTask, StartSPITask, osPriorityAboveNormal, 0, 512);
 166:Core/Src/main.c ****   spiTaskHandle = osThreadCreate(osThread(spiTask), NULL);
 167:Core/Src/main.c **** 
 168:Core/Src/main.c **** 
 169:Core/Src/main.c **** 
 170:Core/Src/main.c ****   /* USER CODE END RTOS_THREADS */
 171:Core/Src/main.c **** 
 172:Core/Src/main.c ****   /* Start scheduler */
 173:Core/Src/main.c ****   osKernelStart();
 174:Core/Src/main.c **** 
 175:Core/Src/main.c ****   /* We should never get here as control is now taken by the scheduler */
 176:Core/Src/main.c **** 
 177:Core/Src/main.c ****   /* Infinite loop */
 178:Core/Src/main.c ****   /* USER CODE BEGIN WHILE */
 179:Core/Src/main.c ****   while (1)
 180:Core/Src/main.c ****   {
 181:Core/Src/main.c ****     /* USER CODE END WHILE */
 182:Core/Src/main.c **** 
 183:Core/Src/main.c ****     /* USER CODE BEGIN 3 */
 184:Core/Src/main.c ****   }
 185:Core/Src/main.c ****   /* USER CODE END 3 */
 186:Core/Src/main.c **** }
 187:Core/Src/main.c **** 
 188:Core/Src/main.c **** /**
 189:Core/Src/main.c ****   * @brief System Clock Configuration
 190:Core/Src/main.c ****   * @retval None
 191:Core/Src/main.c ****   */
 192:Core/Src/main.c **** void SystemClock_Config(void)
 193:Core/Src/main.c **** {
 194:Core/Src/main.c ****   RCC_OscInitTypeDef RCC_OscInitStruct = {0};
 195:Core/Src/main.c ****   RCC_ClkInitTypeDef RCC_ClkInitStruct = {0};
 196:Core/Src/main.c **** 
 197:Core/Src/main.c ****   /** Configure the main internal regulator output voltage
 198:Core/Src/main.c ****   */
 199:Core/Src/main.c ****   __HAL_RCC_PWR_CLK_ENABLE();
 200:Core/Src/main.c ****   __HAL_PWR_VOLTAGESCALING_CONFIG(PWR_REGULATOR_VOLTAGE_SCALE1);
 201:Core/Src/main.c **** 
 202:Core/Src/main.c ****   /** Initializes the RCC Oscillators according to the specified parameters
ARM GAS  C:\Users\leejo\AppData\Local\Temp\ccAZ9B2V.s 			page 5


 203:Core/Src/main.c ****   * in the RCC_OscInitTypeDef structure.
 204:Core/Src/main.c ****   */
 205:Core/Src/main.c ****   RCC_OscInitStruct.OscillatorType = RCC_OSCILLATORTYPE_HSE;
 206:Core/Src/main.c ****   RCC_OscInitStruct.HSEState = RCC_HSE_ON;
 207:Core/Src/main.c ****   RCC_OscInitStruct.PLL.PLLState = RCC_PLL_ON;
 208:Core/Src/main.c ****   RCC_OscInitStruct.PLL.PLLSource = RCC_PLLSOURCE_HSE;
 209:Core/Src/main.c ****   RCC_OscInitStruct.PLL.PLLM = 8;
 210:Core/Src/main.c ****   RCC_OscInitStruct.PLL.PLLN = 336;
 211:Core/Src/main.c ****   RCC_OscInitStruct.PLL.PLLP = RCC_PLLP_DIV2;
 212:Core/Src/main.c ****   RCC_OscInitStruct.PLL.PLLQ = 7;
 213:Core/Src/main.c ****   if (HAL_RCC_OscConfig(&RCC_OscInitStruct) != HAL_OK)
 214:Core/Src/main.c ****   {
 215:Core/Src/main.c ****     Error_Handler();
 216:Core/Src/main.c ****   }
 217:Core/Src/main.c **** 
 218:Core/Src/main.c ****   /** Initializes the CPU, AHB and APB buses clocks
 219:Core/Src/main.c ****   */
 220:Core/Src/main.c ****   RCC_ClkInitStruct.ClockType = RCC_CLOCKTYPE_HCLK|RCC_CLOCKTYPE_SYSCLK
 221:Core/Src/main.c ****                               |RCC_CLOCKTYPE_PCLK1|RCC_CLOCKTYPE_PCLK2;
 222:Core/Src/main.c ****   RCC_ClkInitStruct.SYSCLKSource = RCC_SYSCLKSOURCE_PLLCLK;
 223:Core/Src/main.c ****   RCC_ClkInitStruct.AHBCLKDivider = RCC_SYSCLK_DIV1;
 224:Core/Src/main.c ****   RCC_ClkInitStruct.APB1CLKDivider = RCC_HCLK_DIV4;
 225:Core/Src/main.c ****   RCC_ClkInitStruct.APB2CLKDivider = RCC_HCLK_DIV2;
 226:Core/Src/main.c **** 
 227:Core/Src/main.c ****   if (HAL_RCC_ClockConfig(&RCC_ClkInitStruct, FLASH_LATENCY_5) != HAL_OK)
 228:Core/Src/main.c ****   {
 229:Core/Src/main.c ****     Error_Handler();
 230:Core/Src/main.c ****   }
 231:Core/Src/main.c **** }
 232:Core/Src/main.c **** 
 233:Core/Src/main.c **** /**
 234:Core/Src/main.c ****   * @brief I2C1 Initialization Function
 235:Core/Src/main.c ****   * @param None
 236:Core/Src/main.c ****   * @retval None
 237:Core/Src/main.c ****   */
 238:Core/Src/main.c **** static void MX_I2C1_Init(void)
 239:Core/Src/main.c **** {
 240:Core/Src/main.c **** 
 241:Core/Src/main.c ****   /* USER CODE BEGIN I2C1_Init 0 */
 242:Core/Src/main.c **** 
 243:Core/Src/main.c ****   /* USER CODE END I2C1_Init 0 */
 244:Core/Src/main.c **** 
 245:Core/Src/main.c ****   /* USER CODE BEGIN I2C1_Init 1 */
 246:Core/Src/main.c **** 
 247:Core/Src/main.c ****   /* USER CODE END I2C1_Init 1 */
 248:Core/Src/main.c ****   hi2c1.Instance = I2C1;
 249:Core/Src/main.c ****   hi2c1.Init.ClockSpeed = 100000;
 250:Core/Src/main.c ****   hi2c1.Init.DutyCycle = I2C_DUTYCYCLE_2;
 251:Core/Src/main.c ****   hi2c1.Init.OwnAddress1 = 0;
 252:Core/Src/main.c ****   hi2c1.Init.AddressingMode = I2C_ADDRESSINGMODE_7BIT;
 253:Core/Src/main.c ****   hi2c1.Init.DualAddressMode = I2C_DUALADDRESS_DISABLE;
 254:Core/Src/main.c ****   hi2c1.Init.OwnAddress2 = 0;
 255:Core/Src/main.c ****   hi2c1.Init.GeneralCallMode = I2C_GENERALCALL_DISABLE;
 256:Core/Src/main.c ****   hi2c1.Init.NoStretchMode = I2C_NOSTRETCH_DISABLE;
 257:Core/Src/main.c ****   if (HAL_I2C_Init(&hi2c1) != HAL_OK)
 258:Core/Src/main.c ****   {
 259:Core/Src/main.c ****     Error_Handler();
ARM GAS  C:\Users\leejo\AppData\Local\Temp\ccAZ9B2V.s 			page 6


 260:Core/Src/main.c ****   }
 261:Core/Src/main.c ****   /* USER CODE BEGIN I2C1_Init 2 */
 262:Core/Src/main.c **** 
 263:Core/Src/main.c ****   /* USER CODE END I2C1_Init 2 */
 264:Core/Src/main.c **** 
 265:Core/Src/main.c **** }
 266:Core/Src/main.c **** 
 267:Core/Src/main.c **** /**
 268:Core/Src/main.c ****   * @brief I2S3 Initialization Function
 269:Core/Src/main.c ****   * @param None
 270:Core/Src/main.c ****   * @retval None
 271:Core/Src/main.c ****   */
 272:Core/Src/main.c **** static void MX_I2S3_Init(void)
 273:Core/Src/main.c **** {
 274:Core/Src/main.c **** 
 275:Core/Src/main.c ****   /* USER CODE BEGIN I2S3_Init 0 */
 276:Core/Src/main.c **** 
 277:Core/Src/main.c ****   /* USER CODE END I2S3_Init 0 */
 278:Core/Src/main.c **** 
 279:Core/Src/main.c ****   /* USER CODE BEGIN I2S3_Init 1 */
 280:Core/Src/main.c **** 
 281:Core/Src/main.c ****   /* USER CODE END I2S3_Init 1 */
 282:Core/Src/main.c ****   hi2s3.Instance = SPI3;
 283:Core/Src/main.c ****   hi2s3.Init.Mode = I2S_MODE_MASTER_TX;
 284:Core/Src/main.c ****   hi2s3.Init.Standard = I2S_STANDARD_PHILIPS;
 285:Core/Src/main.c ****   hi2s3.Init.DataFormat = I2S_DATAFORMAT_24B;
 286:Core/Src/main.c ****   hi2s3.Init.MCLKOutput = I2S_MCLKOUTPUT_ENABLE;
 287:Core/Src/main.c ****   hi2s3.Init.AudioFreq = I2S_AUDIOFREQ_32K;
 288:Core/Src/main.c ****   hi2s3.Init.CPOL = I2S_CPOL_LOW;
 289:Core/Src/main.c ****   hi2s3.Init.ClockSource = I2S_CLOCK_PLL;
 290:Core/Src/main.c ****   hi2s3.Init.FullDuplexMode = I2S_FULLDUPLEXMODE_ENABLE;
 291:Core/Src/main.c ****   if (HAL_I2S_Init(&hi2s3) != HAL_OK)
 292:Core/Src/main.c ****   {
 293:Core/Src/main.c ****     Error_Handler();
 294:Core/Src/main.c ****   }
 295:Core/Src/main.c ****   /* USER CODE BEGIN I2S3_Init 2 */
 296:Core/Src/main.c **** 
 297:Core/Src/main.c ****   /* USER CODE END I2S3_Init 2 */
 298:Core/Src/main.c **** 
 299:Core/Src/main.c **** }
 300:Core/Src/main.c **** 
 301:Core/Src/main.c **** /**
 302:Core/Src/main.c ****   * @brief SPI1 Initialization Function
 303:Core/Src/main.c ****   * @param None
 304:Core/Src/main.c ****   * @retval None
 305:Core/Src/main.c ****   */
 306:Core/Src/main.c **** static void MX_SPI1_Init(void)
 307:Core/Src/main.c **** {
 308:Core/Src/main.c **** 
 309:Core/Src/main.c ****   /* USER CODE BEGIN SPI1_Init 0 */
 310:Core/Src/main.c **** 
 311:Core/Src/main.c ****   /* USER CODE END SPI1_Init 0 */
 312:Core/Src/main.c **** 
 313:Core/Src/main.c ****   /* USER CODE BEGIN SPI1_Init 1 */
 314:Core/Src/main.c **** 
 315:Core/Src/main.c ****   /* USER CODE END SPI1_Init 1 */
 316:Core/Src/main.c ****   /* SPI1 parameter configuration*/
ARM GAS  C:\Users\leejo\AppData\Local\Temp\ccAZ9B2V.s 			page 7


 317:Core/Src/main.c ****   hspi1.Instance = SPI1;
 318:Core/Src/main.c ****   hspi1.Init.Mode = SPI_MODE_MASTER;
 319:Core/Src/main.c ****   hspi1.Init.Direction = SPI_DIRECTION_2LINES;
 320:Core/Src/main.c ****   hspi1.Init.DataSize = SPI_DATASIZE_8BIT;
 321:Core/Src/main.c ****   hspi1.Init.CLKPolarity = SPI_POLARITY_LOW;
 322:Core/Src/main.c ****   hspi1.Init.CLKPhase = SPI_PHASE_1EDGE;
 323:Core/Src/main.c ****   hspi1.Init.NSS = SPI_NSS_SOFT;
 324:Core/Src/main.c ****   hspi1.Init.BaudRatePrescaler = SPI_BAUDRATEPRESCALER_2;
 325:Core/Src/main.c ****   hspi1.Init.FirstBit = SPI_FIRSTBIT_MSB;
 326:Core/Src/main.c ****   hspi1.Init.TIMode = SPI_TIMODE_DISABLE;
 327:Core/Src/main.c ****   hspi1.Init.CRCCalculation = SPI_CRCCALCULATION_DISABLE;
 328:Core/Src/main.c ****   hspi1.Init.CRCPolynomial = 10;
 329:Core/Src/main.c ****   if (HAL_SPI_Init(&hspi1) != HAL_OK)
 330:Core/Src/main.c ****   {
 331:Core/Src/main.c ****     Error_Handler();
 332:Core/Src/main.c ****   }
 333:Core/Src/main.c ****   /* USER CODE BEGIN SPI1_Init 2 */
 334:Core/Src/main.c **** 
 335:Core/Src/main.c ****   /* USER CODE END SPI1_Init 2 */
 336:Core/Src/main.c **** 
 337:Core/Src/main.c **** }
 338:Core/Src/main.c **** 
 339:Core/Src/main.c **** /**
 340:Core/Src/main.c ****   * @brief SPI2 Initialization Function
 341:Core/Src/main.c ****   * @param None
 342:Core/Src/main.c ****   * @retval None
 343:Core/Src/main.c ****   */
 344:Core/Src/main.c **** static void MX_SPI2_Init(void)
 345:Core/Src/main.c **** {
 346:Core/Src/main.c **** 
 347:Core/Src/main.c ****   /* USER CODE BEGIN SPI2_Init 0 */
 348:Core/Src/main.c **** 
 349:Core/Src/main.c ****   /* USER CODE END SPI2_Init 0 */
 350:Core/Src/main.c **** 
 351:Core/Src/main.c ****   /* USER CODE BEGIN SPI2_Init 1 */
 352:Core/Src/main.c **** 
 353:Core/Src/main.c ****   /* USER CODE END SPI2_Init 1 */
 354:Core/Src/main.c ****   /* SPI2 parameter configuration*/
 355:Core/Src/main.c ****   hspi2.Instance = SPI2;
 356:Core/Src/main.c ****   hspi2.Init.Mode = SPI_MODE_SLAVE;
 357:Core/Src/main.c ****   hspi2.Init.Direction = SPI_DIRECTION_2LINES;
 358:Core/Src/main.c ****   hspi2.Init.DataSize = SPI_DATASIZE_8BIT;
 359:Core/Src/main.c ****   hspi2.Init.CLKPolarity = SPI_POLARITY_LOW;
 360:Core/Src/main.c ****   hspi2.Init.CLKPhase = SPI_PHASE_1EDGE;
 361:Core/Src/main.c ****   hspi2.Init.NSS = SPI_NSS_HARD_INPUT;
 362:Core/Src/main.c ****   hspi2.Init.FirstBit = SPI_FIRSTBIT_MSB;
 363:Core/Src/main.c ****   hspi2.Init.TIMode = SPI_TIMODE_DISABLE;
 364:Core/Src/main.c ****   hspi2.Init.CRCCalculation = SPI_CRCCALCULATION_DISABLE;
 365:Core/Src/main.c ****   hspi2.Init.CRCPolynomial = 10;
 366:Core/Src/main.c ****   if (HAL_SPI_Init(&hspi2) != HAL_OK)
 367:Core/Src/main.c ****   {
 368:Core/Src/main.c ****     Error_Handler();
 369:Core/Src/main.c ****   }
 370:Core/Src/main.c ****   /* USER CODE BEGIN SPI2_Init 2 */
 371:Core/Src/main.c **** 
 372:Core/Src/main.c ****   /* USER CODE END SPI2_Init 2 */
 373:Core/Src/main.c **** 
ARM GAS  C:\Users\leejo\AppData\Local\Temp\ccAZ9B2V.s 			page 8


 374:Core/Src/main.c **** }
 375:Core/Src/main.c **** 
 376:Core/Src/main.c **** /**
 377:Core/Src/main.c ****   * Enable DMA controller clock
 378:Core/Src/main.c ****   */
 379:Core/Src/main.c **** static void MX_DMA_Init(void)
 380:Core/Src/main.c **** {
 381:Core/Src/main.c **** 
 382:Core/Src/main.c ****   /* DMA controller clock enable */
 383:Core/Src/main.c ****   __HAL_RCC_DMA1_CLK_ENABLE();
 384:Core/Src/main.c **** 
 385:Core/Src/main.c ****   /* DMA interrupt init */
 386:Core/Src/main.c ****   /* DMA1_Stream0_IRQn interrupt configuration */
 387:Core/Src/main.c ****   HAL_NVIC_SetPriority(DMA1_Stream0_IRQn, 5, 0);
 388:Core/Src/main.c ****   HAL_NVIC_EnableIRQ(DMA1_Stream0_IRQn);
 389:Core/Src/main.c ****   /* DMA1_Stream3_IRQn interrupt configuration */
 390:Core/Src/main.c ****   HAL_NVIC_SetPriority(DMA1_Stream3_IRQn, 5, 0);
 391:Core/Src/main.c ****   HAL_NVIC_EnableIRQ(DMA1_Stream3_IRQn);
 392:Core/Src/main.c ****   /* DMA1_Stream5_IRQn interrupt configuration */
 393:Core/Src/main.c ****   HAL_NVIC_SetPriority(DMA1_Stream5_IRQn, 5, 0);
 394:Core/Src/main.c ****   HAL_NVIC_EnableIRQ(DMA1_Stream5_IRQn);
 395:Core/Src/main.c **** 
 396:Core/Src/main.c **** }
 397:Core/Src/main.c **** 
 398:Core/Src/main.c **** /**
 399:Core/Src/main.c ****   * @brief GPIO Initialization Function
 400:Core/Src/main.c ****   * @param None
 401:Core/Src/main.c ****   * @retval None
 402:Core/Src/main.c ****   */
 403:Core/Src/main.c **** static void MX_GPIO_Init(void)
 404:Core/Src/main.c **** {
  28              		.loc 1 404 1 view -0
  29              		.cfi_startproc
  30              		@ args = 0, pretend = 0, frame = 48
  31              		@ frame_needed = 0, uses_anonymous_args = 0
  32 0000 2DE9F04F 		push	{r4, r5, r6, r7, r8, r9, r10, fp, lr}
  33              		.cfi_def_cfa_offset 36
  34              		.cfi_offset 4, -36
  35              		.cfi_offset 5, -32
  36              		.cfi_offset 6, -28
  37              		.cfi_offset 7, -24
  38              		.cfi_offset 8, -20
  39              		.cfi_offset 9, -16
  40              		.cfi_offset 10, -12
  41              		.cfi_offset 11, -8
  42              		.cfi_offset 14, -4
  43 0004 8DB0     		sub	sp, sp, #52
  44              		.cfi_def_cfa_offset 88
 405:Core/Src/main.c ****   GPIO_InitTypeDef GPIO_InitStruct = {0};
  45              		.loc 1 405 3 view .LVU1
  46              		.loc 1 405 20 is_stmt 0 view .LVU2
  47 0006 07AD     		add	r5, sp, #28
  48 0008 0024     		movs	r4, #0
  49 000a 0794     		str	r4, [sp, #28]
  50 000c 0894     		str	r4, [sp, #32]
  51 000e 0994     		str	r4, [sp, #36]
  52 0010 0A94     		str	r4, [sp, #40]
ARM GAS  C:\Users\leejo\AppData\Local\Temp\ccAZ9B2V.s 			page 9


  53 0012 0B94     		str	r4, [sp, #44]
 406:Core/Src/main.c ****   /* USER CODE BEGIN MX_GPIO_Init_1 */
 407:Core/Src/main.c **** 
 408:Core/Src/main.c ****   /* USER CODE END MX_GPIO_Init_1 */
 409:Core/Src/main.c **** 
 410:Core/Src/main.c ****   /* GPIO Ports Clock Enable */
 411:Core/Src/main.c ****   __HAL_RCC_GPIOE_CLK_ENABLE();
  54              		.loc 1 411 3 is_stmt 1 view .LVU3
  55              	.LBB4:
  56              		.loc 1 411 3 view .LVU4
  57 0014 0194     		str	r4, [sp, #4]
  58              		.loc 1 411 3 view .LVU5
  59 0016 614B     		ldr	r3, .L3
  60 0018 1A6B     		ldr	r2, [r3, #48]
  61 001a 42F01002 		orr	r2, r2, #16
  62 001e 1A63     		str	r2, [r3, #48]
  63              		.loc 1 411 3 view .LVU6
  64 0020 1A6B     		ldr	r2, [r3, #48]
  65 0022 02F01002 		and	r2, r2, #16
  66 0026 0192     		str	r2, [sp, #4]
  67              		.loc 1 411 3 view .LVU7
  68 0028 019A     		ldr	r2, [sp, #4]
  69              	.LBE4:
  70              		.loc 1 411 3 view .LVU8
 412:Core/Src/main.c ****   __HAL_RCC_GPIOC_CLK_ENABLE();
  71              		.loc 1 412 3 view .LVU9
  72              	.LBB5:
  73              		.loc 1 412 3 view .LVU10
  74 002a 0294     		str	r4, [sp, #8]
  75              		.loc 1 412 3 view .LVU11
  76 002c 1A6B     		ldr	r2, [r3, #48]
  77 002e 42F00402 		orr	r2, r2, #4
  78 0032 1A63     		str	r2, [r3, #48]
  79              		.loc 1 412 3 view .LVU12
  80 0034 1A6B     		ldr	r2, [r3, #48]
  81 0036 02F00402 		and	r2, r2, #4
  82 003a 0292     		str	r2, [sp, #8]
  83              		.loc 1 412 3 view .LVU13
  84 003c 029A     		ldr	r2, [sp, #8]
  85              	.LBE5:
  86              		.loc 1 412 3 view .LVU14
 413:Core/Src/main.c ****   __HAL_RCC_GPIOH_CLK_ENABLE();
  87              		.loc 1 413 3 view .LVU15
  88              	.LBB6:
  89              		.loc 1 413 3 view .LVU16
  90 003e 0394     		str	r4, [sp, #12]
  91              		.loc 1 413 3 view .LVU17
  92 0040 1A6B     		ldr	r2, [r3, #48]
  93 0042 42F08002 		orr	r2, r2, #128
  94 0046 1A63     		str	r2, [r3, #48]
  95              		.loc 1 413 3 view .LVU18
  96 0048 1A6B     		ldr	r2, [r3, #48]
  97 004a 02F08002 		and	r2, r2, #128
  98 004e 0392     		str	r2, [sp, #12]
  99              		.loc 1 413 3 view .LVU19
 100 0050 039A     		ldr	r2, [sp, #12]
 101              	.LBE6:
ARM GAS  C:\Users\leejo\AppData\Local\Temp\ccAZ9B2V.s 			page 10


 102              		.loc 1 413 3 view .LVU20
 414:Core/Src/main.c ****   __HAL_RCC_GPIOA_CLK_ENABLE();
 103              		.loc 1 414 3 view .LVU21
 104              	.LBB7:
 105              		.loc 1 414 3 view .LVU22
 106 0052 0494     		str	r4, [sp, #16]
 107              		.loc 1 414 3 view .LVU23
 108 0054 1A6B     		ldr	r2, [r3, #48]
 109 0056 42F00102 		orr	r2, r2, #1
 110 005a 1A63     		str	r2, [r3, #48]
 111              		.loc 1 414 3 view .LVU24
 112 005c 1A6B     		ldr	r2, [r3, #48]
 113 005e 02F00102 		and	r2, r2, #1
 114 0062 0492     		str	r2, [sp, #16]
 115              		.loc 1 414 3 view .LVU25
 116 0064 049A     		ldr	r2, [sp, #16]
 117              	.LBE7:
 118              		.loc 1 414 3 view .LVU26
 415:Core/Src/main.c ****   __HAL_RCC_GPIOB_CLK_ENABLE();
 119              		.loc 1 415 3 view .LVU27
 120              	.LBB8:
 121              		.loc 1 415 3 view .LVU28
 122 0066 0594     		str	r4, [sp, #20]
 123              		.loc 1 415 3 view .LVU29
 124 0068 1A6B     		ldr	r2, [r3, #48]
 125 006a 42F00202 		orr	r2, r2, #2
 126 006e 1A63     		str	r2, [r3, #48]
 127              		.loc 1 415 3 view .LVU30
 128 0070 1A6B     		ldr	r2, [r3, #48]
 129 0072 02F00202 		and	r2, r2, #2
 130 0076 0592     		str	r2, [sp, #20]
 131              		.loc 1 415 3 view .LVU31
 132 0078 059A     		ldr	r2, [sp, #20]
 133              	.LBE8:
 134              		.loc 1 415 3 view .LVU32
 416:Core/Src/main.c ****   __HAL_RCC_GPIOD_CLK_ENABLE();
 135              		.loc 1 416 3 view .LVU33
 136              	.LBB9:
 137              		.loc 1 416 3 view .LVU34
 138 007a 0694     		str	r4, [sp, #24]
 139              		.loc 1 416 3 view .LVU35
 140 007c 1A6B     		ldr	r2, [r3, #48]
 141 007e 42F00802 		orr	r2, r2, #8
 142 0082 1A63     		str	r2, [r3, #48]
 143              		.loc 1 416 3 view .LVU36
 144 0084 1B6B     		ldr	r3, [r3, #48]
 145 0086 03F00803 		and	r3, r3, #8
 146 008a 0693     		str	r3, [sp, #24]
 147              		.loc 1 416 3 view .LVU37
 148 008c 069B     		ldr	r3, [sp, #24]
 149              	.LBE9:
 150              		.loc 1 416 3 view .LVU38
 417:Core/Src/main.c **** 
 418:Core/Src/main.c ****   /*Configure GPIO pin Output Level */
 419:Core/Src/main.c ****   HAL_GPIO_WritePin(CS_I2C_SPI_GPIO_Port, CS_I2C_SPI_Pin, GPIO_PIN_RESET);
 151              		.loc 1 419 3 view .LVU39
 152 008e DFF81481 		ldr	r8, .L3+8
ARM GAS  C:\Users\leejo\AppData\Local\Temp\ccAZ9B2V.s 			page 11


 153 0092 2246     		mov	r2, r4
 154 0094 0821     		movs	r1, #8
 155 0096 4046     		mov	r0, r8
 156 0098 FFF7FEFF 		bl	HAL_GPIO_WritePin
 157              	.LVL0:
 420:Core/Src/main.c **** 
 421:Core/Src/main.c ****   /*Configure GPIO pin Output Level */
 422:Core/Src/main.c ****   HAL_GPIO_WritePin(OTG_FS_PowerSwitchOn_GPIO_Port, OTG_FS_PowerSwitchOn_Pin, GPIO_PIN_SET);
 158              		.loc 1 422 3 view .LVU40
 159 009c DFF808A1 		ldr	r10, .L3+12
 160 00a0 0122     		movs	r2, #1
 161 00a2 1146     		mov	r1, r2
 162 00a4 5046     		mov	r0, r10
 163 00a6 FFF7FEFF 		bl	HAL_GPIO_WritePin
 164              	.LVL1:
 423:Core/Src/main.c **** 
 424:Core/Src/main.c ****   /*Configure GPIO pin Output Level */
 425:Core/Src/main.c ****   HAL_GPIO_WritePin(GPIOD, LD4_Pin|LD3_Pin|LD5_Pin|LD6_Pin
 165              		.loc 1 425 3 view .LVU41
 166 00aa DFF80091 		ldr	r9, .L3+16
 167 00ae 2246     		mov	r2, r4
 168 00b0 4FF21001 		movw	r1, #61456
 169 00b4 4846     		mov	r0, r9
 170 00b6 FFF7FEFF 		bl	HAL_GPIO_WritePin
 171              	.LVL2:
 426:Core/Src/main.c ****                           |Audio_RST_Pin, GPIO_PIN_RESET);
 427:Core/Src/main.c **** 
 428:Core/Src/main.c ****   /*Configure GPIO pin : CS_I2C_SPI_Pin */
 429:Core/Src/main.c ****   GPIO_InitStruct.Pin = CS_I2C_SPI_Pin;
 172              		.loc 1 429 3 view .LVU42
 173              		.loc 1 429 23 is_stmt 0 view .LVU43
 174 00ba 0827     		movs	r7, #8
 175 00bc 0797     		str	r7, [sp, #28]
 430:Core/Src/main.c ****   GPIO_InitStruct.Mode = GPIO_MODE_OUTPUT_PP;
 176              		.loc 1 430 3 is_stmt 1 view .LVU44
 177              		.loc 1 430 24 is_stmt 0 view .LVU45
 178 00be 0126     		movs	r6, #1
 179 00c0 0896     		str	r6, [sp, #32]
 431:Core/Src/main.c ****   GPIO_InitStruct.Pull = GPIO_NOPULL;
 180              		.loc 1 431 3 is_stmt 1 view .LVU46
 181              		.loc 1 431 24 is_stmt 0 view .LVU47
 182 00c2 0994     		str	r4, [sp, #36]
 432:Core/Src/main.c ****   GPIO_InitStruct.Speed = GPIO_SPEED_FREQ_LOW;
 183              		.loc 1 432 3 is_stmt 1 view .LVU48
 184              		.loc 1 432 25 is_stmt 0 view .LVU49
 185 00c4 0A94     		str	r4, [sp, #40]
 433:Core/Src/main.c ****   HAL_GPIO_Init(CS_I2C_SPI_GPIO_Port, &GPIO_InitStruct);
 186              		.loc 1 433 3 is_stmt 1 view .LVU50
 187 00c6 2946     		mov	r1, r5
 188 00c8 4046     		mov	r0, r8
 189 00ca FFF7FEFF 		bl	HAL_GPIO_Init
 190              	.LVL3:
 434:Core/Src/main.c **** 
 435:Core/Src/main.c ****   /*Configure GPIO pin : OTG_FS_PowerSwitchOn_Pin */
 436:Core/Src/main.c ****   GPIO_InitStruct.Pin = OTG_FS_PowerSwitchOn_Pin;
 191              		.loc 1 436 3 view .LVU51
 192              		.loc 1 436 23 is_stmt 0 view .LVU52
ARM GAS  C:\Users\leejo\AppData\Local\Temp\ccAZ9B2V.s 			page 12


 193 00ce 0796     		str	r6, [sp, #28]
 437:Core/Src/main.c ****   GPIO_InitStruct.Mode = GPIO_MODE_OUTPUT_PP;
 194              		.loc 1 437 3 is_stmt 1 view .LVU53
 195              		.loc 1 437 24 is_stmt 0 view .LVU54
 196 00d0 0896     		str	r6, [sp, #32]
 438:Core/Src/main.c ****   GPIO_InitStruct.Pull = GPIO_NOPULL;
 197              		.loc 1 438 3 is_stmt 1 view .LVU55
 198              		.loc 1 438 24 is_stmt 0 view .LVU56
 199 00d2 0994     		str	r4, [sp, #36]
 439:Core/Src/main.c ****   GPIO_InitStruct.Speed = GPIO_SPEED_FREQ_LOW;
 200              		.loc 1 439 3 is_stmt 1 view .LVU57
 201              		.loc 1 439 25 is_stmt 0 view .LVU58
 202 00d4 0A94     		str	r4, [sp, #40]
 440:Core/Src/main.c ****   HAL_GPIO_Init(OTG_FS_PowerSwitchOn_GPIO_Port, &GPIO_InitStruct);
 203              		.loc 1 440 3 is_stmt 1 view .LVU59
 204 00d6 2946     		mov	r1, r5
 205 00d8 5046     		mov	r0, r10
 206 00da FFF7FEFF 		bl	HAL_GPIO_Init
 207              	.LVL4:
 441:Core/Src/main.c **** 
 442:Core/Src/main.c ****   /*Configure GPIO pin : PDM_OUT_Pin */
 443:Core/Src/main.c ****   GPIO_InitStruct.Pin = PDM_OUT_Pin;
 208              		.loc 1 443 3 view .LVU60
 209              		.loc 1 443 23 is_stmt 0 view .LVU61
 210 00de 0797     		str	r7, [sp, #28]
 444:Core/Src/main.c ****   GPIO_InitStruct.Mode = GPIO_MODE_AF_PP;
 211              		.loc 1 444 3 is_stmt 1 view .LVU62
 212              		.loc 1 444 24 is_stmt 0 view .LVU63
 213 00e0 0227     		movs	r7, #2
 214 00e2 0897     		str	r7, [sp, #32]
 445:Core/Src/main.c ****   GPIO_InitStruct.Pull = GPIO_NOPULL;
 215              		.loc 1 445 3 is_stmt 1 view .LVU64
 216              		.loc 1 445 24 is_stmt 0 view .LVU65
 217 00e4 0994     		str	r4, [sp, #36]
 446:Core/Src/main.c ****   GPIO_InitStruct.Speed = GPIO_SPEED_FREQ_LOW;
 218              		.loc 1 446 3 is_stmt 1 view .LVU66
 219              		.loc 1 446 25 is_stmt 0 view .LVU67
 220 00e6 0A94     		str	r4, [sp, #40]
 447:Core/Src/main.c ****   GPIO_InitStruct.Alternate = GPIO_AF5_SPI2;
 221              		.loc 1 447 3 is_stmt 1 view .LVU68
 222              		.loc 1 447 29 is_stmt 0 view .LVU69
 223 00e8 4FF0050B 		mov	fp, #5
 224 00ec CDF82CB0 		str	fp, [sp, #44]
 448:Core/Src/main.c ****   HAL_GPIO_Init(PDM_OUT_GPIO_Port, &GPIO_InitStruct);
 225              		.loc 1 448 3 is_stmt 1 view .LVU70
 226 00f0 2946     		mov	r1, r5
 227 00f2 5046     		mov	r0, r10
 228 00f4 FFF7FEFF 		bl	HAL_GPIO_Init
 229              	.LVL5:
 449:Core/Src/main.c **** 
 450:Core/Src/main.c ****   /*Configure GPIO pin : B1_Pin */
 451:Core/Src/main.c ****   GPIO_InitStruct.Pin = B1_Pin;
 230              		.loc 1 451 3 view .LVU71
 231              		.loc 1 451 23 is_stmt 0 view .LVU72
 232 00f8 0796     		str	r6, [sp, #28]
 452:Core/Src/main.c ****   GPIO_InitStruct.Mode = GPIO_MODE_EVT_RISING;
 233              		.loc 1 452 3 is_stmt 1 view .LVU73
ARM GAS  C:\Users\leejo\AppData\Local\Temp\ccAZ9B2V.s 			page 13


 234              		.loc 1 452 24 is_stmt 0 view .LVU74
 235 00fa 4FF49013 		mov	r3, #1179648
 236 00fe 0893     		str	r3, [sp, #32]
 453:Core/Src/main.c ****   GPIO_InitStruct.Pull = GPIO_NOPULL;
 237              		.loc 1 453 3 is_stmt 1 view .LVU75
 238              		.loc 1 453 24 is_stmt 0 view .LVU76
 239 0100 0994     		str	r4, [sp, #36]
 454:Core/Src/main.c ****   HAL_GPIO_Init(B1_GPIO_Port, &GPIO_InitStruct);
 240              		.loc 1 454 3 is_stmt 1 view .LVU77
 241 0102 AAF5006A 		sub	r10, r10, #2048
 242 0106 2946     		mov	r1, r5
 243 0108 5046     		mov	r0, r10
 244 010a FFF7FEFF 		bl	HAL_GPIO_Init
 245              	.LVL6:
 455:Core/Src/main.c **** 
 456:Core/Src/main.c ****   /*Configure GPIO pin : BOOT1_Pin */
 457:Core/Src/main.c ****   GPIO_InitStruct.Pin = BOOT1_Pin;
 246              		.loc 1 457 3 view .LVU78
 247              		.loc 1 457 23 is_stmt 0 view .LVU79
 248 010e 0423     		movs	r3, #4
 249 0110 0793     		str	r3, [sp, #28]
 458:Core/Src/main.c ****   GPIO_InitStruct.Mode = GPIO_MODE_INPUT;
 250              		.loc 1 458 3 is_stmt 1 view .LVU80
 251              		.loc 1 458 24 is_stmt 0 view .LVU81
 252 0112 0894     		str	r4, [sp, #32]
 459:Core/Src/main.c ****   GPIO_InitStruct.Pull = GPIO_NOPULL;
 253              		.loc 1 459 3 is_stmt 1 view .LVU82
 254              		.loc 1 459 24 is_stmt 0 view .LVU83
 255 0114 0994     		str	r4, [sp, #36]
 460:Core/Src/main.c ****   HAL_GPIO_Init(BOOT1_GPIO_Port, &GPIO_InitStruct);
 256              		.loc 1 460 3 is_stmt 1 view .LVU84
 257 0116 2946     		mov	r1, r5
 258 0118 2148     		ldr	r0, .L3+4
 259 011a FFF7FEFF 		bl	HAL_GPIO_Init
 260              	.LVL7:
 461:Core/Src/main.c **** 
 462:Core/Src/main.c ****   /*Configure GPIO pin : CLK_IN_Pin */
 463:Core/Src/main.c ****   GPIO_InitStruct.Pin = CLK_IN_Pin;
 261              		.loc 1 463 3 view .LVU85
 262              		.loc 1 463 23 is_stmt 0 view .LVU86
 263 011e 4FF48063 		mov	r3, #1024
 264 0122 0793     		str	r3, [sp, #28]
 464:Core/Src/main.c ****   GPIO_InitStruct.Mode = GPIO_MODE_AF_PP;
 265              		.loc 1 464 3 is_stmt 1 view .LVU87
 266              		.loc 1 464 24 is_stmt 0 view .LVU88
 267 0124 0897     		str	r7, [sp, #32]
 465:Core/Src/main.c ****   GPIO_InitStruct.Pull = GPIO_NOPULL;
 268              		.loc 1 465 3 is_stmt 1 view .LVU89
 269              		.loc 1 465 24 is_stmt 0 view .LVU90
 270 0126 0994     		str	r4, [sp, #36]
 466:Core/Src/main.c ****   GPIO_InitStruct.Speed = GPIO_SPEED_FREQ_LOW;
 271              		.loc 1 466 3 is_stmt 1 view .LVU91
 272              		.loc 1 466 25 is_stmt 0 view .LVU92
 273 0128 0A94     		str	r4, [sp, #40]
 467:Core/Src/main.c ****   GPIO_InitStruct.Alternate = GPIO_AF5_SPI2;
 274              		.loc 1 467 3 is_stmt 1 view .LVU93
 275              		.loc 1 467 29 is_stmt 0 view .LVU94
ARM GAS  C:\Users\leejo\AppData\Local\Temp\ccAZ9B2V.s 			page 14


 276 012a CDF82CB0 		str	fp, [sp, #44]
 468:Core/Src/main.c ****   HAL_GPIO_Init(CLK_IN_GPIO_Port, &GPIO_InitStruct);
 277              		.loc 1 468 3 is_stmt 1 view .LVU95
 278 012e 2946     		mov	r1, r5
 279 0130 1B48     		ldr	r0, .L3+4
 280 0132 FFF7FEFF 		bl	HAL_GPIO_Init
 281              	.LVL8:
 469:Core/Src/main.c **** 
 470:Core/Src/main.c ****   /*Configure GPIO pins : LD4_Pin LD3_Pin LD5_Pin LD6_Pin
 471:Core/Src/main.c ****                            Audio_RST_Pin */
 472:Core/Src/main.c ****   GPIO_InitStruct.Pin = LD4_Pin|LD3_Pin|LD5_Pin|LD6_Pin
 282              		.loc 1 472 3 view .LVU96
 283              		.loc 1 472 23 is_stmt 0 view .LVU97
 284 0136 4FF21003 		movw	r3, #61456
 285 013a 0793     		str	r3, [sp, #28]
 473:Core/Src/main.c ****                           |Audio_RST_Pin;
 474:Core/Src/main.c ****   GPIO_InitStruct.Mode = GPIO_MODE_OUTPUT_PP;
 286              		.loc 1 474 3 is_stmt 1 view .LVU98
 287              		.loc 1 474 24 is_stmt 0 view .LVU99
 288 013c 0896     		str	r6, [sp, #32]
 475:Core/Src/main.c ****   GPIO_InitStruct.Pull = GPIO_NOPULL;
 289              		.loc 1 475 3 is_stmt 1 view .LVU100
 290              		.loc 1 475 24 is_stmt 0 view .LVU101
 291 013e 0994     		str	r4, [sp, #36]
 476:Core/Src/main.c ****   GPIO_InitStruct.Speed = GPIO_SPEED_FREQ_LOW;
 292              		.loc 1 476 3 is_stmt 1 view .LVU102
 293              		.loc 1 476 25 is_stmt 0 view .LVU103
 294 0140 0A94     		str	r4, [sp, #40]
 477:Core/Src/main.c ****   HAL_GPIO_Init(GPIOD, &GPIO_InitStruct);
 295              		.loc 1 477 3 is_stmt 1 view .LVU104
 296 0142 2946     		mov	r1, r5
 297 0144 4846     		mov	r0, r9
 298 0146 FFF7FEFF 		bl	HAL_GPIO_Init
 299              	.LVL9:
 478:Core/Src/main.c **** 
 479:Core/Src/main.c ****   /*Configure GPIO pin : VBUS_FS_Pin */
 480:Core/Src/main.c ****   GPIO_InitStruct.Pin = VBUS_FS_Pin;
 300              		.loc 1 480 3 view .LVU105
 301              		.loc 1 480 23 is_stmt 0 view .LVU106
 302 014a 4FF40073 		mov	r3, #512
 303 014e 0793     		str	r3, [sp, #28]
 481:Core/Src/main.c ****   GPIO_InitStruct.Mode = GPIO_MODE_INPUT;
 304              		.loc 1 481 3 is_stmt 1 view .LVU107
 305              		.loc 1 481 24 is_stmt 0 view .LVU108
 306 0150 0894     		str	r4, [sp, #32]
 482:Core/Src/main.c ****   GPIO_InitStruct.Pull = GPIO_NOPULL;
 307              		.loc 1 482 3 is_stmt 1 view .LVU109
 308              		.loc 1 482 24 is_stmt 0 view .LVU110
 309 0152 0994     		str	r4, [sp, #36]
 483:Core/Src/main.c ****   HAL_GPIO_Init(VBUS_FS_GPIO_Port, &GPIO_InitStruct);
 310              		.loc 1 483 3 is_stmt 1 view .LVU111
 311 0154 2946     		mov	r1, r5
 312 0156 5046     		mov	r0, r10
 313 0158 FFF7FEFF 		bl	HAL_GPIO_Init
 314              	.LVL10:
 484:Core/Src/main.c **** 
 485:Core/Src/main.c ****   /*Configure GPIO pins : OTG_FS_ID_Pin OTG_FS_DM_Pin OTG_FS_DP_Pin */
ARM GAS  C:\Users\leejo\AppData\Local\Temp\ccAZ9B2V.s 			page 15


 486:Core/Src/main.c ****   GPIO_InitStruct.Pin = OTG_FS_ID_Pin|OTG_FS_DM_Pin|OTG_FS_DP_Pin;
 315              		.loc 1 486 3 view .LVU112
 316              		.loc 1 486 23 is_stmt 0 view .LVU113
 317 015c 4FF4E053 		mov	r3, #7168
 318 0160 0793     		str	r3, [sp, #28]
 487:Core/Src/main.c ****   GPIO_InitStruct.Mode = GPIO_MODE_AF_PP;
 319              		.loc 1 487 3 is_stmt 1 view .LVU114
 320              		.loc 1 487 24 is_stmt 0 view .LVU115
 321 0162 0897     		str	r7, [sp, #32]
 488:Core/Src/main.c ****   GPIO_InitStruct.Pull = GPIO_NOPULL;
 322              		.loc 1 488 3 is_stmt 1 view .LVU116
 323              		.loc 1 488 24 is_stmt 0 view .LVU117
 324 0164 0994     		str	r4, [sp, #36]
 489:Core/Src/main.c ****   GPIO_InitStruct.Speed = GPIO_SPEED_FREQ_LOW;
 325              		.loc 1 489 3 is_stmt 1 view .LVU118
 326              		.loc 1 489 25 is_stmt 0 view .LVU119
 327 0166 0A94     		str	r4, [sp, #40]
 490:Core/Src/main.c ****   GPIO_InitStruct.Alternate = GPIO_AF10_OTG_FS;
 328              		.loc 1 490 3 is_stmt 1 view .LVU120
 329              		.loc 1 490 29 is_stmt 0 view .LVU121
 330 0168 0A23     		movs	r3, #10
 331 016a 0B93     		str	r3, [sp, #44]
 491:Core/Src/main.c ****   HAL_GPIO_Init(GPIOA, &GPIO_InitStruct);
 332              		.loc 1 491 3 is_stmt 1 view .LVU122
 333 016c 2946     		mov	r1, r5
 334 016e 5046     		mov	r0, r10
 335 0170 FFF7FEFF 		bl	HAL_GPIO_Init
 336              	.LVL11:
 492:Core/Src/main.c **** 
 493:Core/Src/main.c ****   /*Configure GPIO pin : OTG_FS_OverCurrent_Pin */
 494:Core/Src/main.c ****   GPIO_InitStruct.Pin = OTG_FS_OverCurrent_Pin;
 337              		.loc 1 494 3 view .LVU123
 338              		.loc 1 494 23 is_stmt 0 view .LVU124
 339 0174 2023     		movs	r3, #32
 340 0176 0793     		str	r3, [sp, #28]
 495:Core/Src/main.c ****   GPIO_InitStruct.Mode = GPIO_MODE_INPUT;
 341              		.loc 1 495 3 is_stmt 1 view .LVU125
 342              		.loc 1 495 24 is_stmt 0 view .LVU126
 343 0178 0894     		str	r4, [sp, #32]
 496:Core/Src/main.c ****   GPIO_InitStruct.Pull = GPIO_NOPULL;
 344              		.loc 1 496 3 is_stmt 1 view .LVU127
 345              		.loc 1 496 24 is_stmt 0 view .LVU128
 346 017a 0994     		str	r4, [sp, #36]
 497:Core/Src/main.c ****   HAL_GPIO_Init(OTG_FS_OverCurrent_GPIO_Port, &GPIO_InitStruct);
 347              		.loc 1 497 3 is_stmt 1 view .LVU129
 348 017c 2946     		mov	r1, r5
 349 017e 4846     		mov	r0, r9
 350 0180 FFF7FEFF 		bl	HAL_GPIO_Init
 351              	.LVL12:
 498:Core/Src/main.c **** 
 499:Core/Src/main.c ****   /*Configure GPIO pin : MEMS_INT2_Pin */
 500:Core/Src/main.c ****   GPIO_InitStruct.Pin = MEMS_INT2_Pin;
 352              		.loc 1 500 3 view .LVU130
 353              		.loc 1 500 23 is_stmt 0 view .LVU131
 354 0184 0797     		str	r7, [sp, #28]
 501:Core/Src/main.c ****   GPIO_InitStruct.Mode = GPIO_MODE_EVT_RISING;
 355              		.loc 1 501 3 is_stmt 1 view .LVU132
ARM GAS  C:\Users\leejo\AppData\Local\Temp\ccAZ9B2V.s 			page 16


 356              		.loc 1 501 24 is_stmt 0 view .LVU133
 357 0186 4FF49013 		mov	r3, #1179648
 358 018a 0893     		str	r3, [sp, #32]
 502:Core/Src/main.c ****   GPIO_InitStruct.Pull = GPIO_NOPULL;
 359              		.loc 1 502 3 is_stmt 1 view .LVU134
 360              		.loc 1 502 24 is_stmt 0 view .LVU135
 361 018c 0994     		str	r4, [sp, #36]
 503:Core/Src/main.c ****   HAL_GPIO_Init(MEMS_INT2_GPIO_Port, &GPIO_InitStruct);
 362              		.loc 1 503 3 is_stmt 1 view .LVU136
 363 018e 2946     		mov	r1, r5
 364 0190 4046     		mov	r0, r8
 365 0192 FFF7FEFF 		bl	HAL_GPIO_Init
 366              	.LVL13:
 504:Core/Src/main.c **** 
 505:Core/Src/main.c ****   /* USER CODE BEGIN MX_GPIO_Init_2 */
 506:Core/Src/main.c **** 
 507:Core/Src/main.c ****   /* USER CODE END MX_GPIO_Init_2 */
 508:Core/Src/main.c **** }
 367              		.loc 1 508 1 is_stmt 0 view .LVU137
 368 0196 0DB0     		add	sp, sp, #52
 369              		.cfi_def_cfa_offset 36
 370              		@ sp needed
 371 0198 BDE8F08F 		pop	{r4, r5, r6, r7, r8, r9, r10, fp, pc}
 372              	.L4:
 373              		.align	2
 374              	.L3:
 375 019c 00380240 		.word	1073887232
 376 01a0 00040240 		.word	1073873920
 377 01a4 00100240 		.word	1073876992
 378 01a8 00080240 		.word	1073874944
 379 01ac 000C0240 		.word	1073875968
 380              		.cfi_endproc
 381              	.LFE146:
 383              		.section	.text.MX_DMA_Init,"ax",%progbits
 384              		.align	1
 385              		.syntax unified
 386              		.thumb
 387              		.thumb_func
 389              	MX_DMA_Init:
 390              	.LFB145:
 380:Core/Src/main.c **** 
 391              		.loc 1 380 1 is_stmt 1 view -0
 392              		.cfi_startproc
 393              		@ args = 0, pretend = 0, frame = 8
 394              		@ frame_needed = 0, uses_anonymous_args = 0
 395 0000 10B5     		push	{r4, lr}
 396              		.cfi_def_cfa_offset 8
 397              		.cfi_offset 4, -8
 398              		.cfi_offset 14, -4
 399 0002 82B0     		sub	sp, sp, #8
 400              		.cfi_def_cfa_offset 16
 383:Core/Src/main.c **** 
 401              		.loc 1 383 3 view .LVU139
 402              	.LBB10:
 383:Core/Src/main.c **** 
 403              		.loc 1 383 3 view .LVU140
 404 0004 0024     		movs	r4, #0
ARM GAS  C:\Users\leejo\AppData\Local\Temp\ccAZ9B2V.s 			page 17


 405 0006 0194     		str	r4, [sp, #4]
 383:Core/Src/main.c **** 
 406              		.loc 1 383 3 view .LVU141
 407 0008 114B     		ldr	r3, .L7
 408 000a 1A6B     		ldr	r2, [r3, #48]
 409 000c 42F40012 		orr	r2, r2, #2097152
 410 0010 1A63     		str	r2, [r3, #48]
 383:Core/Src/main.c **** 
 411              		.loc 1 383 3 view .LVU142
 412 0012 1B6B     		ldr	r3, [r3, #48]
 413 0014 03F40013 		and	r3, r3, #2097152
 414 0018 0193     		str	r3, [sp, #4]
 383:Core/Src/main.c **** 
 415              		.loc 1 383 3 view .LVU143
 416 001a 019B     		ldr	r3, [sp, #4]
 417              	.LBE10:
 383:Core/Src/main.c **** 
 418              		.loc 1 383 3 view .LVU144
 387:Core/Src/main.c ****   HAL_NVIC_EnableIRQ(DMA1_Stream0_IRQn);
 419              		.loc 1 387 3 view .LVU145
 420 001c 2246     		mov	r2, r4
 421 001e 0521     		movs	r1, #5
 422 0020 0B20     		movs	r0, #11
 423 0022 FFF7FEFF 		bl	HAL_NVIC_SetPriority
 424              	.LVL14:
 388:Core/Src/main.c ****   /* DMA1_Stream3_IRQn interrupt configuration */
 425              		.loc 1 388 3 view .LVU146
 426 0026 0B20     		movs	r0, #11
 427 0028 FFF7FEFF 		bl	HAL_NVIC_EnableIRQ
 428              	.LVL15:
 390:Core/Src/main.c ****   HAL_NVIC_EnableIRQ(DMA1_Stream3_IRQn);
 429              		.loc 1 390 3 view .LVU147
 430 002c 2246     		mov	r2, r4
 431 002e 0521     		movs	r1, #5
 432 0030 0E20     		movs	r0, #14
 433 0032 FFF7FEFF 		bl	HAL_NVIC_SetPriority
 434              	.LVL16:
 391:Core/Src/main.c ****   /* DMA1_Stream5_IRQn interrupt configuration */
 435              		.loc 1 391 3 view .LVU148
 436 0036 0E20     		movs	r0, #14
 437 0038 FFF7FEFF 		bl	HAL_NVIC_EnableIRQ
 438              	.LVL17:
 393:Core/Src/main.c ****   HAL_NVIC_EnableIRQ(DMA1_Stream5_IRQn);
 439              		.loc 1 393 3 view .LVU149
 440 003c 2246     		mov	r2, r4
 441 003e 0521     		movs	r1, #5
 442 0040 1020     		movs	r0, #16
 443 0042 FFF7FEFF 		bl	HAL_NVIC_SetPriority
 444              	.LVL18:
 394:Core/Src/main.c **** 
 445              		.loc 1 394 3 view .LVU150
 446 0046 1020     		movs	r0, #16
 447 0048 FFF7FEFF 		bl	HAL_NVIC_EnableIRQ
 448              	.LVL19:
 396:Core/Src/main.c **** 
 449              		.loc 1 396 1 is_stmt 0 view .LVU151
 450 004c 02B0     		add	sp, sp, #8
ARM GAS  C:\Users\leejo\AppData\Local\Temp\ccAZ9B2V.s 			page 18


 451              		.cfi_def_cfa_offset 8
 452              		@ sp needed
 453 004e 10BD     		pop	{r4, pc}
 454              	.L8:
 455              		.align	2
 456              	.L7:
 457 0050 00380240 		.word	1073887232
 458              		.cfi_endproc
 459              	.LFE145:
 461              		.section	.text.StartDefaultTask,"ax",%progbits
 462              		.align	1
 463              		.global	StartDefaultTask
 464              		.syntax unified
 465              		.thumb
 466              		.thumb_func
 468              	StartDefaultTask:
 469              	.LFB148:
 509:Core/Src/main.c **** 
 510:Core/Src/main.c **** /* USER CODE BEGIN 4 */
 511:Core/Src/main.c **** void HAL_SPI_RxCpltCallback(SPI_HandleTypeDef *hspi)
 512:Core/Src/main.c **** {
 513:Core/Src/main.c ****     if (hspi->Instance == SPI2)
 514:Core/Src/main.c ****     {
 515:Core/Src/main.c ****         gesture = spi_rx_buf[0];
 516:Core/Src/main.c ****         // gesture =1;
 517:Core/Src/main.c ****         intensity = spi_rx_buf[1];
 518:Core/Src/main.c **** 
 519:Core/Src/main.c ****         HAL_GPIO_TogglePin(GPIOD, LD6_Pin);
 520:Core/Src/main.c **** 
 521:Core/Src/main.c ****         osSemaphoreRelease(spiSemHandle);
 522:Core/Src/main.c **** 
 523:Core/Src/main.c ****         HAL_SPI_Receive_DMA(&hspi2, spi_rx_buf, 2);
 524:Core/Src/main.c ****     }
 525:Core/Src/main.c **** }
 526:Core/Src/main.c **** /* USER CODE END 4 */
 527:Core/Src/main.c **** 
 528:Core/Src/main.c **** /* USER CODE BEGIN Header_StartDefaultTask */
 529:Core/Src/main.c **** /**
 530:Core/Src/main.c ****   * @brief  Function implementing the defaultTask thread.
 531:Core/Src/main.c ****   * @param  argument: Not used
 532:Core/Src/main.c ****   * @retval None
 533:Core/Src/main.c ****   */
 534:Core/Src/main.c **** /* USER CODE END Header_StartDefaultTask */
 535:Core/Src/main.c **** void StartDefaultTask(void const * argument)
 536:Core/Src/main.c **** {
 470              		.loc 1 536 1 is_stmt 1 view -0
 471              		.cfi_startproc
 472              		@ Volatile: function does not return.
 473              		@ args = 0, pretend = 0, frame = 0
 474              		@ frame_needed = 0, uses_anonymous_args = 0
 475              	.LVL20:
 476              		.loc 1 536 1 is_stmt 0 view .LVU153
 477 0000 08B5     		push	{r3, lr}
 478              		.cfi_def_cfa_offset 8
 479              		.cfi_offset 3, -8
 480              		.cfi_offset 14, -4
 481              	.LVL21:
ARM GAS  C:\Users\leejo\AppData\Local\Temp\ccAZ9B2V.s 			page 19


 482              	.L10:
 537:Core/Src/main.c ****   /* USER CODE BEGIN 5 */
 538:Core/Src/main.c ****   /* Infinite loop */
 539:Core/Src/main.c ****   for(;;)
 483              		.loc 1 539 3 is_stmt 1 view .LVU154
 540:Core/Src/main.c ****   {
 541:Core/Src/main.c ****     HAL_GPIO_TogglePin(GPIOD, GPIO_PIN_12);
 484              		.loc 1 541 5 view .LVU155
 485 0002 4FF48051 		mov	r1, #4096
 486 0006 0448     		ldr	r0, .L12
 487 0008 FFF7FEFF 		bl	HAL_GPIO_TogglePin
 488              	.LVL22:
 542:Core/Src/main.c ****     osDelay(500);
 489              		.loc 1 542 5 discriminator 2 view .LVU156
 490 000c 4FF4FA70 		mov	r0, #500
 491 0010 FFF7FEFF 		bl	osDelay
 492              	.LVL23:
 539:Core/Src/main.c ****   {
 493              		.loc 1 539 3 view .LVU157
 494 0014 F5E7     		b	.L10
 495              	.L13:
 496 0016 00BF     		.align	2
 497              	.L12:
 498 0018 000C0240 		.word	1073875968
 499              		.cfi_endproc
 500              	.LFE148:
 502              		.section	.text.HAL_SPI_RxCpltCallback,"ax",%progbits
 503              		.align	1
 504              		.global	HAL_SPI_RxCpltCallback
 505              		.syntax unified
 506              		.thumb
 507              		.thumb_func
 509              	HAL_SPI_RxCpltCallback:
 510              	.LVL24:
 511              	.LFB147:
 512:Core/Src/main.c ****     if (hspi->Instance == SPI2)
 512              		.loc 1 512 1 view -0
 513              		.cfi_startproc
 514              		@ args = 0, pretend = 0, frame = 0
 515              		@ frame_needed = 0, uses_anonymous_args = 0
 512:Core/Src/main.c ****     if (hspi->Instance == SPI2)
 516              		.loc 1 512 1 is_stmt 0 view .LVU159
 517 0000 08B5     		push	{r3, lr}
 518              		.cfi_def_cfa_offset 8
 519              		.cfi_offset 3, -8
 520              		.cfi_offset 14, -4
 513:Core/Src/main.c ****     {
 521              		.loc 1 513 5 is_stmt 1 view .LVU160
 513:Core/Src/main.c ****     {
 522              		.loc 1 513 13 is_stmt 0 view .LVU161
 523 0002 0268     		ldr	r2, [r0]
 513:Core/Src/main.c ****     {
 524              		.loc 1 513 8 view .LVU162
 525 0004 0C4B     		ldr	r3, .L18
 526 0006 9A42     		cmp	r2, r3
 527 0008 00D0     		beq	.L17
 528              	.LVL25:
ARM GAS  C:\Users\leejo\AppData\Local\Temp\ccAZ9B2V.s 			page 20


 529              	.L14:
 525:Core/Src/main.c **** /* USER CODE END 4 */
 530              		.loc 1 525 1 view .LVU163
 531 000a 08BD     		pop	{r3, pc}
 532              	.LVL26:
 533              	.L17:
 515:Core/Src/main.c ****         // gesture =1;
 534              		.loc 1 515 9 is_stmt 1 view .LVU164
 515:Core/Src/main.c ****         // gesture =1;
 535              		.loc 1 515 29 is_stmt 0 view .LVU165
 536 000c 0B49     		ldr	r1, .L18+4
 537 000e 0A78     		ldrb	r2, [r1]	@ zero_extendqisi2
 515:Core/Src/main.c ****         // gesture =1;
 538              		.loc 1 515 17 view .LVU166
 539 0010 0B4B     		ldr	r3, .L18+8
 540 0012 1A70     		strb	r2, [r3]
 517:Core/Src/main.c **** 
 541              		.loc 1 517 9 is_stmt 1 view .LVU167
 517:Core/Src/main.c **** 
 542              		.loc 1 517 31 is_stmt 0 view .LVU168
 543 0014 4A78     		ldrb	r2, [r1, #1]	@ zero_extendqisi2
 517:Core/Src/main.c **** 
 544              		.loc 1 517 19 view .LVU169
 545 0016 0B4B     		ldr	r3, .L18+12
 546 0018 1A70     		strb	r2, [r3]
 519:Core/Src/main.c **** 
 547              		.loc 1 519 9 is_stmt 1 view .LVU170
 548 001a 4FF40041 		mov	r1, #32768
 549 001e 0A48     		ldr	r0, .L18+16
 550              	.LVL27:
 519:Core/Src/main.c **** 
 551              		.loc 1 519 9 is_stmt 0 view .LVU171
 552 0020 FFF7FEFF 		bl	HAL_GPIO_TogglePin
 553              	.LVL28:
 521:Core/Src/main.c **** 
 554              		.loc 1 521 9 is_stmt 1 view .LVU172
 555 0024 094B     		ldr	r3, .L18+20
 556 0026 1868     		ldr	r0, [r3]
 557 0028 FFF7FEFF 		bl	osSemaphoreRelease
 558              	.LVL29:
 523:Core/Src/main.c ****     }
 559              		.loc 1 523 9 view .LVU173
 560 002c 0222     		movs	r2, #2
 561 002e 0349     		ldr	r1, .L18+4
 562 0030 0748     		ldr	r0, .L18+24
 563 0032 FFF7FEFF 		bl	HAL_SPI_Receive_DMA
 564              	.LVL30:
 525:Core/Src/main.c **** /* USER CODE END 4 */
 565              		.loc 1 525 1 is_stmt 0 view .LVU174
 566 0036 E8E7     		b	.L14
 567              	.L19:
 568              		.align	2
 569              	.L18:
 570 0038 00380040 		.word	1073756160
 571 003c 00000000 		.word	spi_rx_buf
 572 0040 00000000 		.word	gesture
 573 0044 00000000 		.word	intensity
ARM GAS  C:\Users\leejo\AppData\Local\Temp\ccAZ9B2V.s 			page 21


 574 0048 000C0240 		.word	1073875968
 575 004c 00000000 		.word	spiSemHandle
 576 0050 00000000 		.word	hspi2
 577              		.cfi_endproc
 578              	.LFE147:
 580              		.section	.text.HAL_TIM_PeriodElapsedCallback,"ax",%progbits
 581              		.align	1
 582              		.global	HAL_TIM_PeriodElapsedCallback
 583              		.syntax unified
 584              		.thumb
 585              		.thumb_func
 587              	HAL_TIM_PeriodElapsedCallback:
 588              	.LVL31:
 589              	.LFB149:
 543:Core/Src/main.c ****   }
 544:Core/Src/main.c ****   /* USER CODE END 5 */
 545:Core/Src/main.c **** }
 546:Core/Src/main.c **** 
 547:Core/Src/main.c **** /**
 548:Core/Src/main.c ****   * @brief  Period elapsed callback in non blocking mode
 549:Core/Src/main.c ****   * @note   This function is called  when TIM1 interrupt took place, inside
 550:Core/Src/main.c ****   * HAL_TIM_IRQHandler(). It makes a direct call to HAL_IncTick() to increment
 551:Core/Src/main.c ****   * a global variable "uwTick" used as application time base.
 552:Core/Src/main.c ****   * @param  htim : TIM handle
 553:Core/Src/main.c ****   * @retval None
 554:Core/Src/main.c ****   */
 555:Core/Src/main.c **** void HAL_TIM_PeriodElapsedCallback(TIM_HandleTypeDef *htim)
 556:Core/Src/main.c **** {
 590              		.loc 1 556 1 is_stmt 1 view -0
 591              		.cfi_startproc
 592              		@ args = 0, pretend = 0, frame = 0
 593              		@ frame_needed = 0, uses_anonymous_args = 0
 594              		.loc 1 556 1 is_stmt 0 view .LVU176
 595 0000 08B5     		push	{r3, lr}
 596              		.cfi_def_cfa_offset 8
 597              		.cfi_offset 3, -8
 598              		.cfi_offset 14, -4
 557:Core/Src/main.c ****   /* USER CODE BEGIN Callback 0 */
 558:Core/Src/main.c **** 
 559:Core/Src/main.c ****   /* USER CODE END Callback 0 */
 560:Core/Src/main.c ****   if (htim->Instance == TIM1)
 599              		.loc 1 560 3 is_stmt 1 view .LVU177
 600              		.loc 1 560 11 is_stmt 0 view .LVU178
 601 0002 0268     		ldr	r2, [r0]
 602              		.loc 1 560 6 view .LVU179
 603 0004 034B     		ldr	r3, .L24
 604 0006 9A42     		cmp	r2, r3
 605 0008 00D0     		beq	.L23
 606              	.LVL32:
 607              	.L20:
 561:Core/Src/main.c ****   {
 562:Core/Src/main.c ****     HAL_IncTick();
 563:Core/Src/main.c ****   }
 564:Core/Src/main.c ****   /* USER CODE BEGIN Callback 1 */
 565:Core/Src/main.c **** 
 566:Core/Src/main.c ****   /* USER CODE END Callback 1 */
 567:Core/Src/main.c **** }
ARM GAS  C:\Users\leejo\AppData\Local\Temp\ccAZ9B2V.s 			page 22


 608              		.loc 1 567 1 view .LVU180
 609 000a 08BD     		pop	{r3, pc}
 610              	.LVL33:
 611              	.L23:
 562:Core/Src/main.c ****   }
 612              		.loc 1 562 5 is_stmt 1 view .LVU181
 613 000c FFF7FEFF 		bl	HAL_IncTick
 614              	.LVL34:
 615              		.loc 1 567 1 is_stmt 0 view .LVU182
 616 0010 FBE7     		b	.L20
 617              	.L25:
 618 0012 00BF     		.align	2
 619              	.L24:
 620 0014 00000140 		.word	1073807360
 621              		.cfi_endproc
 622              	.LFE149:
 624              		.section	.text.Error_Handler,"ax",%progbits
 625              		.align	1
 626              		.global	Error_Handler
 627              		.syntax unified
 628              		.thumb
 629              		.thumb_func
 631              	Error_Handler:
 632              	.LFB150:
 568:Core/Src/main.c **** 
 569:Core/Src/main.c **** /**
 570:Core/Src/main.c ****   * @brief  This function is executed in case of error occurrence.
 571:Core/Src/main.c ****   * @retval None
 572:Core/Src/main.c ****   */
 573:Core/Src/main.c **** void Error_Handler(void)
 574:Core/Src/main.c **** {
 633              		.loc 1 574 1 is_stmt 1 view -0
 634              		.cfi_startproc
 635              		@ Volatile: function does not return.
 636              		@ args = 0, pretend = 0, frame = 0
 637              		@ frame_needed = 0, uses_anonymous_args = 0
 638              		@ link register save eliminated.
 575:Core/Src/main.c ****   /* USER CODE BEGIN Error_Handler_Debug */
 576:Core/Src/main.c ****   /* User can add his own implementation to report the HAL error return state */
 577:Core/Src/main.c ****   __disable_irq();
 639              		.loc 1 577 3 view .LVU184
 640              	.LBB11:
 641              	.LBI11:
 642              		.file 2 "Drivers/CMSIS/Include/cmsis_gcc.h"
   1:Drivers/CMSIS/Include/cmsis_gcc.h **** /**************************************************************************//**
   2:Drivers/CMSIS/Include/cmsis_gcc.h ****  * @file     cmsis_gcc.h
   3:Drivers/CMSIS/Include/cmsis_gcc.h ****  * @brief    CMSIS compiler GCC header file
   4:Drivers/CMSIS/Include/cmsis_gcc.h ****  * @version  V5.4.1
   5:Drivers/CMSIS/Include/cmsis_gcc.h ****  * @date     27. May 2021
   6:Drivers/CMSIS/Include/cmsis_gcc.h ****  ******************************************************************************/
   7:Drivers/CMSIS/Include/cmsis_gcc.h **** /*
   8:Drivers/CMSIS/Include/cmsis_gcc.h ****  * Copyright (c) 2009-2021 Arm Limited. All rights reserved.
   9:Drivers/CMSIS/Include/cmsis_gcc.h ****  *
  10:Drivers/CMSIS/Include/cmsis_gcc.h ****  * SPDX-License-Identifier: Apache-2.0
  11:Drivers/CMSIS/Include/cmsis_gcc.h ****  *
  12:Drivers/CMSIS/Include/cmsis_gcc.h ****  * Licensed under the Apache License, Version 2.0 (the License); you may
  13:Drivers/CMSIS/Include/cmsis_gcc.h ****  * not use this file except in compliance with the License.
ARM GAS  C:\Users\leejo\AppData\Local\Temp\ccAZ9B2V.s 			page 23


  14:Drivers/CMSIS/Include/cmsis_gcc.h ****  * You may obtain a copy of the License at
  15:Drivers/CMSIS/Include/cmsis_gcc.h ****  *
  16:Drivers/CMSIS/Include/cmsis_gcc.h ****  * www.apache.org/licenses/LICENSE-2.0
  17:Drivers/CMSIS/Include/cmsis_gcc.h ****  *
  18:Drivers/CMSIS/Include/cmsis_gcc.h ****  * Unless required by applicable law or agreed to in writing, software
  19:Drivers/CMSIS/Include/cmsis_gcc.h ****  * distributed under the License is distributed on an AS IS BASIS, WITHOUT
  20:Drivers/CMSIS/Include/cmsis_gcc.h ****  * WARRANTIES OR CONDITIONS OF ANY KIND, either express or implied.
  21:Drivers/CMSIS/Include/cmsis_gcc.h ****  * See the License for the specific language governing permissions and
  22:Drivers/CMSIS/Include/cmsis_gcc.h ****  * limitations under the License.
  23:Drivers/CMSIS/Include/cmsis_gcc.h ****  */
  24:Drivers/CMSIS/Include/cmsis_gcc.h **** 
  25:Drivers/CMSIS/Include/cmsis_gcc.h **** #ifndef __CMSIS_GCC_H
  26:Drivers/CMSIS/Include/cmsis_gcc.h **** #define __CMSIS_GCC_H
  27:Drivers/CMSIS/Include/cmsis_gcc.h **** 
  28:Drivers/CMSIS/Include/cmsis_gcc.h **** /* ignore some GCC warnings */
  29:Drivers/CMSIS/Include/cmsis_gcc.h **** #pragma GCC diagnostic push
  30:Drivers/CMSIS/Include/cmsis_gcc.h **** #pragma GCC diagnostic ignored "-Wsign-conversion"
  31:Drivers/CMSIS/Include/cmsis_gcc.h **** #pragma GCC diagnostic ignored "-Wconversion"
  32:Drivers/CMSIS/Include/cmsis_gcc.h **** #pragma GCC diagnostic ignored "-Wunused-parameter"
  33:Drivers/CMSIS/Include/cmsis_gcc.h **** 
  34:Drivers/CMSIS/Include/cmsis_gcc.h **** /* Fallback for __has_builtin */
  35:Drivers/CMSIS/Include/cmsis_gcc.h **** #ifndef __has_builtin
  36:Drivers/CMSIS/Include/cmsis_gcc.h ****   #define __has_builtin(x) (0)
  37:Drivers/CMSIS/Include/cmsis_gcc.h **** #endif
  38:Drivers/CMSIS/Include/cmsis_gcc.h **** 
  39:Drivers/CMSIS/Include/cmsis_gcc.h **** /* CMSIS compiler specific defines */
  40:Drivers/CMSIS/Include/cmsis_gcc.h **** #ifndef   __ASM
  41:Drivers/CMSIS/Include/cmsis_gcc.h ****   #define __ASM                                  __asm
  42:Drivers/CMSIS/Include/cmsis_gcc.h **** #endif
  43:Drivers/CMSIS/Include/cmsis_gcc.h **** #ifndef   __INLINE
  44:Drivers/CMSIS/Include/cmsis_gcc.h ****   #define __INLINE                               inline
  45:Drivers/CMSIS/Include/cmsis_gcc.h **** #endif
  46:Drivers/CMSIS/Include/cmsis_gcc.h **** #ifndef   __STATIC_INLINE
  47:Drivers/CMSIS/Include/cmsis_gcc.h ****   #define __STATIC_INLINE                        static inline
  48:Drivers/CMSIS/Include/cmsis_gcc.h **** #endif
  49:Drivers/CMSIS/Include/cmsis_gcc.h **** #ifndef   __STATIC_FORCEINLINE
  50:Drivers/CMSIS/Include/cmsis_gcc.h ****   #define __STATIC_FORCEINLINE                   __attribute__((always_inline)) static inline
  51:Drivers/CMSIS/Include/cmsis_gcc.h **** #endif
  52:Drivers/CMSIS/Include/cmsis_gcc.h **** #ifndef   __NO_RETURN
  53:Drivers/CMSIS/Include/cmsis_gcc.h ****   #define __NO_RETURN                            __attribute__((__noreturn__))
  54:Drivers/CMSIS/Include/cmsis_gcc.h **** #endif
  55:Drivers/CMSIS/Include/cmsis_gcc.h **** #ifndef   __USED
  56:Drivers/CMSIS/Include/cmsis_gcc.h ****   #define __USED                                 __attribute__((used))
  57:Drivers/CMSIS/Include/cmsis_gcc.h **** #endif
  58:Drivers/CMSIS/Include/cmsis_gcc.h **** #ifndef   __WEAK
  59:Drivers/CMSIS/Include/cmsis_gcc.h ****   #define __WEAK                                 __attribute__((weak))
  60:Drivers/CMSIS/Include/cmsis_gcc.h **** #endif
  61:Drivers/CMSIS/Include/cmsis_gcc.h **** #ifndef   __PACKED
  62:Drivers/CMSIS/Include/cmsis_gcc.h ****   #define __PACKED                               __attribute__((packed, aligned(1)))
  63:Drivers/CMSIS/Include/cmsis_gcc.h **** #endif
  64:Drivers/CMSIS/Include/cmsis_gcc.h **** #ifndef   __PACKED_STRUCT
  65:Drivers/CMSIS/Include/cmsis_gcc.h ****   #define __PACKED_STRUCT                        struct __attribute__((packed, aligned(1)))
  66:Drivers/CMSIS/Include/cmsis_gcc.h **** #endif
  67:Drivers/CMSIS/Include/cmsis_gcc.h **** #ifndef   __PACKED_UNION
  68:Drivers/CMSIS/Include/cmsis_gcc.h ****   #define __PACKED_UNION                         union __attribute__((packed, aligned(1)))
  69:Drivers/CMSIS/Include/cmsis_gcc.h **** #endif
  70:Drivers/CMSIS/Include/cmsis_gcc.h **** #ifndef   __UNALIGNED_UINT32        /* deprecated */
ARM GAS  C:\Users\leejo\AppData\Local\Temp\ccAZ9B2V.s 			page 24


  71:Drivers/CMSIS/Include/cmsis_gcc.h ****   #pragma GCC diagnostic push
  72:Drivers/CMSIS/Include/cmsis_gcc.h ****   #pragma GCC diagnostic ignored "-Wpacked"
  73:Drivers/CMSIS/Include/cmsis_gcc.h ****   #pragma GCC diagnostic ignored "-Wattributes"
  74:Drivers/CMSIS/Include/cmsis_gcc.h ****   struct __attribute__((packed)) T_UINT32 { uint32_t v; };
  75:Drivers/CMSIS/Include/cmsis_gcc.h ****   #pragma GCC diagnostic pop
  76:Drivers/CMSIS/Include/cmsis_gcc.h ****   #define __UNALIGNED_UINT32(x)                  (((struct T_UINT32 *)(x))->v)
  77:Drivers/CMSIS/Include/cmsis_gcc.h **** #endif
  78:Drivers/CMSIS/Include/cmsis_gcc.h **** #ifndef   __UNALIGNED_UINT16_WRITE
  79:Drivers/CMSIS/Include/cmsis_gcc.h ****   #pragma GCC diagnostic push
  80:Drivers/CMSIS/Include/cmsis_gcc.h ****   #pragma GCC diagnostic ignored "-Wpacked"
  81:Drivers/CMSIS/Include/cmsis_gcc.h ****   #pragma GCC diagnostic ignored "-Wattributes"
  82:Drivers/CMSIS/Include/cmsis_gcc.h ****   __PACKED_STRUCT T_UINT16_WRITE { uint16_t v; };
  83:Drivers/CMSIS/Include/cmsis_gcc.h ****   #pragma GCC diagnostic pop
  84:Drivers/CMSIS/Include/cmsis_gcc.h ****   #define __UNALIGNED_UINT16_WRITE(addr, val)    (void)((((struct T_UINT16_WRITE *)(void *)(addr))-
  85:Drivers/CMSIS/Include/cmsis_gcc.h **** #endif
  86:Drivers/CMSIS/Include/cmsis_gcc.h **** #ifndef   __UNALIGNED_UINT16_READ
  87:Drivers/CMSIS/Include/cmsis_gcc.h ****   #pragma GCC diagnostic push
  88:Drivers/CMSIS/Include/cmsis_gcc.h ****   #pragma GCC diagnostic ignored "-Wpacked"
  89:Drivers/CMSIS/Include/cmsis_gcc.h ****   #pragma GCC diagnostic ignored "-Wattributes"
  90:Drivers/CMSIS/Include/cmsis_gcc.h ****   __PACKED_STRUCT T_UINT16_READ { uint16_t v; };
  91:Drivers/CMSIS/Include/cmsis_gcc.h ****   #pragma GCC diagnostic pop
  92:Drivers/CMSIS/Include/cmsis_gcc.h ****   #define __UNALIGNED_UINT16_READ(addr)          (((const struct T_UINT16_READ *)(const void *)(add
  93:Drivers/CMSIS/Include/cmsis_gcc.h **** #endif
  94:Drivers/CMSIS/Include/cmsis_gcc.h **** #ifndef   __UNALIGNED_UINT32_WRITE
  95:Drivers/CMSIS/Include/cmsis_gcc.h ****   #pragma GCC diagnostic push
  96:Drivers/CMSIS/Include/cmsis_gcc.h ****   #pragma GCC diagnostic ignored "-Wpacked"
  97:Drivers/CMSIS/Include/cmsis_gcc.h ****   #pragma GCC diagnostic ignored "-Wattributes"
  98:Drivers/CMSIS/Include/cmsis_gcc.h ****   __PACKED_STRUCT T_UINT32_WRITE { uint32_t v; };
  99:Drivers/CMSIS/Include/cmsis_gcc.h ****   #pragma GCC diagnostic pop
 100:Drivers/CMSIS/Include/cmsis_gcc.h ****   #define __UNALIGNED_UINT32_WRITE(addr, val)    (void)((((struct T_UINT32_WRITE *)(void *)(addr))-
 101:Drivers/CMSIS/Include/cmsis_gcc.h **** #endif
 102:Drivers/CMSIS/Include/cmsis_gcc.h **** #ifndef   __UNALIGNED_UINT32_READ
 103:Drivers/CMSIS/Include/cmsis_gcc.h ****   #pragma GCC diagnostic push
 104:Drivers/CMSIS/Include/cmsis_gcc.h ****   #pragma GCC diagnostic ignored "-Wpacked"
 105:Drivers/CMSIS/Include/cmsis_gcc.h ****   #pragma GCC diagnostic ignored "-Wattributes"
 106:Drivers/CMSIS/Include/cmsis_gcc.h ****   __PACKED_STRUCT T_UINT32_READ { uint32_t v; };
 107:Drivers/CMSIS/Include/cmsis_gcc.h ****   #pragma GCC diagnostic pop
 108:Drivers/CMSIS/Include/cmsis_gcc.h ****   #define __UNALIGNED_UINT32_READ(addr)          (((const struct T_UINT32_READ *)(const void *)(add
 109:Drivers/CMSIS/Include/cmsis_gcc.h **** #endif
 110:Drivers/CMSIS/Include/cmsis_gcc.h **** #ifndef   __ALIGNED
 111:Drivers/CMSIS/Include/cmsis_gcc.h ****   #define __ALIGNED(x)                           __attribute__((aligned(x)))
 112:Drivers/CMSIS/Include/cmsis_gcc.h **** #endif
 113:Drivers/CMSIS/Include/cmsis_gcc.h **** #ifndef   __RESTRICT
 114:Drivers/CMSIS/Include/cmsis_gcc.h ****   #define __RESTRICT                             __restrict
 115:Drivers/CMSIS/Include/cmsis_gcc.h **** #endif
 116:Drivers/CMSIS/Include/cmsis_gcc.h **** #ifndef   __COMPILER_BARRIER
 117:Drivers/CMSIS/Include/cmsis_gcc.h ****   #define __COMPILER_BARRIER()                   __ASM volatile("":::"memory")
 118:Drivers/CMSIS/Include/cmsis_gcc.h **** #endif
 119:Drivers/CMSIS/Include/cmsis_gcc.h **** 
 120:Drivers/CMSIS/Include/cmsis_gcc.h **** /* #########################  Startup and Lowlevel Init  ######################## */
 121:Drivers/CMSIS/Include/cmsis_gcc.h **** 
 122:Drivers/CMSIS/Include/cmsis_gcc.h **** #ifndef __PROGRAM_START
 123:Drivers/CMSIS/Include/cmsis_gcc.h **** 
 124:Drivers/CMSIS/Include/cmsis_gcc.h **** /**
 125:Drivers/CMSIS/Include/cmsis_gcc.h ****   \brief   Initializes data and bss sections
 126:Drivers/CMSIS/Include/cmsis_gcc.h ****   \details This default implementations initialized all data and additional bss
 127:Drivers/CMSIS/Include/cmsis_gcc.h ****            sections relying on .copy.table and .zero.table specified properly
ARM GAS  C:\Users\leejo\AppData\Local\Temp\ccAZ9B2V.s 			page 25


 128:Drivers/CMSIS/Include/cmsis_gcc.h ****            in the used linker script.
 129:Drivers/CMSIS/Include/cmsis_gcc.h **** 
 130:Drivers/CMSIS/Include/cmsis_gcc.h ****  */
 131:Drivers/CMSIS/Include/cmsis_gcc.h **** __STATIC_FORCEINLINE __NO_RETURN void __cmsis_start(void)
 132:Drivers/CMSIS/Include/cmsis_gcc.h **** {
 133:Drivers/CMSIS/Include/cmsis_gcc.h ****   extern void _start(void) __NO_RETURN;
 134:Drivers/CMSIS/Include/cmsis_gcc.h **** 
 135:Drivers/CMSIS/Include/cmsis_gcc.h ****   typedef struct {
 136:Drivers/CMSIS/Include/cmsis_gcc.h ****     uint32_t const* src;
 137:Drivers/CMSIS/Include/cmsis_gcc.h ****     uint32_t* dest;
 138:Drivers/CMSIS/Include/cmsis_gcc.h ****     uint32_t  wlen;
 139:Drivers/CMSIS/Include/cmsis_gcc.h ****   } __copy_table_t;
 140:Drivers/CMSIS/Include/cmsis_gcc.h **** 
 141:Drivers/CMSIS/Include/cmsis_gcc.h ****   typedef struct {
 142:Drivers/CMSIS/Include/cmsis_gcc.h ****     uint32_t* dest;
 143:Drivers/CMSIS/Include/cmsis_gcc.h ****     uint32_t  wlen;
 144:Drivers/CMSIS/Include/cmsis_gcc.h ****   } __zero_table_t;
 145:Drivers/CMSIS/Include/cmsis_gcc.h **** 
 146:Drivers/CMSIS/Include/cmsis_gcc.h ****   extern const __copy_table_t __copy_table_start__;
 147:Drivers/CMSIS/Include/cmsis_gcc.h ****   extern const __copy_table_t __copy_table_end__;
 148:Drivers/CMSIS/Include/cmsis_gcc.h ****   extern const __zero_table_t __zero_table_start__;
 149:Drivers/CMSIS/Include/cmsis_gcc.h ****   extern const __zero_table_t __zero_table_end__;
 150:Drivers/CMSIS/Include/cmsis_gcc.h **** 
 151:Drivers/CMSIS/Include/cmsis_gcc.h ****   for (__copy_table_t const* pTable = &__copy_table_start__; pTable < &__copy_table_end__; ++pTable
 152:Drivers/CMSIS/Include/cmsis_gcc.h ****     for(uint32_t i=0u; i<pTable->wlen; ++i) {
 153:Drivers/CMSIS/Include/cmsis_gcc.h ****       pTable->dest[i] = pTable->src[i];
 154:Drivers/CMSIS/Include/cmsis_gcc.h ****     }
 155:Drivers/CMSIS/Include/cmsis_gcc.h ****   }
 156:Drivers/CMSIS/Include/cmsis_gcc.h **** 
 157:Drivers/CMSIS/Include/cmsis_gcc.h ****   for (__zero_table_t const* pTable = &__zero_table_start__; pTable < &__zero_table_end__; ++pTable
 158:Drivers/CMSIS/Include/cmsis_gcc.h ****     for(uint32_t i=0u; i<pTable->wlen; ++i) {
 159:Drivers/CMSIS/Include/cmsis_gcc.h ****       pTable->dest[i] = 0u;
 160:Drivers/CMSIS/Include/cmsis_gcc.h ****     }
 161:Drivers/CMSIS/Include/cmsis_gcc.h ****   }
 162:Drivers/CMSIS/Include/cmsis_gcc.h **** 
 163:Drivers/CMSIS/Include/cmsis_gcc.h ****   _start();
 164:Drivers/CMSIS/Include/cmsis_gcc.h **** }
 165:Drivers/CMSIS/Include/cmsis_gcc.h **** 
 166:Drivers/CMSIS/Include/cmsis_gcc.h **** #define __PROGRAM_START           __cmsis_start
 167:Drivers/CMSIS/Include/cmsis_gcc.h **** #endif
 168:Drivers/CMSIS/Include/cmsis_gcc.h **** 
 169:Drivers/CMSIS/Include/cmsis_gcc.h **** #ifndef __INITIAL_SP
 170:Drivers/CMSIS/Include/cmsis_gcc.h **** #define __INITIAL_SP              __StackTop
 171:Drivers/CMSIS/Include/cmsis_gcc.h **** #endif
 172:Drivers/CMSIS/Include/cmsis_gcc.h **** 
 173:Drivers/CMSIS/Include/cmsis_gcc.h **** #ifndef __STACK_LIMIT
 174:Drivers/CMSIS/Include/cmsis_gcc.h **** #define __STACK_LIMIT             __StackLimit
 175:Drivers/CMSIS/Include/cmsis_gcc.h **** #endif
 176:Drivers/CMSIS/Include/cmsis_gcc.h **** 
 177:Drivers/CMSIS/Include/cmsis_gcc.h **** #ifndef __VECTOR_TABLE
 178:Drivers/CMSIS/Include/cmsis_gcc.h **** #define __VECTOR_TABLE            __Vectors
 179:Drivers/CMSIS/Include/cmsis_gcc.h **** #endif
 180:Drivers/CMSIS/Include/cmsis_gcc.h **** 
 181:Drivers/CMSIS/Include/cmsis_gcc.h **** #ifndef __VECTOR_TABLE_ATTRIBUTE
 182:Drivers/CMSIS/Include/cmsis_gcc.h **** #define __VECTOR_TABLE_ATTRIBUTE  __attribute__((used, section(".vectors")))
 183:Drivers/CMSIS/Include/cmsis_gcc.h **** #endif
 184:Drivers/CMSIS/Include/cmsis_gcc.h **** 
ARM GAS  C:\Users\leejo\AppData\Local\Temp\ccAZ9B2V.s 			page 26


 185:Drivers/CMSIS/Include/cmsis_gcc.h **** #if defined (__ARM_FEATURE_CMSE) && (__ARM_FEATURE_CMSE == 3U)
 186:Drivers/CMSIS/Include/cmsis_gcc.h **** #ifndef __STACK_SEAL
 187:Drivers/CMSIS/Include/cmsis_gcc.h **** #define __STACK_SEAL              __StackSeal
 188:Drivers/CMSIS/Include/cmsis_gcc.h **** #endif
 189:Drivers/CMSIS/Include/cmsis_gcc.h **** 
 190:Drivers/CMSIS/Include/cmsis_gcc.h **** #ifndef __TZ_STACK_SEAL_SIZE
 191:Drivers/CMSIS/Include/cmsis_gcc.h **** #define __TZ_STACK_SEAL_SIZE      8U
 192:Drivers/CMSIS/Include/cmsis_gcc.h **** #endif
 193:Drivers/CMSIS/Include/cmsis_gcc.h **** 
 194:Drivers/CMSIS/Include/cmsis_gcc.h **** #ifndef __TZ_STACK_SEAL_VALUE
 195:Drivers/CMSIS/Include/cmsis_gcc.h **** #define __TZ_STACK_SEAL_VALUE     0xFEF5EDA5FEF5EDA5ULL
 196:Drivers/CMSIS/Include/cmsis_gcc.h **** #endif
 197:Drivers/CMSIS/Include/cmsis_gcc.h **** 
 198:Drivers/CMSIS/Include/cmsis_gcc.h **** 
 199:Drivers/CMSIS/Include/cmsis_gcc.h **** __STATIC_FORCEINLINE void __TZ_set_STACKSEAL_S (uint32_t* stackTop) {
 200:Drivers/CMSIS/Include/cmsis_gcc.h ****   *((uint64_t *)stackTop) = __TZ_STACK_SEAL_VALUE;
 201:Drivers/CMSIS/Include/cmsis_gcc.h **** }
 202:Drivers/CMSIS/Include/cmsis_gcc.h **** #endif
 203:Drivers/CMSIS/Include/cmsis_gcc.h **** 
 204:Drivers/CMSIS/Include/cmsis_gcc.h **** 
 205:Drivers/CMSIS/Include/cmsis_gcc.h **** /* ##########################  Core Instruction Access  ######################### */
 206:Drivers/CMSIS/Include/cmsis_gcc.h **** /** \defgroup CMSIS_Core_InstructionInterface CMSIS Core Instruction Interface
 207:Drivers/CMSIS/Include/cmsis_gcc.h ****   Access to dedicated instructions
 208:Drivers/CMSIS/Include/cmsis_gcc.h ****   @{
 209:Drivers/CMSIS/Include/cmsis_gcc.h **** */
 210:Drivers/CMSIS/Include/cmsis_gcc.h **** 
 211:Drivers/CMSIS/Include/cmsis_gcc.h **** /* Define macros for porting to both thumb1 and thumb2.
 212:Drivers/CMSIS/Include/cmsis_gcc.h ****  * For thumb1, use low register (r0-r7), specified by constraint "l"
 213:Drivers/CMSIS/Include/cmsis_gcc.h ****  * Otherwise, use general registers, specified by constraint "r" */
 214:Drivers/CMSIS/Include/cmsis_gcc.h **** #if defined (__thumb__) && !defined (__thumb2__)
 215:Drivers/CMSIS/Include/cmsis_gcc.h **** #define __CMSIS_GCC_OUT_REG(r) "=l" (r)
 216:Drivers/CMSIS/Include/cmsis_gcc.h **** #define __CMSIS_GCC_RW_REG(r) "+l" (r)
 217:Drivers/CMSIS/Include/cmsis_gcc.h **** #define __CMSIS_GCC_USE_REG(r) "l" (r)
 218:Drivers/CMSIS/Include/cmsis_gcc.h **** #else
 219:Drivers/CMSIS/Include/cmsis_gcc.h **** #define __CMSIS_GCC_OUT_REG(r) "=r" (r)
 220:Drivers/CMSIS/Include/cmsis_gcc.h **** #define __CMSIS_GCC_RW_REG(r) "+r" (r)
 221:Drivers/CMSIS/Include/cmsis_gcc.h **** #define __CMSIS_GCC_USE_REG(r) "r" (r)
 222:Drivers/CMSIS/Include/cmsis_gcc.h **** #endif
 223:Drivers/CMSIS/Include/cmsis_gcc.h **** 
 224:Drivers/CMSIS/Include/cmsis_gcc.h **** /**
 225:Drivers/CMSIS/Include/cmsis_gcc.h ****   \brief   No Operation
 226:Drivers/CMSIS/Include/cmsis_gcc.h ****   \details No Operation does nothing. This instruction can be used for code alignment purposes.
 227:Drivers/CMSIS/Include/cmsis_gcc.h ****  */
 228:Drivers/CMSIS/Include/cmsis_gcc.h **** #define __NOP()                             __ASM volatile ("nop")
 229:Drivers/CMSIS/Include/cmsis_gcc.h **** 
 230:Drivers/CMSIS/Include/cmsis_gcc.h **** /**
 231:Drivers/CMSIS/Include/cmsis_gcc.h ****   \brief   Wait For Interrupt
 232:Drivers/CMSIS/Include/cmsis_gcc.h ****   \details Wait For Interrupt is a hint instruction that suspends execution until one of a number o
 233:Drivers/CMSIS/Include/cmsis_gcc.h ****  */
 234:Drivers/CMSIS/Include/cmsis_gcc.h **** #define __WFI()                             __ASM volatile ("wfi":::"memory")
 235:Drivers/CMSIS/Include/cmsis_gcc.h **** 
 236:Drivers/CMSIS/Include/cmsis_gcc.h **** 
 237:Drivers/CMSIS/Include/cmsis_gcc.h **** /**
 238:Drivers/CMSIS/Include/cmsis_gcc.h ****   \brief   Wait For Event
 239:Drivers/CMSIS/Include/cmsis_gcc.h ****   \details Wait For Event is a hint instruction that permits the processor to enter
 240:Drivers/CMSIS/Include/cmsis_gcc.h ****            a low-power state until one of a number of events occurs.
 241:Drivers/CMSIS/Include/cmsis_gcc.h ****  */
ARM GAS  C:\Users\leejo\AppData\Local\Temp\ccAZ9B2V.s 			page 27


 242:Drivers/CMSIS/Include/cmsis_gcc.h **** #define __WFE()                             __ASM volatile ("wfe":::"memory")
 243:Drivers/CMSIS/Include/cmsis_gcc.h **** 
 244:Drivers/CMSIS/Include/cmsis_gcc.h **** 
 245:Drivers/CMSIS/Include/cmsis_gcc.h **** /**
 246:Drivers/CMSIS/Include/cmsis_gcc.h ****   \brief   Send Event
 247:Drivers/CMSIS/Include/cmsis_gcc.h ****   \details Send Event is a hint instruction. It causes an event to be signaled to the CPU.
 248:Drivers/CMSIS/Include/cmsis_gcc.h ****  */
 249:Drivers/CMSIS/Include/cmsis_gcc.h **** #define __SEV()                             __ASM volatile ("sev")
 250:Drivers/CMSIS/Include/cmsis_gcc.h **** 
 251:Drivers/CMSIS/Include/cmsis_gcc.h **** 
 252:Drivers/CMSIS/Include/cmsis_gcc.h **** /**
 253:Drivers/CMSIS/Include/cmsis_gcc.h ****   \brief   Instruction Synchronization Barrier
 254:Drivers/CMSIS/Include/cmsis_gcc.h ****   \details Instruction Synchronization Barrier flushes the pipeline in the processor,
 255:Drivers/CMSIS/Include/cmsis_gcc.h ****            so that all instructions following the ISB are fetched from cache or memory,
 256:Drivers/CMSIS/Include/cmsis_gcc.h ****            after the instruction has been completed.
 257:Drivers/CMSIS/Include/cmsis_gcc.h ****  */
 258:Drivers/CMSIS/Include/cmsis_gcc.h **** __STATIC_FORCEINLINE void __ISB(void)
 259:Drivers/CMSIS/Include/cmsis_gcc.h **** {
 260:Drivers/CMSIS/Include/cmsis_gcc.h ****   __ASM volatile ("isb 0xF":::"memory");
 261:Drivers/CMSIS/Include/cmsis_gcc.h **** }
 262:Drivers/CMSIS/Include/cmsis_gcc.h **** 
 263:Drivers/CMSIS/Include/cmsis_gcc.h **** 
 264:Drivers/CMSIS/Include/cmsis_gcc.h **** /**
 265:Drivers/CMSIS/Include/cmsis_gcc.h ****   \brief   Data Synchronization Barrier
 266:Drivers/CMSIS/Include/cmsis_gcc.h ****   \details Acts as a special kind of Data Memory Barrier.
 267:Drivers/CMSIS/Include/cmsis_gcc.h ****            It completes when all explicit memory accesses before this instruction complete.
 268:Drivers/CMSIS/Include/cmsis_gcc.h ****  */
 269:Drivers/CMSIS/Include/cmsis_gcc.h **** __STATIC_FORCEINLINE void __DSB(void)
 270:Drivers/CMSIS/Include/cmsis_gcc.h **** {
 271:Drivers/CMSIS/Include/cmsis_gcc.h ****   __ASM volatile ("dsb 0xF":::"memory");
 272:Drivers/CMSIS/Include/cmsis_gcc.h **** }
 273:Drivers/CMSIS/Include/cmsis_gcc.h **** 
 274:Drivers/CMSIS/Include/cmsis_gcc.h **** 
 275:Drivers/CMSIS/Include/cmsis_gcc.h **** /**
 276:Drivers/CMSIS/Include/cmsis_gcc.h ****   \brief   Data Memory Barrier
 277:Drivers/CMSIS/Include/cmsis_gcc.h ****   \details Ensures the apparent order of the explicit memory operations before
 278:Drivers/CMSIS/Include/cmsis_gcc.h ****            and after the instruction, without ensuring their completion.
 279:Drivers/CMSIS/Include/cmsis_gcc.h ****  */
 280:Drivers/CMSIS/Include/cmsis_gcc.h **** __STATIC_FORCEINLINE void __DMB(void)
 281:Drivers/CMSIS/Include/cmsis_gcc.h **** {
 282:Drivers/CMSIS/Include/cmsis_gcc.h ****   __ASM volatile ("dmb 0xF":::"memory");
 283:Drivers/CMSIS/Include/cmsis_gcc.h **** }
 284:Drivers/CMSIS/Include/cmsis_gcc.h **** 
 285:Drivers/CMSIS/Include/cmsis_gcc.h **** 
 286:Drivers/CMSIS/Include/cmsis_gcc.h **** /**
 287:Drivers/CMSIS/Include/cmsis_gcc.h ****   \brief   Reverse byte order (32 bit)
 288:Drivers/CMSIS/Include/cmsis_gcc.h ****   \details Reverses the byte order in unsigned integer value. For example, 0x12345678 becomes 0x785
 289:Drivers/CMSIS/Include/cmsis_gcc.h ****   \param [in]    value  Value to reverse
 290:Drivers/CMSIS/Include/cmsis_gcc.h ****   \return               Reversed value
 291:Drivers/CMSIS/Include/cmsis_gcc.h ****  */
 292:Drivers/CMSIS/Include/cmsis_gcc.h **** __STATIC_FORCEINLINE uint32_t __REV(uint32_t value)
 293:Drivers/CMSIS/Include/cmsis_gcc.h **** {
 294:Drivers/CMSIS/Include/cmsis_gcc.h **** #if (__GNUC__ > 4) || (__GNUC__ == 4 && __GNUC_MINOR__ >= 5)
 295:Drivers/CMSIS/Include/cmsis_gcc.h ****   return __builtin_bswap32(value);
 296:Drivers/CMSIS/Include/cmsis_gcc.h **** #else
 297:Drivers/CMSIS/Include/cmsis_gcc.h ****   uint32_t result;
 298:Drivers/CMSIS/Include/cmsis_gcc.h **** 
ARM GAS  C:\Users\leejo\AppData\Local\Temp\ccAZ9B2V.s 			page 28


 299:Drivers/CMSIS/Include/cmsis_gcc.h ****   __ASM ("rev %0, %1" : __CMSIS_GCC_OUT_REG (result) : __CMSIS_GCC_USE_REG (value) );
 300:Drivers/CMSIS/Include/cmsis_gcc.h ****   return result;
 301:Drivers/CMSIS/Include/cmsis_gcc.h **** #endif
 302:Drivers/CMSIS/Include/cmsis_gcc.h **** }
 303:Drivers/CMSIS/Include/cmsis_gcc.h **** 
 304:Drivers/CMSIS/Include/cmsis_gcc.h **** 
 305:Drivers/CMSIS/Include/cmsis_gcc.h **** /**
 306:Drivers/CMSIS/Include/cmsis_gcc.h ****   \brief   Reverse byte order (16 bit)
 307:Drivers/CMSIS/Include/cmsis_gcc.h ****   \details Reverses the byte order within each halfword of a word. For example, 0x12345678 becomes 
 308:Drivers/CMSIS/Include/cmsis_gcc.h ****   \param [in]    value  Value to reverse
 309:Drivers/CMSIS/Include/cmsis_gcc.h ****   \return               Reversed value
 310:Drivers/CMSIS/Include/cmsis_gcc.h ****  */
 311:Drivers/CMSIS/Include/cmsis_gcc.h **** __STATIC_FORCEINLINE uint32_t __REV16(uint32_t value)
 312:Drivers/CMSIS/Include/cmsis_gcc.h **** {
 313:Drivers/CMSIS/Include/cmsis_gcc.h ****   uint32_t result;
 314:Drivers/CMSIS/Include/cmsis_gcc.h **** 
 315:Drivers/CMSIS/Include/cmsis_gcc.h ****   __ASM ("rev16 %0, %1" : __CMSIS_GCC_OUT_REG (result) : __CMSIS_GCC_USE_REG (value) );
 316:Drivers/CMSIS/Include/cmsis_gcc.h ****   return result;
 317:Drivers/CMSIS/Include/cmsis_gcc.h **** }
 318:Drivers/CMSIS/Include/cmsis_gcc.h **** 
 319:Drivers/CMSIS/Include/cmsis_gcc.h **** 
 320:Drivers/CMSIS/Include/cmsis_gcc.h **** /**
 321:Drivers/CMSIS/Include/cmsis_gcc.h ****   \brief   Reverse byte order (16 bit)
 322:Drivers/CMSIS/Include/cmsis_gcc.h ****   \details Reverses the byte order in a 16-bit value and returns the signed 16-bit result. For exam
 323:Drivers/CMSIS/Include/cmsis_gcc.h ****   \param [in]    value  Value to reverse
 324:Drivers/CMSIS/Include/cmsis_gcc.h ****   \return               Reversed value
 325:Drivers/CMSIS/Include/cmsis_gcc.h ****  */
 326:Drivers/CMSIS/Include/cmsis_gcc.h **** __STATIC_FORCEINLINE int16_t __REVSH(int16_t value)
 327:Drivers/CMSIS/Include/cmsis_gcc.h **** {
 328:Drivers/CMSIS/Include/cmsis_gcc.h **** #if (__GNUC__ > 4) || (__GNUC__ == 4 && __GNUC_MINOR__ >= 8)
 329:Drivers/CMSIS/Include/cmsis_gcc.h ****   return (int16_t)__builtin_bswap16(value);
 330:Drivers/CMSIS/Include/cmsis_gcc.h **** #else
 331:Drivers/CMSIS/Include/cmsis_gcc.h ****   int16_t result;
 332:Drivers/CMSIS/Include/cmsis_gcc.h **** 
 333:Drivers/CMSIS/Include/cmsis_gcc.h ****   __ASM ("revsh %0, %1" : __CMSIS_GCC_OUT_REG (result) : __CMSIS_GCC_USE_REG (value) );
 334:Drivers/CMSIS/Include/cmsis_gcc.h ****   return result;
 335:Drivers/CMSIS/Include/cmsis_gcc.h **** #endif
 336:Drivers/CMSIS/Include/cmsis_gcc.h **** }
 337:Drivers/CMSIS/Include/cmsis_gcc.h **** 
 338:Drivers/CMSIS/Include/cmsis_gcc.h **** 
 339:Drivers/CMSIS/Include/cmsis_gcc.h **** /**
 340:Drivers/CMSIS/Include/cmsis_gcc.h ****   \brief   Rotate Right in unsigned value (32 bit)
 341:Drivers/CMSIS/Include/cmsis_gcc.h ****   \details Rotate Right (immediate) provides the value of the contents of a register rotated by a v
 342:Drivers/CMSIS/Include/cmsis_gcc.h ****   \param [in]    op1  Value to rotate
 343:Drivers/CMSIS/Include/cmsis_gcc.h ****   \param [in]    op2  Number of Bits to rotate
 344:Drivers/CMSIS/Include/cmsis_gcc.h ****   \return               Rotated value
 345:Drivers/CMSIS/Include/cmsis_gcc.h ****  */
 346:Drivers/CMSIS/Include/cmsis_gcc.h **** __STATIC_FORCEINLINE uint32_t __ROR(uint32_t op1, uint32_t op2)
 347:Drivers/CMSIS/Include/cmsis_gcc.h **** {
 348:Drivers/CMSIS/Include/cmsis_gcc.h ****   op2 %= 32U;
 349:Drivers/CMSIS/Include/cmsis_gcc.h ****   if (op2 == 0U)
 350:Drivers/CMSIS/Include/cmsis_gcc.h ****   {
 351:Drivers/CMSIS/Include/cmsis_gcc.h ****     return op1;
 352:Drivers/CMSIS/Include/cmsis_gcc.h ****   }
 353:Drivers/CMSIS/Include/cmsis_gcc.h ****   return (op1 >> op2) | (op1 << (32U - op2));
 354:Drivers/CMSIS/Include/cmsis_gcc.h **** }
 355:Drivers/CMSIS/Include/cmsis_gcc.h **** 
ARM GAS  C:\Users\leejo\AppData\Local\Temp\ccAZ9B2V.s 			page 29


 356:Drivers/CMSIS/Include/cmsis_gcc.h **** 
 357:Drivers/CMSIS/Include/cmsis_gcc.h **** /**
 358:Drivers/CMSIS/Include/cmsis_gcc.h ****   \brief   Breakpoint
 359:Drivers/CMSIS/Include/cmsis_gcc.h ****   \details Causes the processor to enter Debug state.
 360:Drivers/CMSIS/Include/cmsis_gcc.h ****            Debug tools can use this to investigate system state when the instruction at a particula
 361:Drivers/CMSIS/Include/cmsis_gcc.h ****   \param [in]    value  is ignored by the processor.
 362:Drivers/CMSIS/Include/cmsis_gcc.h ****                  If required, a debugger can use it to store additional information about the break
 363:Drivers/CMSIS/Include/cmsis_gcc.h ****  */
 364:Drivers/CMSIS/Include/cmsis_gcc.h **** #define __BKPT(value)                       __ASM volatile ("bkpt "#value)
 365:Drivers/CMSIS/Include/cmsis_gcc.h **** 
 366:Drivers/CMSIS/Include/cmsis_gcc.h **** 
 367:Drivers/CMSIS/Include/cmsis_gcc.h **** /**
 368:Drivers/CMSIS/Include/cmsis_gcc.h ****   \brief   Reverse bit order of value
 369:Drivers/CMSIS/Include/cmsis_gcc.h ****   \details Reverses the bit order of the given value.
 370:Drivers/CMSIS/Include/cmsis_gcc.h ****   \param [in]    value  Value to reverse
 371:Drivers/CMSIS/Include/cmsis_gcc.h ****   \return               Reversed value
 372:Drivers/CMSIS/Include/cmsis_gcc.h ****  */
 373:Drivers/CMSIS/Include/cmsis_gcc.h **** __STATIC_FORCEINLINE uint32_t __RBIT(uint32_t value)
 374:Drivers/CMSIS/Include/cmsis_gcc.h **** {
 375:Drivers/CMSIS/Include/cmsis_gcc.h ****   uint32_t result;
 376:Drivers/CMSIS/Include/cmsis_gcc.h **** 
 377:Drivers/CMSIS/Include/cmsis_gcc.h **** #if ((defined (__ARM_ARCH_7M__      ) && (__ARM_ARCH_7M__      == 1)) || \
 378:Drivers/CMSIS/Include/cmsis_gcc.h ****      (defined (__ARM_ARCH_7EM__     ) && (__ARM_ARCH_7EM__     == 1)) || \
 379:Drivers/CMSIS/Include/cmsis_gcc.h ****      (defined (__ARM_ARCH_8M_MAIN__ ) && (__ARM_ARCH_8M_MAIN__ == 1))    )
 380:Drivers/CMSIS/Include/cmsis_gcc.h ****    __ASM ("rbit %0, %1" : "=r" (result) : "r" (value) );
 381:Drivers/CMSIS/Include/cmsis_gcc.h **** #else
 382:Drivers/CMSIS/Include/cmsis_gcc.h ****   uint32_t s = (4U /*sizeof(v)*/ * 8U) - 1U; /* extra shift needed at end */
 383:Drivers/CMSIS/Include/cmsis_gcc.h **** 
 384:Drivers/CMSIS/Include/cmsis_gcc.h ****   result = value;                      /* r will be reversed bits of v; first get LSB of v */
 385:Drivers/CMSIS/Include/cmsis_gcc.h ****   for (value >>= 1U; value != 0U; value >>= 1U)
 386:Drivers/CMSIS/Include/cmsis_gcc.h ****   {
 387:Drivers/CMSIS/Include/cmsis_gcc.h ****     result <<= 1U;
 388:Drivers/CMSIS/Include/cmsis_gcc.h ****     result |= value & 1U;
 389:Drivers/CMSIS/Include/cmsis_gcc.h ****     s--;
 390:Drivers/CMSIS/Include/cmsis_gcc.h ****   }
 391:Drivers/CMSIS/Include/cmsis_gcc.h ****   result <<= s;                        /* shift when v's highest bits are zero */
 392:Drivers/CMSIS/Include/cmsis_gcc.h **** #endif
 393:Drivers/CMSIS/Include/cmsis_gcc.h ****   return result;
 394:Drivers/CMSIS/Include/cmsis_gcc.h **** }
 395:Drivers/CMSIS/Include/cmsis_gcc.h **** 
 396:Drivers/CMSIS/Include/cmsis_gcc.h **** 
 397:Drivers/CMSIS/Include/cmsis_gcc.h **** /**
 398:Drivers/CMSIS/Include/cmsis_gcc.h ****   \brief   Count leading zeros
 399:Drivers/CMSIS/Include/cmsis_gcc.h ****   \details Counts the number of leading zeros of a data value.
 400:Drivers/CMSIS/Include/cmsis_gcc.h ****   \param [in]  value  Value to count the leading zeros
 401:Drivers/CMSIS/Include/cmsis_gcc.h ****   \return             number of leading zeros in value
 402:Drivers/CMSIS/Include/cmsis_gcc.h ****  */
 403:Drivers/CMSIS/Include/cmsis_gcc.h **** __STATIC_FORCEINLINE uint8_t __CLZ(uint32_t value)
 404:Drivers/CMSIS/Include/cmsis_gcc.h **** {
 405:Drivers/CMSIS/Include/cmsis_gcc.h ****   /* Even though __builtin_clz produces a CLZ instruction on ARM, formally
 406:Drivers/CMSIS/Include/cmsis_gcc.h ****      __builtin_clz(0) is undefined behaviour, so handle this case specially.
 407:Drivers/CMSIS/Include/cmsis_gcc.h ****      This guarantees ARM-compatible results if happening to compile on a non-ARM
 408:Drivers/CMSIS/Include/cmsis_gcc.h ****      target, and ensures the compiler doesn't decide to activate any
 409:Drivers/CMSIS/Include/cmsis_gcc.h ****      optimisations using the logic "value was passed to __builtin_clz, so it
 410:Drivers/CMSIS/Include/cmsis_gcc.h ****      is non-zero".
 411:Drivers/CMSIS/Include/cmsis_gcc.h ****      ARM GCC 7.3 and possibly earlier will optimise this test away, leaving a
 412:Drivers/CMSIS/Include/cmsis_gcc.h ****      single CLZ instruction.
ARM GAS  C:\Users\leejo\AppData\Local\Temp\ccAZ9B2V.s 			page 30


 413:Drivers/CMSIS/Include/cmsis_gcc.h ****    */
 414:Drivers/CMSIS/Include/cmsis_gcc.h ****   if (value == 0U)
 415:Drivers/CMSIS/Include/cmsis_gcc.h ****   {
 416:Drivers/CMSIS/Include/cmsis_gcc.h ****     return 32U;
 417:Drivers/CMSIS/Include/cmsis_gcc.h ****   }
 418:Drivers/CMSIS/Include/cmsis_gcc.h ****   return __builtin_clz(value);
 419:Drivers/CMSIS/Include/cmsis_gcc.h **** }
 420:Drivers/CMSIS/Include/cmsis_gcc.h **** 
 421:Drivers/CMSIS/Include/cmsis_gcc.h **** 
 422:Drivers/CMSIS/Include/cmsis_gcc.h **** #if ((defined (__ARM_ARCH_7M__      ) && (__ARM_ARCH_7M__      == 1)) || \
 423:Drivers/CMSIS/Include/cmsis_gcc.h ****      (defined (__ARM_ARCH_7EM__     ) && (__ARM_ARCH_7EM__     == 1)) || \
 424:Drivers/CMSIS/Include/cmsis_gcc.h ****      (defined (__ARM_ARCH_8M_MAIN__ ) && (__ARM_ARCH_8M_MAIN__ == 1)) || \
 425:Drivers/CMSIS/Include/cmsis_gcc.h ****      (defined (__ARM_ARCH_8M_BASE__ ) && (__ARM_ARCH_8M_BASE__ == 1))    )
 426:Drivers/CMSIS/Include/cmsis_gcc.h **** /**
 427:Drivers/CMSIS/Include/cmsis_gcc.h ****   \brief   LDR Exclusive (8 bit)
 428:Drivers/CMSIS/Include/cmsis_gcc.h ****   \details Executes a exclusive LDR instruction for 8 bit value.
 429:Drivers/CMSIS/Include/cmsis_gcc.h ****   \param [in]    ptr  Pointer to data
 430:Drivers/CMSIS/Include/cmsis_gcc.h ****   \return             value of type uint8_t at (*ptr)
 431:Drivers/CMSIS/Include/cmsis_gcc.h ****  */
 432:Drivers/CMSIS/Include/cmsis_gcc.h **** __STATIC_FORCEINLINE uint8_t __LDREXB(volatile uint8_t *addr)
 433:Drivers/CMSIS/Include/cmsis_gcc.h **** {
 434:Drivers/CMSIS/Include/cmsis_gcc.h ****     uint32_t result;
 435:Drivers/CMSIS/Include/cmsis_gcc.h **** 
 436:Drivers/CMSIS/Include/cmsis_gcc.h **** #if (__GNUC__ > 4) || (__GNUC__ == 4 && __GNUC_MINOR__ >= 8)
 437:Drivers/CMSIS/Include/cmsis_gcc.h ****    __ASM volatile ("ldrexb %0, %1" : "=r" (result) : "Q" (*addr) );
 438:Drivers/CMSIS/Include/cmsis_gcc.h **** #else
 439:Drivers/CMSIS/Include/cmsis_gcc.h ****     /* Prior to GCC 4.8, "Q" will be expanded to [rx, #0] which is not
 440:Drivers/CMSIS/Include/cmsis_gcc.h ****        accepted by assembler. So has to use following less efficient pattern.
 441:Drivers/CMSIS/Include/cmsis_gcc.h ****     */
 442:Drivers/CMSIS/Include/cmsis_gcc.h ****    __ASM volatile ("ldrexb %0, [%1]" : "=r" (result) : "r" (addr) : "memory" );
 443:Drivers/CMSIS/Include/cmsis_gcc.h **** #endif
 444:Drivers/CMSIS/Include/cmsis_gcc.h ****    return ((uint8_t) result);    /* Add explicit type cast here */
 445:Drivers/CMSIS/Include/cmsis_gcc.h **** }
 446:Drivers/CMSIS/Include/cmsis_gcc.h **** 
 447:Drivers/CMSIS/Include/cmsis_gcc.h **** 
 448:Drivers/CMSIS/Include/cmsis_gcc.h **** /**
 449:Drivers/CMSIS/Include/cmsis_gcc.h ****   \brief   LDR Exclusive (16 bit)
 450:Drivers/CMSIS/Include/cmsis_gcc.h ****   \details Executes a exclusive LDR instruction for 16 bit values.
 451:Drivers/CMSIS/Include/cmsis_gcc.h ****   \param [in]    ptr  Pointer to data
 452:Drivers/CMSIS/Include/cmsis_gcc.h ****   \return        value of type uint16_t at (*ptr)
 453:Drivers/CMSIS/Include/cmsis_gcc.h ****  */
 454:Drivers/CMSIS/Include/cmsis_gcc.h **** __STATIC_FORCEINLINE uint16_t __LDREXH(volatile uint16_t *addr)
 455:Drivers/CMSIS/Include/cmsis_gcc.h **** {
 456:Drivers/CMSIS/Include/cmsis_gcc.h ****     uint32_t result;
 457:Drivers/CMSIS/Include/cmsis_gcc.h **** 
 458:Drivers/CMSIS/Include/cmsis_gcc.h **** #if (__GNUC__ > 4) || (__GNUC__ == 4 && __GNUC_MINOR__ >= 8)
 459:Drivers/CMSIS/Include/cmsis_gcc.h ****    __ASM volatile ("ldrexh %0, %1" : "=r" (result) : "Q" (*addr) );
 460:Drivers/CMSIS/Include/cmsis_gcc.h **** #else
 461:Drivers/CMSIS/Include/cmsis_gcc.h ****     /* Prior to GCC 4.8, "Q" will be expanded to [rx, #0] which is not
 462:Drivers/CMSIS/Include/cmsis_gcc.h ****        accepted by assembler. So has to use following less efficient pattern.
 463:Drivers/CMSIS/Include/cmsis_gcc.h ****     */
 464:Drivers/CMSIS/Include/cmsis_gcc.h ****    __ASM volatile ("ldrexh %0, [%1]" : "=r" (result) : "r" (addr) : "memory" );
 465:Drivers/CMSIS/Include/cmsis_gcc.h **** #endif
 466:Drivers/CMSIS/Include/cmsis_gcc.h ****    return ((uint16_t) result);    /* Add explicit type cast here */
 467:Drivers/CMSIS/Include/cmsis_gcc.h **** }
 468:Drivers/CMSIS/Include/cmsis_gcc.h **** 
 469:Drivers/CMSIS/Include/cmsis_gcc.h **** 
ARM GAS  C:\Users\leejo\AppData\Local\Temp\ccAZ9B2V.s 			page 31


 470:Drivers/CMSIS/Include/cmsis_gcc.h **** /**
 471:Drivers/CMSIS/Include/cmsis_gcc.h ****   \brief   LDR Exclusive (32 bit)
 472:Drivers/CMSIS/Include/cmsis_gcc.h ****   \details Executes a exclusive LDR instruction for 32 bit values.
 473:Drivers/CMSIS/Include/cmsis_gcc.h ****   \param [in]    ptr  Pointer to data
 474:Drivers/CMSIS/Include/cmsis_gcc.h ****   \return        value of type uint32_t at (*ptr)
 475:Drivers/CMSIS/Include/cmsis_gcc.h ****  */
 476:Drivers/CMSIS/Include/cmsis_gcc.h **** __STATIC_FORCEINLINE uint32_t __LDREXW(volatile uint32_t *addr)
 477:Drivers/CMSIS/Include/cmsis_gcc.h **** {
 478:Drivers/CMSIS/Include/cmsis_gcc.h ****     uint32_t result;
 479:Drivers/CMSIS/Include/cmsis_gcc.h **** 
 480:Drivers/CMSIS/Include/cmsis_gcc.h ****    __ASM volatile ("ldrex %0, %1" : "=r" (result) : "Q" (*addr) );
 481:Drivers/CMSIS/Include/cmsis_gcc.h ****    return(result);
 482:Drivers/CMSIS/Include/cmsis_gcc.h **** }
 483:Drivers/CMSIS/Include/cmsis_gcc.h **** 
 484:Drivers/CMSIS/Include/cmsis_gcc.h **** 
 485:Drivers/CMSIS/Include/cmsis_gcc.h **** /**
 486:Drivers/CMSIS/Include/cmsis_gcc.h ****   \brief   STR Exclusive (8 bit)
 487:Drivers/CMSIS/Include/cmsis_gcc.h ****   \details Executes a exclusive STR instruction for 8 bit values.
 488:Drivers/CMSIS/Include/cmsis_gcc.h ****   \param [in]  value  Value to store
 489:Drivers/CMSIS/Include/cmsis_gcc.h ****   \param [in]    ptr  Pointer to location
 490:Drivers/CMSIS/Include/cmsis_gcc.h ****   \return          0  Function succeeded
 491:Drivers/CMSIS/Include/cmsis_gcc.h ****   \return          1  Function failed
 492:Drivers/CMSIS/Include/cmsis_gcc.h ****  */
 493:Drivers/CMSIS/Include/cmsis_gcc.h **** __STATIC_FORCEINLINE uint32_t __STREXB(uint8_t value, volatile uint8_t *addr)
 494:Drivers/CMSIS/Include/cmsis_gcc.h **** {
 495:Drivers/CMSIS/Include/cmsis_gcc.h ****    uint32_t result;
 496:Drivers/CMSIS/Include/cmsis_gcc.h **** 
 497:Drivers/CMSIS/Include/cmsis_gcc.h ****    __ASM volatile ("strexb %0, %2, %1" : "=&r" (result), "=Q" (*addr) : "r" ((uint32_t)value) );
 498:Drivers/CMSIS/Include/cmsis_gcc.h ****    return(result);
 499:Drivers/CMSIS/Include/cmsis_gcc.h **** }
 500:Drivers/CMSIS/Include/cmsis_gcc.h **** 
 501:Drivers/CMSIS/Include/cmsis_gcc.h **** 
 502:Drivers/CMSIS/Include/cmsis_gcc.h **** /**
 503:Drivers/CMSIS/Include/cmsis_gcc.h ****   \brief   STR Exclusive (16 bit)
 504:Drivers/CMSIS/Include/cmsis_gcc.h ****   \details Executes a exclusive STR instruction for 16 bit values.
 505:Drivers/CMSIS/Include/cmsis_gcc.h ****   \param [in]  value  Value to store
 506:Drivers/CMSIS/Include/cmsis_gcc.h ****   \param [in]    ptr  Pointer to location
 507:Drivers/CMSIS/Include/cmsis_gcc.h ****   \return          0  Function succeeded
 508:Drivers/CMSIS/Include/cmsis_gcc.h ****   \return          1  Function failed
 509:Drivers/CMSIS/Include/cmsis_gcc.h ****  */
 510:Drivers/CMSIS/Include/cmsis_gcc.h **** __STATIC_FORCEINLINE uint32_t __STREXH(uint16_t value, volatile uint16_t *addr)
 511:Drivers/CMSIS/Include/cmsis_gcc.h **** {
 512:Drivers/CMSIS/Include/cmsis_gcc.h ****    uint32_t result;
 513:Drivers/CMSIS/Include/cmsis_gcc.h **** 
 514:Drivers/CMSIS/Include/cmsis_gcc.h ****    __ASM volatile ("strexh %0, %2, %1" : "=&r" (result), "=Q" (*addr) : "r" ((uint32_t)value) );
 515:Drivers/CMSIS/Include/cmsis_gcc.h ****    return(result);
 516:Drivers/CMSIS/Include/cmsis_gcc.h **** }
 517:Drivers/CMSIS/Include/cmsis_gcc.h **** 
 518:Drivers/CMSIS/Include/cmsis_gcc.h **** 
 519:Drivers/CMSIS/Include/cmsis_gcc.h **** /**
 520:Drivers/CMSIS/Include/cmsis_gcc.h ****   \brief   STR Exclusive (32 bit)
 521:Drivers/CMSIS/Include/cmsis_gcc.h ****   \details Executes a exclusive STR instruction for 32 bit values.
 522:Drivers/CMSIS/Include/cmsis_gcc.h ****   \param [in]  value  Value to store
 523:Drivers/CMSIS/Include/cmsis_gcc.h ****   \param [in]    ptr  Pointer to location
 524:Drivers/CMSIS/Include/cmsis_gcc.h ****   \return          0  Function succeeded
 525:Drivers/CMSIS/Include/cmsis_gcc.h ****   \return          1  Function failed
 526:Drivers/CMSIS/Include/cmsis_gcc.h ****  */
ARM GAS  C:\Users\leejo\AppData\Local\Temp\ccAZ9B2V.s 			page 32


 527:Drivers/CMSIS/Include/cmsis_gcc.h **** __STATIC_FORCEINLINE uint32_t __STREXW(uint32_t value, volatile uint32_t *addr)
 528:Drivers/CMSIS/Include/cmsis_gcc.h **** {
 529:Drivers/CMSIS/Include/cmsis_gcc.h ****    uint32_t result;
 530:Drivers/CMSIS/Include/cmsis_gcc.h **** 
 531:Drivers/CMSIS/Include/cmsis_gcc.h ****    __ASM volatile ("strex %0, %2, %1" : "=&r" (result), "=Q" (*addr) : "r" (value) );
 532:Drivers/CMSIS/Include/cmsis_gcc.h ****    return(result);
 533:Drivers/CMSIS/Include/cmsis_gcc.h **** }
 534:Drivers/CMSIS/Include/cmsis_gcc.h **** 
 535:Drivers/CMSIS/Include/cmsis_gcc.h **** 
 536:Drivers/CMSIS/Include/cmsis_gcc.h **** /**
 537:Drivers/CMSIS/Include/cmsis_gcc.h ****   \brief   Remove the exclusive lock
 538:Drivers/CMSIS/Include/cmsis_gcc.h ****   \details Removes the exclusive lock which is created by LDREX.
 539:Drivers/CMSIS/Include/cmsis_gcc.h ****  */
 540:Drivers/CMSIS/Include/cmsis_gcc.h **** __STATIC_FORCEINLINE void __CLREX(void)
 541:Drivers/CMSIS/Include/cmsis_gcc.h **** {
 542:Drivers/CMSIS/Include/cmsis_gcc.h ****   __ASM volatile ("clrex" ::: "memory");
 543:Drivers/CMSIS/Include/cmsis_gcc.h **** }
 544:Drivers/CMSIS/Include/cmsis_gcc.h **** 
 545:Drivers/CMSIS/Include/cmsis_gcc.h **** #endif /* ((defined (__ARM_ARCH_7M__      ) && (__ARM_ARCH_7M__      == 1)) || \
 546:Drivers/CMSIS/Include/cmsis_gcc.h ****            (defined (__ARM_ARCH_7EM__     ) && (__ARM_ARCH_7EM__     == 1)) || \
 547:Drivers/CMSIS/Include/cmsis_gcc.h ****            (defined (__ARM_ARCH_8M_MAIN__ ) && (__ARM_ARCH_8M_MAIN__ == 1)) || \
 548:Drivers/CMSIS/Include/cmsis_gcc.h ****            (defined (__ARM_ARCH_8M_BASE__ ) && (__ARM_ARCH_8M_BASE__ == 1))    ) */
 549:Drivers/CMSIS/Include/cmsis_gcc.h **** 
 550:Drivers/CMSIS/Include/cmsis_gcc.h **** 
 551:Drivers/CMSIS/Include/cmsis_gcc.h **** #if ((defined (__ARM_ARCH_7M__      ) && (__ARM_ARCH_7M__      == 1)) || \
 552:Drivers/CMSIS/Include/cmsis_gcc.h ****      (defined (__ARM_ARCH_7EM__     ) && (__ARM_ARCH_7EM__     == 1)) || \
 553:Drivers/CMSIS/Include/cmsis_gcc.h ****      (defined (__ARM_ARCH_8M_MAIN__ ) && (__ARM_ARCH_8M_MAIN__ == 1))    )
 554:Drivers/CMSIS/Include/cmsis_gcc.h **** /**
 555:Drivers/CMSIS/Include/cmsis_gcc.h ****   \brief   Signed Saturate
 556:Drivers/CMSIS/Include/cmsis_gcc.h ****   \details Saturates a signed value.
 557:Drivers/CMSIS/Include/cmsis_gcc.h ****   \param [in]  ARG1  Value to be saturated
 558:Drivers/CMSIS/Include/cmsis_gcc.h ****   \param [in]  ARG2  Bit position to saturate to (1..32)
 559:Drivers/CMSIS/Include/cmsis_gcc.h ****   \return             Saturated value
 560:Drivers/CMSIS/Include/cmsis_gcc.h ****  */
 561:Drivers/CMSIS/Include/cmsis_gcc.h **** #define __SSAT(ARG1, ARG2) \
 562:Drivers/CMSIS/Include/cmsis_gcc.h **** __extension__ \
 563:Drivers/CMSIS/Include/cmsis_gcc.h **** ({                          \
 564:Drivers/CMSIS/Include/cmsis_gcc.h ****   int32_t __RES, __ARG1 = (ARG1); \
 565:Drivers/CMSIS/Include/cmsis_gcc.h ****   __ASM volatile ("ssat %0, %1, %2" : "=r" (__RES) :  "I" (ARG2), "r" (__ARG1) : "cc" ); \
 566:Drivers/CMSIS/Include/cmsis_gcc.h ****   __RES; \
 567:Drivers/CMSIS/Include/cmsis_gcc.h ****  })
 568:Drivers/CMSIS/Include/cmsis_gcc.h **** 
 569:Drivers/CMSIS/Include/cmsis_gcc.h **** 
 570:Drivers/CMSIS/Include/cmsis_gcc.h **** /**
 571:Drivers/CMSIS/Include/cmsis_gcc.h ****   \brief   Unsigned Saturate
 572:Drivers/CMSIS/Include/cmsis_gcc.h ****   \details Saturates an unsigned value.
 573:Drivers/CMSIS/Include/cmsis_gcc.h ****   \param [in]  ARG1  Value to be saturated
 574:Drivers/CMSIS/Include/cmsis_gcc.h ****   \param [in]  ARG2  Bit position to saturate to (0..31)
 575:Drivers/CMSIS/Include/cmsis_gcc.h ****   \return             Saturated value
 576:Drivers/CMSIS/Include/cmsis_gcc.h ****  */
 577:Drivers/CMSIS/Include/cmsis_gcc.h **** #define __USAT(ARG1, ARG2) \
 578:Drivers/CMSIS/Include/cmsis_gcc.h **** __extension__ \
 579:Drivers/CMSIS/Include/cmsis_gcc.h **** ({                          \
 580:Drivers/CMSIS/Include/cmsis_gcc.h ****   uint32_t __RES, __ARG1 = (ARG1); \
 581:Drivers/CMSIS/Include/cmsis_gcc.h ****   __ASM volatile ("usat %0, %1, %2" : "=r" (__RES) :  "I" (ARG2), "r" (__ARG1) : "cc" ); \
 582:Drivers/CMSIS/Include/cmsis_gcc.h ****   __RES; \
 583:Drivers/CMSIS/Include/cmsis_gcc.h ****  })
ARM GAS  C:\Users\leejo\AppData\Local\Temp\ccAZ9B2V.s 			page 33


 584:Drivers/CMSIS/Include/cmsis_gcc.h **** 
 585:Drivers/CMSIS/Include/cmsis_gcc.h **** 
 586:Drivers/CMSIS/Include/cmsis_gcc.h **** /**
 587:Drivers/CMSIS/Include/cmsis_gcc.h ****   \brief   Rotate Right with Extend (32 bit)
 588:Drivers/CMSIS/Include/cmsis_gcc.h ****   \details Moves each bit of a bitstring right by one bit.
 589:Drivers/CMSIS/Include/cmsis_gcc.h ****            The carry input is shifted in at the left end of the bitstring.
 590:Drivers/CMSIS/Include/cmsis_gcc.h ****   \param [in]    value  Value to rotate
 591:Drivers/CMSIS/Include/cmsis_gcc.h ****   \return               Rotated value
 592:Drivers/CMSIS/Include/cmsis_gcc.h ****  */
 593:Drivers/CMSIS/Include/cmsis_gcc.h **** __STATIC_FORCEINLINE uint32_t __RRX(uint32_t value)
 594:Drivers/CMSIS/Include/cmsis_gcc.h **** {
 595:Drivers/CMSIS/Include/cmsis_gcc.h ****   uint32_t result;
 596:Drivers/CMSIS/Include/cmsis_gcc.h **** 
 597:Drivers/CMSIS/Include/cmsis_gcc.h ****   __ASM volatile ("rrx %0, %1" : __CMSIS_GCC_OUT_REG (result) : __CMSIS_GCC_USE_REG (value) );
 598:Drivers/CMSIS/Include/cmsis_gcc.h ****   return(result);
 599:Drivers/CMSIS/Include/cmsis_gcc.h **** }
 600:Drivers/CMSIS/Include/cmsis_gcc.h **** 
 601:Drivers/CMSIS/Include/cmsis_gcc.h **** 
 602:Drivers/CMSIS/Include/cmsis_gcc.h **** /**
 603:Drivers/CMSIS/Include/cmsis_gcc.h ****   \brief   LDRT Unprivileged (8 bit)
 604:Drivers/CMSIS/Include/cmsis_gcc.h ****   \details Executes a Unprivileged LDRT instruction for 8 bit value.
 605:Drivers/CMSIS/Include/cmsis_gcc.h ****   \param [in]    ptr  Pointer to data
 606:Drivers/CMSIS/Include/cmsis_gcc.h ****   \return             value of type uint8_t at (*ptr)
 607:Drivers/CMSIS/Include/cmsis_gcc.h ****  */
 608:Drivers/CMSIS/Include/cmsis_gcc.h **** __STATIC_FORCEINLINE uint8_t __LDRBT(volatile uint8_t *ptr)
 609:Drivers/CMSIS/Include/cmsis_gcc.h **** {
 610:Drivers/CMSIS/Include/cmsis_gcc.h ****     uint32_t result;
 611:Drivers/CMSIS/Include/cmsis_gcc.h **** 
 612:Drivers/CMSIS/Include/cmsis_gcc.h **** #if (__GNUC__ > 4) || (__GNUC__ == 4 && __GNUC_MINOR__ >= 8)
 613:Drivers/CMSIS/Include/cmsis_gcc.h ****    __ASM volatile ("ldrbt %0, %1" : "=r" (result) : "Q" (*ptr) );
 614:Drivers/CMSIS/Include/cmsis_gcc.h **** #else
 615:Drivers/CMSIS/Include/cmsis_gcc.h ****     /* Prior to GCC 4.8, "Q" will be expanded to [rx, #0] which is not
 616:Drivers/CMSIS/Include/cmsis_gcc.h ****        accepted by assembler. So has to use following less efficient pattern.
 617:Drivers/CMSIS/Include/cmsis_gcc.h ****     */
 618:Drivers/CMSIS/Include/cmsis_gcc.h ****    __ASM volatile ("ldrbt %0, [%1]" : "=r" (result) : "r" (ptr) : "memory" );
 619:Drivers/CMSIS/Include/cmsis_gcc.h **** #endif
 620:Drivers/CMSIS/Include/cmsis_gcc.h ****    return ((uint8_t) result);    /* Add explicit type cast here */
 621:Drivers/CMSIS/Include/cmsis_gcc.h **** }
 622:Drivers/CMSIS/Include/cmsis_gcc.h **** 
 623:Drivers/CMSIS/Include/cmsis_gcc.h **** 
 624:Drivers/CMSIS/Include/cmsis_gcc.h **** /**
 625:Drivers/CMSIS/Include/cmsis_gcc.h ****   \brief   LDRT Unprivileged (16 bit)
 626:Drivers/CMSIS/Include/cmsis_gcc.h ****   \details Executes a Unprivileged LDRT instruction for 16 bit values.
 627:Drivers/CMSIS/Include/cmsis_gcc.h ****   \param [in]    ptr  Pointer to data
 628:Drivers/CMSIS/Include/cmsis_gcc.h ****   \return        value of type uint16_t at (*ptr)
 629:Drivers/CMSIS/Include/cmsis_gcc.h ****  */
 630:Drivers/CMSIS/Include/cmsis_gcc.h **** __STATIC_FORCEINLINE uint16_t __LDRHT(volatile uint16_t *ptr)
 631:Drivers/CMSIS/Include/cmsis_gcc.h **** {
 632:Drivers/CMSIS/Include/cmsis_gcc.h ****     uint32_t result;
 633:Drivers/CMSIS/Include/cmsis_gcc.h **** 
 634:Drivers/CMSIS/Include/cmsis_gcc.h **** #if (__GNUC__ > 4) || (__GNUC__ == 4 && __GNUC_MINOR__ >= 8)
 635:Drivers/CMSIS/Include/cmsis_gcc.h ****    __ASM volatile ("ldrht %0, %1" : "=r" (result) : "Q" (*ptr) );
 636:Drivers/CMSIS/Include/cmsis_gcc.h **** #else
 637:Drivers/CMSIS/Include/cmsis_gcc.h ****     /* Prior to GCC 4.8, "Q" will be expanded to [rx, #0] which is not
 638:Drivers/CMSIS/Include/cmsis_gcc.h ****        accepted by assembler. So has to use following less efficient pattern.
 639:Drivers/CMSIS/Include/cmsis_gcc.h ****     */
 640:Drivers/CMSIS/Include/cmsis_gcc.h ****    __ASM volatile ("ldrht %0, [%1]" : "=r" (result) : "r" (ptr) : "memory" );
ARM GAS  C:\Users\leejo\AppData\Local\Temp\ccAZ9B2V.s 			page 34


 641:Drivers/CMSIS/Include/cmsis_gcc.h **** #endif
 642:Drivers/CMSIS/Include/cmsis_gcc.h ****    return ((uint16_t) result);    /* Add explicit type cast here */
 643:Drivers/CMSIS/Include/cmsis_gcc.h **** }
 644:Drivers/CMSIS/Include/cmsis_gcc.h **** 
 645:Drivers/CMSIS/Include/cmsis_gcc.h **** 
 646:Drivers/CMSIS/Include/cmsis_gcc.h **** /**
 647:Drivers/CMSIS/Include/cmsis_gcc.h ****   \brief   LDRT Unprivileged (32 bit)
 648:Drivers/CMSIS/Include/cmsis_gcc.h ****   \details Executes a Unprivileged LDRT instruction for 32 bit values.
 649:Drivers/CMSIS/Include/cmsis_gcc.h ****   \param [in]    ptr  Pointer to data
 650:Drivers/CMSIS/Include/cmsis_gcc.h ****   \return        value of type uint32_t at (*ptr)
 651:Drivers/CMSIS/Include/cmsis_gcc.h ****  */
 652:Drivers/CMSIS/Include/cmsis_gcc.h **** __STATIC_FORCEINLINE uint32_t __LDRT(volatile uint32_t *ptr)
 653:Drivers/CMSIS/Include/cmsis_gcc.h **** {
 654:Drivers/CMSIS/Include/cmsis_gcc.h ****     uint32_t result;
 655:Drivers/CMSIS/Include/cmsis_gcc.h **** 
 656:Drivers/CMSIS/Include/cmsis_gcc.h ****    __ASM volatile ("ldrt %0, %1" : "=r" (result) : "Q" (*ptr) );
 657:Drivers/CMSIS/Include/cmsis_gcc.h ****    return(result);
 658:Drivers/CMSIS/Include/cmsis_gcc.h **** }
 659:Drivers/CMSIS/Include/cmsis_gcc.h **** 
 660:Drivers/CMSIS/Include/cmsis_gcc.h **** 
 661:Drivers/CMSIS/Include/cmsis_gcc.h **** /**
 662:Drivers/CMSIS/Include/cmsis_gcc.h ****   \brief   STRT Unprivileged (8 bit)
 663:Drivers/CMSIS/Include/cmsis_gcc.h ****   \details Executes a Unprivileged STRT instruction for 8 bit values.
 664:Drivers/CMSIS/Include/cmsis_gcc.h ****   \param [in]  value  Value to store
 665:Drivers/CMSIS/Include/cmsis_gcc.h ****   \param [in]    ptr  Pointer to location
 666:Drivers/CMSIS/Include/cmsis_gcc.h ****  */
 667:Drivers/CMSIS/Include/cmsis_gcc.h **** __STATIC_FORCEINLINE void __STRBT(uint8_t value, volatile uint8_t *ptr)
 668:Drivers/CMSIS/Include/cmsis_gcc.h **** {
 669:Drivers/CMSIS/Include/cmsis_gcc.h ****    __ASM volatile ("strbt %1, %0" : "=Q" (*ptr) : "r" ((uint32_t)value) );
 670:Drivers/CMSIS/Include/cmsis_gcc.h **** }
 671:Drivers/CMSIS/Include/cmsis_gcc.h **** 
 672:Drivers/CMSIS/Include/cmsis_gcc.h **** 
 673:Drivers/CMSIS/Include/cmsis_gcc.h **** /**
 674:Drivers/CMSIS/Include/cmsis_gcc.h ****   \brief   STRT Unprivileged (16 bit)
 675:Drivers/CMSIS/Include/cmsis_gcc.h ****   \details Executes a Unprivileged STRT instruction for 16 bit values.
 676:Drivers/CMSIS/Include/cmsis_gcc.h ****   \param [in]  value  Value to store
 677:Drivers/CMSIS/Include/cmsis_gcc.h ****   \param [in]    ptr  Pointer to location
 678:Drivers/CMSIS/Include/cmsis_gcc.h ****  */
 679:Drivers/CMSIS/Include/cmsis_gcc.h **** __STATIC_FORCEINLINE void __STRHT(uint16_t value, volatile uint16_t *ptr)
 680:Drivers/CMSIS/Include/cmsis_gcc.h **** {
 681:Drivers/CMSIS/Include/cmsis_gcc.h ****    __ASM volatile ("strht %1, %0" : "=Q" (*ptr) : "r" ((uint32_t)value) );
 682:Drivers/CMSIS/Include/cmsis_gcc.h **** }
 683:Drivers/CMSIS/Include/cmsis_gcc.h **** 
 684:Drivers/CMSIS/Include/cmsis_gcc.h **** 
 685:Drivers/CMSIS/Include/cmsis_gcc.h **** /**
 686:Drivers/CMSIS/Include/cmsis_gcc.h ****   \brief   STRT Unprivileged (32 bit)
 687:Drivers/CMSIS/Include/cmsis_gcc.h ****   \details Executes a Unprivileged STRT instruction for 32 bit values.
 688:Drivers/CMSIS/Include/cmsis_gcc.h ****   \param [in]  value  Value to store
 689:Drivers/CMSIS/Include/cmsis_gcc.h ****   \param [in]    ptr  Pointer to location
 690:Drivers/CMSIS/Include/cmsis_gcc.h ****  */
 691:Drivers/CMSIS/Include/cmsis_gcc.h **** __STATIC_FORCEINLINE void __STRT(uint32_t value, volatile uint32_t *ptr)
 692:Drivers/CMSIS/Include/cmsis_gcc.h **** {
 693:Drivers/CMSIS/Include/cmsis_gcc.h ****    __ASM volatile ("strt %1, %0" : "=Q" (*ptr) : "r" (value) );
 694:Drivers/CMSIS/Include/cmsis_gcc.h **** }
 695:Drivers/CMSIS/Include/cmsis_gcc.h **** 
 696:Drivers/CMSIS/Include/cmsis_gcc.h **** #else  /* ((defined (__ARM_ARCH_7M__      ) && (__ARM_ARCH_7M__      == 1)) || \
 697:Drivers/CMSIS/Include/cmsis_gcc.h ****            (defined (__ARM_ARCH_7EM__     ) && (__ARM_ARCH_7EM__     == 1)) || \
ARM GAS  C:\Users\leejo\AppData\Local\Temp\ccAZ9B2V.s 			page 35


 698:Drivers/CMSIS/Include/cmsis_gcc.h ****            (defined (__ARM_ARCH_8M_MAIN__ ) && (__ARM_ARCH_8M_MAIN__ == 1))    ) */
 699:Drivers/CMSIS/Include/cmsis_gcc.h **** 
 700:Drivers/CMSIS/Include/cmsis_gcc.h **** /**
 701:Drivers/CMSIS/Include/cmsis_gcc.h ****   \brief   Signed Saturate
 702:Drivers/CMSIS/Include/cmsis_gcc.h ****   \details Saturates a signed value.
 703:Drivers/CMSIS/Include/cmsis_gcc.h ****   \param [in]  value  Value to be saturated
 704:Drivers/CMSIS/Include/cmsis_gcc.h ****   \param [in]    sat  Bit position to saturate to (1..32)
 705:Drivers/CMSIS/Include/cmsis_gcc.h ****   \return             Saturated value
 706:Drivers/CMSIS/Include/cmsis_gcc.h ****  */
 707:Drivers/CMSIS/Include/cmsis_gcc.h **** __STATIC_FORCEINLINE int32_t __SSAT(int32_t val, uint32_t sat)
 708:Drivers/CMSIS/Include/cmsis_gcc.h **** {
 709:Drivers/CMSIS/Include/cmsis_gcc.h ****   if ((sat >= 1U) && (sat <= 32U))
 710:Drivers/CMSIS/Include/cmsis_gcc.h ****   {
 711:Drivers/CMSIS/Include/cmsis_gcc.h ****     const int32_t max = (int32_t)((1U << (sat - 1U)) - 1U);
 712:Drivers/CMSIS/Include/cmsis_gcc.h ****     const int32_t min = -1 - max ;
 713:Drivers/CMSIS/Include/cmsis_gcc.h ****     if (val > max)
 714:Drivers/CMSIS/Include/cmsis_gcc.h ****     {
 715:Drivers/CMSIS/Include/cmsis_gcc.h ****       return max;
 716:Drivers/CMSIS/Include/cmsis_gcc.h ****     }
 717:Drivers/CMSIS/Include/cmsis_gcc.h ****     else if (val < min)
 718:Drivers/CMSIS/Include/cmsis_gcc.h ****     {
 719:Drivers/CMSIS/Include/cmsis_gcc.h ****       return min;
 720:Drivers/CMSIS/Include/cmsis_gcc.h ****     }
 721:Drivers/CMSIS/Include/cmsis_gcc.h ****   }
 722:Drivers/CMSIS/Include/cmsis_gcc.h ****   return val;
 723:Drivers/CMSIS/Include/cmsis_gcc.h **** }
 724:Drivers/CMSIS/Include/cmsis_gcc.h **** 
 725:Drivers/CMSIS/Include/cmsis_gcc.h **** /**
 726:Drivers/CMSIS/Include/cmsis_gcc.h ****   \brief   Unsigned Saturate
 727:Drivers/CMSIS/Include/cmsis_gcc.h ****   \details Saturates an unsigned value.
 728:Drivers/CMSIS/Include/cmsis_gcc.h ****   \param [in]  value  Value to be saturated
 729:Drivers/CMSIS/Include/cmsis_gcc.h ****   \param [in]    sat  Bit position to saturate to (0..31)
 730:Drivers/CMSIS/Include/cmsis_gcc.h ****   \return             Saturated value
 731:Drivers/CMSIS/Include/cmsis_gcc.h ****  */
 732:Drivers/CMSIS/Include/cmsis_gcc.h **** __STATIC_FORCEINLINE uint32_t __USAT(int32_t val, uint32_t sat)
 733:Drivers/CMSIS/Include/cmsis_gcc.h **** {
 734:Drivers/CMSIS/Include/cmsis_gcc.h ****   if (sat <= 31U)
 735:Drivers/CMSIS/Include/cmsis_gcc.h ****   {
 736:Drivers/CMSIS/Include/cmsis_gcc.h ****     const uint32_t max = ((1U << sat) - 1U);
 737:Drivers/CMSIS/Include/cmsis_gcc.h ****     if (val > (int32_t)max)
 738:Drivers/CMSIS/Include/cmsis_gcc.h ****     {
 739:Drivers/CMSIS/Include/cmsis_gcc.h ****       return max;
 740:Drivers/CMSIS/Include/cmsis_gcc.h ****     }
 741:Drivers/CMSIS/Include/cmsis_gcc.h ****     else if (val < 0)
 742:Drivers/CMSIS/Include/cmsis_gcc.h ****     {
 743:Drivers/CMSIS/Include/cmsis_gcc.h ****       return 0U;
 744:Drivers/CMSIS/Include/cmsis_gcc.h ****     }
 745:Drivers/CMSIS/Include/cmsis_gcc.h ****   }
 746:Drivers/CMSIS/Include/cmsis_gcc.h ****   return (uint32_t)val;
 747:Drivers/CMSIS/Include/cmsis_gcc.h **** }
 748:Drivers/CMSIS/Include/cmsis_gcc.h **** 
 749:Drivers/CMSIS/Include/cmsis_gcc.h **** #endif /* ((defined (__ARM_ARCH_7M__      ) && (__ARM_ARCH_7M__      == 1)) || \
 750:Drivers/CMSIS/Include/cmsis_gcc.h ****            (defined (__ARM_ARCH_7EM__     ) && (__ARM_ARCH_7EM__     == 1)) || \
 751:Drivers/CMSIS/Include/cmsis_gcc.h ****            (defined (__ARM_ARCH_8M_MAIN__ ) && (__ARM_ARCH_8M_MAIN__ == 1))    ) */
 752:Drivers/CMSIS/Include/cmsis_gcc.h **** 
 753:Drivers/CMSIS/Include/cmsis_gcc.h **** 
 754:Drivers/CMSIS/Include/cmsis_gcc.h **** #if ((defined (__ARM_ARCH_8M_MAIN__ ) && (__ARM_ARCH_8M_MAIN__ == 1)) || \
ARM GAS  C:\Users\leejo\AppData\Local\Temp\ccAZ9B2V.s 			page 36


 755:Drivers/CMSIS/Include/cmsis_gcc.h ****      (defined (__ARM_ARCH_8M_BASE__ ) && (__ARM_ARCH_8M_BASE__ == 1))    )
 756:Drivers/CMSIS/Include/cmsis_gcc.h **** /**
 757:Drivers/CMSIS/Include/cmsis_gcc.h ****   \brief   Load-Acquire (8 bit)
 758:Drivers/CMSIS/Include/cmsis_gcc.h ****   \details Executes a LDAB instruction for 8 bit value.
 759:Drivers/CMSIS/Include/cmsis_gcc.h ****   \param [in]    ptr  Pointer to data
 760:Drivers/CMSIS/Include/cmsis_gcc.h ****   \return             value of type uint8_t at (*ptr)
 761:Drivers/CMSIS/Include/cmsis_gcc.h ****  */
 762:Drivers/CMSIS/Include/cmsis_gcc.h **** __STATIC_FORCEINLINE uint8_t __LDAB(volatile uint8_t *ptr)
 763:Drivers/CMSIS/Include/cmsis_gcc.h **** {
 764:Drivers/CMSIS/Include/cmsis_gcc.h ****     uint32_t result;
 765:Drivers/CMSIS/Include/cmsis_gcc.h **** 
 766:Drivers/CMSIS/Include/cmsis_gcc.h ****    __ASM volatile ("ldab %0, %1" : "=r" (result) : "Q" (*ptr) : "memory" );
 767:Drivers/CMSIS/Include/cmsis_gcc.h ****    return ((uint8_t) result);
 768:Drivers/CMSIS/Include/cmsis_gcc.h **** }
 769:Drivers/CMSIS/Include/cmsis_gcc.h **** 
 770:Drivers/CMSIS/Include/cmsis_gcc.h **** 
 771:Drivers/CMSIS/Include/cmsis_gcc.h **** /**
 772:Drivers/CMSIS/Include/cmsis_gcc.h ****   \brief   Load-Acquire (16 bit)
 773:Drivers/CMSIS/Include/cmsis_gcc.h ****   \details Executes a LDAH instruction for 16 bit values.
 774:Drivers/CMSIS/Include/cmsis_gcc.h ****   \param [in]    ptr  Pointer to data
 775:Drivers/CMSIS/Include/cmsis_gcc.h ****   \return        value of type uint16_t at (*ptr)
 776:Drivers/CMSIS/Include/cmsis_gcc.h ****  */
 777:Drivers/CMSIS/Include/cmsis_gcc.h **** __STATIC_FORCEINLINE uint16_t __LDAH(volatile uint16_t *ptr)
 778:Drivers/CMSIS/Include/cmsis_gcc.h **** {
 779:Drivers/CMSIS/Include/cmsis_gcc.h ****     uint32_t result;
 780:Drivers/CMSIS/Include/cmsis_gcc.h **** 
 781:Drivers/CMSIS/Include/cmsis_gcc.h ****    __ASM volatile ("ldah %0, %1" : "=r" (result) : "Q" (*ptr) : "memory" );
 782:Drivers/CMSIS/Include/cmsis_gcc.h ****    return ((uint16_t) result);
 783:Drivers/CMSIS/Include/cmsis_gcc.h **** }
 784:Drivers/CMSIS/Include/cmsis_gcc.h **** 
 785:Drivers/CMSIS/Include/cmsis_gcc.h **** 
 786:Drivers/CMSIS/Include/cmsis_gcc.h **** /**
 787:Drivers/CMSIS/Include/cmsis_gcc.h ****   \brief   Load-Acquire (32 bit)
 788:Drivers/CMSIS/Include/cmsis_gcc.h ****   \details Executes a LDA instruction for 32 bit values.
 789:Drivers/CMSIS/Include/cmsis_gcc.h ****   \param [in]    ptr  Pointer to data
 790:Drivers/CMSIS/Include/cmsis_gcc.h ****   \return        value of type uint32_t at (*ptr)
 791:Drivers/CMSIS/Include/cmsis_gcc.h ****  */
 792:Drivers/CMSIS/Include/cmsis_gcc.h **** __STATIC_FORCEINLINE uint32_t __LDA(volatile uint32_t *ptr)
 793:Drivers/CMSIS/Include/cmsis_gcc.h **** {
 794:Drivers/CMSIS/Include/cmsis_gcc.h ****     uint32_t result;
 795:Drivers/CMSIS/Include/cmsis_gcc.h **** 
 796:Drivers/CMSIS/Include/cmsis_gcc.h ****    __ASM volatile ("lda %0, %1" : "=r" (result) : "Q" (*ptr) : "memory" );
 797:Drivers/CMSIS/Include/cmsis_gcc.h ****    return(result);
 798:Drivers/CMSIS/Include/cmsis_gcc.h **** }
 799:Drivers/CMSIS/Include/cmsis_gcc.h **** 
 800:Drivers/CMSIS/Include/cmsis_gcc.h **** 
 801:Drivers/CMSIS/Include/cmsis_gcc.h **** /**
 802:Drivers/CMSIS/Include/cmsis_gcc.h ****   \brief   Store-Release (8 bit)
 803:Drivers/CMSIS/Include/cmsis_gcc.h ****   \details Executes a STLB instruction for 8 bit values.
 804:Drivers/CMSIS/Include/cmsis_gcc.h ****   \param [in]  value  Value to store
 805:Drivers/CMSIS/Include/cmsis_gcc.h ****   \param [in]    ptr  Pointer to location
 806:Drivers/CMSIS/Include/cmsis_gcc.h ****  */
 807:Drivers/CMSIS/Include/cmsis_gcc.h **** __STATIC_FORCEINLINE void __STLB(uint8_t value, volatile uint8_t *ptr)
 808:Drivers/CMSIS/Include/cmsis_gcc.h **** {
 809:Drivers/CMSIS/Include/cmsis_gcc.h ****    __ASM volatile ("stlb %1, %0" : "=Q" (*ptr) : "r" ((uint32_t)value) : "memory" );
 810:Drivers/CMSIS/Include/cmsis_gcc.h **** }
 811:Drivers/CMSIS/Include/cmsis_gcc.h **** 
ARM GAS  C:\Users\leejo\AppData\Local\Temp\ccAZ9B2V.s 			page 37


 812:Drivers/CMSIS/Include/cmsis_gcc.h **** 
 813:Drivers/CMSIS/Include/cmsis_gcc.h **** /**
 814:Drivers/CMSIS/Include/cmsis_gcc.h ****   \brief   Store-Release (16 bit)
 815:Drivers/CMSIS/Include/cmsis_gcc.h ****   \details Executes a STLH instruction for 16 bit values.
 816:Drivers/CMSIS/Include/cmsis_gcc.h ****   \param [in]  value  Value to store
 817:Drivers/CMSIS/Include/cmsis_gcc.h ****   \param [in]    ptr  Pointer to location
 818:Drivers/CMSIS/Include/cmsis_gcc.h ****  */
 819:Drivers/CMSIS/Include/cmsis_gcc.h **** __STATIC_FORCEINLINE void __STLH(uint16_t value, volatile uint16_t *ptr)
 820:Drivers/CMSIS/Include/cmsis_gcc.h **** {
 821:Drivers/CMSIS/Include/cmsis_gcc.h ****    __ASM volatile ("stlh %1, %0" : "=Q" (*ptr) : "r" ((uint32_t)value) : "memory" );
 822:Drivers/CMSIS/Include/cmsis_gcc.h **** }
 823:Drivers/CMSIS/Include/cmsis_gcc.h **** 
 824:Drivers/CMSIS/Include/cmsis_gcc.h **** 
 825:Drivers/CMSIS/Include/cmsis_gcc.h **** /**
 826:Drivers/CMSIS/Include/cmsis_gcc.h ****   \brief   Store-Release (32 bit)
 827:Drivers/CMSIS/Include/cmsis_gcc.h ****   \details Executes a STL instruction for 32 bit values.
 828:Drivers/CMSIS/Include/cmsis_gcc.h ****   \param [in]  value  Value to store
 829:Drivers/CMSIS/Include/cmsis_gcc.h ****   \param [in]    ptr  Pointer to location
 830:Drivers/CMSIS/Include/cmsis_gcc.h ****  */
 831:Drivers/CMSIS/Include/cmsis_gcc.h **** __STATIC_FORCEINLINE void __STL(uint32_t value, volatile uint32_t *ptr)
 832:Drivers/CMSIS/Include/cmsis_gcc.h **** {
 833:Drivers/CMSIS/Include/cmsis_gcc.h ****    __ASM volatile ("stl %1, %0" : "=Q" (*ptr) : "r" ((uint32_t)value) : "memory" );
 834:Drivers/CMSIS/Include/cmsis_gcc.h **** }
 835:Drivers/CMSIS/Include/cmsis_gcc.h **** 
 836:Drivers/CMSIS/Include/cmsis_gcc.h **** 
 837:Drivers/CMSIS/Include/cmsis_gcc.h **** /**
 838:Drivers/CMSIS/Include/cmsis_gcc.h ****   \brief   Load-Acquire Exclusive (8 bit)
 839:Drivers/CMSIS/Include/cmsis_gcc.h ****   \details Executes a LDAB exclusive instruction for 8 bit value.
 840:Drivers/CMSIS/Include/cmsis_gcc.h ****   \param [in]    ptr  Pointer to data
 841:Drivers/CMSIS/Include/cmsis_gcc.h ****   \return             value of type uint8_t at (*ptr)
 842:Drivers/CMSIS/Include/cmsis_gcc.h ****  */
 843:Drivers/CMSIS/Include/cmsis_gcc.h **** __STATIC_FORCEINLINE uint8_t __LDAEXB(volatile uint8_t *ptr)
 844:Drivers/CMSIS/Include/cmsis_gcc.h **** {
 845:Drivers/CMSIS/Include/cmsis_gcc.h ****     uint32_t result;
 846:Drivers/CMSIS/Include/cmsis_gcc.h **** 
 847:Drivers/CMSIS/Include/cmsis_gcc.h ****    __ASM volatile ("ldaexb %0, %1" : "=r" (result) : "Q" (*ptr) : "memory" );
 848:Drivers/CMSIS/Include/cmsis_gcc.h ****    return ((uint8_t) result);
 849:Drivers/CMSIS/Include/cmsis_gcc.h **** }
 850:Drivers/CMSIS/Include/cmsis_gcc.h **** 
 851:Drivers/CMSIS/Include/cmsis_gcc.h **** 
 852:Drivers/CMSIS/Include/cmsis_gcc.h **** /**
 853:Drivers/CMSIS/Include/cmsis_gcc.h ****   \brief   Load-Acquire Exclusive (16 bit)
 854:Drivers/CMSIS/Include/cmsis_gcc.h ****   \details Executes a LDAH exclusive instruction for 16 bit values.
 855:Drivers/CMSIS/Include/cmsis_gcc.h ****   \param [in]    ptr  Pointer to data
 856:Drivers/CMSIS/Include/cmsis_gcc.h ****   \return        value of type uint16_t at (*ptr)
 857:Drivers/CMSIS/Include/cmsis_gcc.h ****  */
 858:Drivers/CMSIS/Include/cmsis_gcc.h **** __STATIC_FORCEINLINE uint16_t __LDAEXH(volatile uint16_t *ptr)
 859:Drivers/CMSIS/Include/cmsis_gcc.h **** {
 860:Drivers/CMSIS/Include/cmsis_gcc.h ****     uint32_t result;
 861:Drivers/CMSIS/Include/cmsis_gcc.h **** 
 862:Drivers/CMSIS/Include/cmsis_gcc.h ****    __ASM volatile ("ldaexh %0, %1" : "=r" (result) : "Q" (*ptr) : "memory" );
 863:Drivers/CMSIS/Include/cmsis_gcc.h ****    return ((uint16_t) result);
 864:Drivers/CMSIS/Include/cmsis_gcc.h **** }
 865:Drivers/CMSIS/Include/cmsis_gcc.h **** 
 866:Drivers/CMSIS/Include/cmsis_gcc.h **** 
 867:Drivers/CMSIS/Include/cmsis_gcc.h **** /**
 868:Drivers/CMSIS/Include/cmsis_gcc.h ****   \brief   Load-Acquire Exclusive (32 bit)
ARM GAS  C:\Users\leejo\AppData\Local\Temp\ccAZ9B2V.s 			page 38


 869:Drivers/CMSIS/Include/cmsis_gcc.h ****   \details Executes a LDA exclusive instruction for 32 bit values.
 870:Drivers/CMSIS/Include/cmsis_gcc.h ****   \param [in]    ptr  Pointer to data
 871:Drivers/CMSIS/Include/cmsis_gcc.h ****   \return        value of type uint32_t at (*ptr)
 872:Drivers/CMSIS/Include/cmsis_gcc.h ****  */
 873:Drivers/CMSIS/Include/cmsis_gcc.h **** __STATIC_FORCEINLINE uint32_t __LDAEX(volatile uint32_t *ptr)
 874:Drivers/CMSIS/Include/cmsis_gcc.h **** {
 875:Drivers/CMSIS/Include/cmsis_gcc.h ****     uint32_t result;
 876:Drivers/CMSIS/Include/cmsis_gcc.h **** 
 877:Drivers/CMSIS/Include/cmsis_gcc.h ****    __ASM volatile ("ldaex %0, %1" : "=r" (result) : "Q" (*ptr) : "memory" );
 878:Drivers/CMSIS/Include/cmsis_gcc.h ****    return(result);
 879:Drivers/CMSIS/Include/cmsis_gcc.h **** }
 880:Drivers/CMSIS/Include/cmsis_gcc.h **** 
 881:Drivers/CMSIS/Include/cmsis_gcc.h **** 
 882:Drivers/CMSIS/Include/cmsis_gcc.h **** /**
 883:Drivers/CMSIS/Include/cmsis_gcc.h ****   \brief   Store-Release Exclusive (8 bit)
 884:Drivers/CMSIS/Include/cmsis_gcc.h ****   \details Executes a STLB exclusive instruction for 8 bit values.
 885:Drivers/CMSIS/Include/cmsis_gcc.h ****   \param [in]  value  Value to store
 886:Drivers/CMSIS/Include/cmsis_gcc.h ****   \param [in]    ptr  Pointer to location
 887:Drivers/CMSIS/Include/cmsis_gcc.h ****   \return          0  Function succeeded
 888:Drivers/CMSIS/Include/cmsis_gcc.h ****   \return          1  Function failed
 889:Drivers/CMSIS/Include/cmsis_gcc.h ****  */
 890:Drivers/CMSIS/Include/cmsis_gcc.h **** __STATIC_FORCEINLINE uint32_t __STLEXB(uint8_t value, volatile uint8_t *ptr)
 891:Drivers/CMSIS/Include/cmsis_gcc.h **** {
 892:Drivers/CMSIS/Include/cmsis_gcc.h ****    uint32_t result;
 893:Drivers/CMSIS/Include/cmsis_gcc.h **** 
 894:Drivers/CMSIS/Include/cmsis_gcc.h ****    __ASM volatile ("stlexb %0, %2, %1" : "=&r" (result), "=Q" (*ptr) : "r" ((uint32_t)value) : "mem
 895:Drivers/CMSIS/Include/cmsis_gcc.h ****    return(result);
 896:Drivers/CMSIS/Include/cmsis_gcc.h **** }
 897:Drivers/CMSIS/Include/cmsis_gcc.h **** 
 898:Drivers/CMSIS/Include/cmsis_gcc.h **** 
 899:Drivers/CMSIS/Include/cmsis_gcc.h **** /**
 900:Drivers/CMSIS/Include/cmsis_gcc.h ****   \brief   Store-Release Exclusive (16 bit)
 901:Drivers/CMSIS/Include/cmsis_gcc.h ****   \details Executes a STLH exclusive instruction for 16 bit values.
 902:Drivers/CMSIS/Include/cmsis_gcc.h ****   \param [in]  value  Value to store
 903:Drivers/CMSIS/Include/cmsis_gcc.h ****   \param [in]    ptr  Pointer to location
 904:Drivers/CMSIS/Include/cmsis_gcc.h ****   \return          0  Function succeeded
 905:Drivers/CMSIS/Include/cmsis_gcc.h ****   \return          1  Function failed
 906:Drivers/CMSIS/Include/cmsis_gcc.h ****  */
 907:Drivers/CMSIS/Include/cmsis_gcc.h **** __STATIC_FORCEINLINE uint32_t __STLEXH(uint16_t value, volatile uint16_t *ptr)
 908:Drivers/CMSIS/Include/cmsis_gcc.h **** {
 909:Drivers/CMSIS/Include/cmsis_gcc.h ****    uint32_t result;
 910:Drivers/CMSIS/Include/cmsis_gcc.h **** 
 911:Drivers/CMSIS/Include/cmsis_gcc.h ****    __ASM volatile ("stlexh %0, %2, %1" : "=&r" (result), "=Q" (*ptr) : "r" ((uint32_t)value) : "mem
 912:Drivers/CMSIS/Include/cmsis_gcc.h ****    return(result);
 913:Drivers/CMSIS/Include/cmsis_gcc.h **** }
 914:Drivers/CMSIS/Include/cmsis_gcc.h **** 
 915:Drivers/CMSIS/Include/cmsis_gcc.h **** 
 916:Drivers/CMSIS/Include/cmsis_gcc.h **** /**
 917:Drivers/CMSIS/Include/cmsis_gcc.h ****   \brief   Store-Release Exclusive (32 bit)
 918:Drivers/CMSIS/Include/cmsis_gcc.h ****   \details Executes a STL exclusive instruction for 32 bit values.
 919:Drivers/CMSIS/Include/cmsis_gcc.h ****   \param [in]  value  Value to store
 920:Drivers/CMSIS/Include/cmsis_gcc.h ****   \param [in]    ptr  Pointer to location
 921:Drivers/CMSIS/Include/cmsis_gcc.h ****   \return          0  Function succeeded
 922:Drivers/CMSIS/Include/cmsis_gcc.h ****   \return          1  Function failed
 923:Drivers/CMSIS/Include/cmsis_gcc.h ****  */
 924:Drivers/CMSIS/Include/cmsis_gcc.h **** __STATIC_FORCEINLINE uint32_t __STLEX(uint32_t value, volatile uint32_t *ptr)
 925:Drivers/CMSIS/Include/cmsis_gcc.h **** {
ARM GAS  C:\Users\leejo\AppData\Local\Temp\ccAZ9B2V.s 			page 39


 926:Drivers/CMSIS/Include/cmsis_gcc.h ****    uint32_t result;
 927:Drivers/CMSIS/Include/cmsis_gcc.h **** 
 928:Drivers/CMSIS/Include/cmsis_gcc.h ****    __ASM volatile ("stlex %0, %2, %1" : "=&r" (result), "=Q" (*ptr) : "r" ((uint32_t)value) : "memo
 929:Drivers/CMSIS/Include/cmsis_gcc.h ****    return(result);
 930:Drivers/CMSIS/Include/cmsis_gcc.h **** }
 931:Drivers/CMSIS/Include/cmsis_gcc.h **** 
 932:Drivers/CMSIS/Include/cmsis_gcc.h **** #endif /* ((defined (__ARM_ARCH_8M_MAIN__ ) && (__ARM_ARCH_8M_MAIN__ == 1)) || \
 933:Drivers/CMSIS/Include/cmsis_gcc.h ****            (defined (__ARM_ARCH_8M_BASE__ ) && (__ARM_ARCH_8M_BASE__ == 1))    ) */
 934:Drivers/CMSIS/Include/cmsis_gcc.h **** 
 935:Drivers/CMSIS/Include/cmsis_gcc.h **** /*@}*/ /* end of group CMSIS_Core_InstructionInterface */
 936:Drivers/CMSIS/Include/cmsis_gcc.h **** 
 937:Drivers/CMSIS/Include/cmsis_gcc.h **** 
 938:Drivers/CMSIS/Include/cmsis_gcc.h **** /* ###########################  Core Function Access  ########################### */
 939:Drivers/CMSIS/Include/cmsis_gcc.h **** /** \ingroup  CMSIS_Core_FunctionInterface
 940:Drivers/CMSIS/Include/cmsis_gcc.h ****     \defgroup CMSIS_Core_RegAccFunctions CMSIS Core Register Access Functions
 941:Drivers/CMSIS/Include/cmsis_gcc.h ****   @{
 942:Drivers/CMSIS/Include/cmsis_gcc.h ****  */
 943:Drivers/CMSIS/Include/cmsis_gcc.h **** 
 944:Drivers/CMSIS/Include/cmsis_gcc.h **** /**
 945:Drivers/CMSIS/Include/cmsis_gcc.h ****   \brief   Enable IRQ Interrupts
 946:Drivers/CMSIS/Include/cmsis_gcc.h ****   \details Enables IRQ interrupts by clearing special-purpose register PRIMASK.
 947:Drivers/CMSIS/Include/cmsis_gcc.h ****            Can only be executed in Privileged modes.
 948:Drivers/CMSIS/Include/cmsis_gcc.h ****  */
 949:Drivers/CMSIS/Include/cmsis_gcc.h **** __STATIC_FORCEINLINE void __enable_irq(void)
 950:Drivers/CMSIS/Include/cmsis_gcc.h **** {
 951:Drivers/CMSIS/Include/cmsis_gcc.h ****   __ASM volatile ("cpsie i" : : : "memory");
 952:Drivers/CMSIS/Include/cmsis_gcc.h **** }
 953:Drivers/CMSIS/Include/cmsis_gcc.h **** 
 954:Drivers/CMSIS/Include/cmsis_gcc.h **** 
 955:Drivers/CMSIS/Include/cmsis_gcc.h **** /**
 956:Drivers/CMSIS/Include/cmsis_gcc.h ****   \brief   Disable IRQ Interrupts
 957:Drivers/CMSIS/Include/cmsis_gcc.h ****   \details Disables IRQ interrupts by setting special-purpose register PRIMASK.
 958:Drivers/CMSIS/Include/cmsis_gcc.h ****            Can only be executed in Privileged modes.
 959:Drivers/CMSIS/Include/cmsis_gcc.h ****  */
 960:Drivers/CMSIS/Include/cmsis_gcc.h **** __STATIC_FORCEINLINE void __disable_irq(void)
 643              		.loc 2 960 27 view .LVU185
 644              	.LBB12:
 961:Drivers/CMSIS/Include/cmsis_gcc.h **** {
 962:Drivers/CMSIS/Include/cmsis_gcc.h ****   __ASM volatile ("cpsid i" : : : "memory");
 645              		.loc 2 962 3 view .LVU186
 646              		.syntax unified
 647              	@ 962 "Drivers/CMSIS/Include/cmsis_gcc.h" 1
 648 0000 72B6     		cpsid i
 649              	@ 0 "" 2
 650              		.thumb
 651              		.syntax unified
 652              	.L27:
 653              	.LBE12:
 654              	.LBE11:
 578:Core/Src/main.c ****   while (1)
 655              		.loc 1 578 3 view .LVU187
 579:Core/Src/main.c ****   {
 580:Core/Src/main.c ****   }
 656              		.loc 1 580 3 view .LVU188
 578:Core/Src/main.c ****   while (1)
 657              		.loc 1 578 9 view .LVU189
 658 0002 FEE7     		b	.L27
ARM GAS  C:\Users\leejo\AppData\Local\Temp\ccAZ9B2V.s 			page 40


 659              		.cfi_endproc
 660              	.LFE150:
 662              		.section	.text.MX_I2C1_Init,"ax",%progbits
 663              		.align	1
 664              		.syntax unified
 665              		.thumb
 666              		.thumb_func
 668              	MX_I2C1_Init:
 669              	.LFB141:
 239:Core/Src/main.c **** 
 670              		.loc 1 239 1 view -0
 671              		.cfi_startproc
 672              		@ args = 0, pretend = 0, frame = 0
 673              		@ frame_needed = 0, uses_anonymous_args = 0
 674 0000 08B5     		push	{r3, lr}
 675              		.cfi_def_cfa_offset 8
 676              		.cfi_offset 3, -8
 677              		.cfi_offset 14, -4
 248:Core/Src/main.c ****   hi2c1.Init.ClockSpeed = 100000;
 678              		.loc 1 248 3 view .LVU191
 248:Core/Src/main.c ****   hi2c1.Init.ClockSpeed = 100000;
 679              		.loc 1 248 18 is_stmt 0 view .LVU192
 680 0002 0A48     		ldr	r0, .L32
 681 0004 0A4B     		ldr	r3, .L32+4
 682 0006 0360     		str	r3, [r0]
 249:Core/Src/main.c ****   hi2c1.Init.DutyCycle = I2C_DUTYCYCLE_2;
 683              		.loc 1 249 3 is_stmt 1 view .LVU193
 249:Core/Src/main.c ****   hi2c1.Init.DutyCycle = I2C_DUTYCYCLE_2;
 684              		.loc 1 249 25 is_stmt 0 view .LVU194
 685 0008 0A4B     		ldr	r3, .L32+8
 686 000a 4360     		str	r3, [r0, #4]
 250:Core/Src/main.c ****   hi2c1.Init.OwnAddress1 = 0;
 687              		.loc 1 250 3 is_stmt 1 view .LVU195
 250:Core/Src/main.c ****   hi2c1.Init.OwnAddress1 = 0;
 688              		.loc 1 250 24 is_stmt 0 view .LVU196
 689 000c 0023     		movs	r3, #0
 690 000e 8360     		str	r3, [r0, #8]
 251:Core/Src/main.c ****   hi2c1.Init.AddressingMode = I2C_ADDRESSINGMODE_7BIT;
 691              		.loc 1 251 3 is_stmt 1 view .LVU197
 251:Core/Src/main.c ****   hi2c1.Init.AddressingMode = I2C_ADDRESSINGMODE_7BIT;
 692              		.loc 1 251 26 is_stmt 0 view .LVU198
 693 0010 C360     		str	r3, [r0, #12]
 252:Core/Src/main.c ****   hi2c1.Init.DualAddressMode = I2C_DUALADDRESS_DISABLE;
 694              		.loc 1 252 3 is_stmt 1 view .LVU199
 252:Core/Src/main.c ****   hi2c1.Init.DualAddressMode = I2C_DUALADDRESS_DISABLE;
 695              		.loc 1 252 29 is_stmt 0 view .LVU200
 696 0012 4FF48042 		mov	r2, #16384
 697 0016 0261     		str	r2, [r0, #16]
 253:Core/Src/main.c ****   hi2c1.Init.OwnAddress2 = 0;
 698              		.loc 1 253 3 is_stmt 1 view .LVU201
 253:Core/Src/main.c ****   hi2c1.Init.OwnAddress2 = 0;
 699              		.loc 1 253 30 is_stmt 0 view .LVU202
 700 0018 4361     		str	r3, [r0, #20]
 254:Core/Src/main.c ****   hi2c1.Init.GeneralCallMode = I2C_GENERALCALL_DISABLE;
 701              		.loc 1 254 3 is_stmt 1 view .LVU203
 254:Core/Src/main.c ****   hi2c1.Init.GeneralCallMode = I2C_GENERALCALL_DISABLE;
 702              		.loc 1 254 26 is_stmt 0 view .LVU204
ARM GAS  C:\Users\leejo\AppData\Local\Temp\ccAZ9B2V.s 			page 41


 703 001a 8361     		str	r3, [r0, #24]
 255:Core/Src/main.c ****   hi2c1.Init.NoStretchMode = I2C_NOSTRETCH_DISABLE;
 704              		.loc 1 255 3 is_stmt 1 view .LVU205
 255:Core/Src/main.c ****   hi2c1.Init.NoStretchMode = I2C_NOSTRETCH_DISABLE;
 705              		.loc 1 255 30 is_stmt 0 view .LVU206
 706 001c C361     		str	r3, [r0, #28]
 256:Core/Src/main.c ****   if (HAL_I2C_Init(&hi2c1) != HAL_OK)
 707              		.loc 1 256 3 is_stmt 1 view .LVU207
 256:Core/Src/main.c ****   if (HAL_I2C_Init(&hi2c1) != HAL_OK)
 708              		.loc 1 256 28 is_stmt 0 view .LVU208
 709 001e 0362     		str	r3, [r0, #32]
 257:Core/Src/main.c ****   {
 710              		.loc 1 257 3 is_stmt 1 view .LVU209
 257:Core/Src/main.c ****   {
 711              		.loc 1 257 7 is_stmt 0 view .LVU210
 712 0020 FFF7FEFF 		bl	HAL_I2C_Init
 713              	.LVL35:
 257:Core/Src/main.c ****   {
 714              		.loc 1 257 6 discriminator 1 view .LVU211
 715 0024 00B9     		cbnz	r0, .L31
 265:Core/Src/main.c **** 
 716              		.loc 1 265 1 view .LVU212
 717 0026 08BD     		pop	{r3, pc}
 718              	.L31:
 259:Core/Src/main.c ****   }
 719              		.loc 1 259 5 is_stmt 1 view .LVU213
 720 0028 FFF7FEFF 		bl	Error_Handler
 721              	.LVL36:
 722              	.L33:
 723              		.align	2
 724              	.L32:
 725 002c 00000000 		.word	hi2c1
 726 0030 00540040 		.word	1073763328
 727 0034 A0860100 		.word	100000
 728              		.cfi_endproc
 729              	.LFE141:
 731              		.section	.text.MX_I2S3_Init,"ax",%progbits
 732              		.align	1
 733              		.syntax unified
 734              		.thumb
 735              		.thumb_func
 737              	MX_I2S3_Init:
 738              	.LFB142:
 273:Core/Src/main.c **** 
 739              		.loc 1 273 1 view -0
 740              		.cfi_startproc
 741              		@ args = 0, pretend = 0, frame = 0
 742              		@ frame_needed = 0, uses_anonymous_args = 0
 743 0000 08B5     		push	{r3, lr}
 744              		.cfi_def_cfa_offset 8
 745              		.cfi_offset 3, -8
 746              		.cfi_offset 14, -4
 282:Core/Src/main.c ****   hi2s3.Init.Mode = I2S_MODE_MASTER_TX;
 747              		.loc 1 282 3 view .LVU215
 282:Core/Src/main.c ****   hi2s3.Init.Mode = I2S_MODE_MASTER_TX;
 748              		.loc 1 282 18 is_stmt 0 view .LVU216
 749 0002 0C48     		ldr	r0, .L38
ARM GAS  C:\Users\leejo\AppData\Local\Temp\ccAZ9B2V.s 			page 42


 750 0004 0C4B     		ldr	r3, .L38+4
 751 0006 0360     		str	r3, [r0]
 283:Core/Src/main.c ****   hi2s3.Init.Standard = I2S_STANDARD_PHILIPS;
 752              		.loc 1 283 3 is_stmt 1 view .LVU217
 283:Core/Src/main.c ****   hi2s3.Init.Standard = I2S_STANDARD_PHILIPS;
 753              		.loc 1 283 19 is_stmt 0 view .LVU218
 754 0008 4FF40072 		mov	r2, #512
 755 000c 4260     		str	r2, [r0, #4]
 284:Core/Src/main.c ****   hi2s3.Init.DataFormat = I2S_DATAFORMAT_24B;
 756              		.loc 1 284 3 is_stmt 1 view .LVU219
 284:Core/Src/main.c ****   hi2s3.Init.DataFormat = I2S_DATAFORMAT_24B;
 757              		.loc 1 284 23 is_stmt 0 view .LVU220
 758 000e 0023     		movs	r3, #0
 759 0010 8360     		str	r3, [r0, #8]
 285:Core/Src/main.c ****   hi2s3.Init.MCLKOutput = I2S_MCLKOUTPUT_ENABLE;
 760              		.loc 1 285 3 is_stmt 1 view .LVU221
 285:Core/Src/main.c ****   hi2s3.Init.MCLKOutput = I2S_MCLKOUTPUT_ENABLE;
 761              		.loc 1 285 25 is_stmt 0 view .LVU222
 762 0012 0321     		movs	r1, #3
 763 0014 C160     		str	r1, [r0, #12]
 286:Core/Src/main.c ****   hi2s3.Init.AudioFreq = I2S_AUDIOFREQ_32K;
 764              		.loc 1 286 3 is_stmt 1 view .LVU223
 286:Core/Src/main.c ****   hi2s3.Init.AudioFreq = I2S_AUDIOFREQ_32K;
 765              		.loc 1 286 25 is_stmt 0 view .LVU224
 766 0016 0261     		str	r2, [r0, #16]
 287:Core/Src/main.c ****   hi2s3.Init.CPOL = I2S_CPOL_LOW;
 767              		.loc 1 287 3 is_stmt 1 view .LVU225
 287:Core/Src/main.c ****   hi2s3.Init.CPOL = I2S_CPOL_LOW;
 768              		.loc 1 287 24 is_stmt 0 view .LVU226
 769 0018 4FF4FA42 		mov	r2, #32000
 770 001c 4261     		str	r2, [r0, #20]
 288:Core/Src/main.c ****   hi2s3.Init.ClockSource = I2S_CLOCK_PLL;
 771              		.loc 1 288 3 is_stmt 1 view .LVU227
 288:Core/Src/main.c ****   hi2s3.Init.ClockSource = I2S_CLOCK_PLL;
 772              		.loc 1 288 19 is_stmt 0 view .LVU228
 773 001e 8361     		str	r3, [r0, #24]
 289:Core/Src/main.c ****   hi2s3.Init.FullDuplexMode = I2S_FULLDUPLEXMODE_ENABLE;
 774              		.loc 1 289 3 is_stmt 1 view .LVU229
 289:Core/Src/main.c ****   hi2s3.Init.FullDuplexMode = I2S_FULLDUPLEXMODE_ENABLE;
 775              		.loc 1 289 26 is_stmt 0 view .LVU230
 776 0020 C361     		str	r3, [r0, #28]
 290:Core/Src/main.c ****   if (HAL_I2S_Init(&hi2s3) != HAL_OK)
 777              		.loc 1 290 3 is_stmt 1 view .LVU231
 290:Core/Src/main.c ****   if (HAL_I2S_Init(&hi2s3) != HAL_OK)
 778              		.loc 1 290 29 is_stmt 0 view .LVU232
 779 0022 0123     		movs	r3, #1
 780 0024 0362     		str	r3, [r0, #32]
 291:Core/Src/main.c ****   {
 781              		.loc 1 291 3 is_stmt 1 view .LVU233
 291:Core/Src/main.c ****   {
 782              		.loc 1 291 7 is_stmt 0 view .LVU234
 783 0026 FFF7FEFF 		bl	HAL_I2S_Init
 784              	.LVL37:
 291:Core/Src/main.c ****   {
 785              		.loc 1 291 6 discriminator 1 view .LVU235
 786 002a 00B9     		cbnz	r0, .L37
 299:Core/Src/main.c **** 
ARM GAS  C:\Users\leejo\AppData\Local\Temp\ccAZ9B2V.s 			page 43


 787              		.loc 1 299 1 view .LVU236
 788 002c 08BD     		pop	{r3, pc}
 789              	.L37:
 293:Core/Src/main.c ****   }
 790              		.loc 1 293 5 is_stmt 1 view .LVU237
 791 002e FFF7FEFF 		bl	Error_Handler
 792              	.LVL38:
 793              	.L39:
 794 0032 00BF     		.align	2
 795              	.L38:
 796 0034 00000000 		.word	hi2s3
 797 0038 003C0040 		.word	1073757184
 798              		.cfi_endproc
 799              	.LFE142:
 801              		.section	.text.MX_SPI1_Init,"ax",%progbits
 802              		.align	1
 803              		.syntax unified
 804              		.thumb
 805              		.thumb_func
 807              	MX_SPI1_Init:
 808              	.LFB143:
 307:Core/Src/main.c **** 
 809              		.loc 1 307 1 view -0
 810              		.cfi_startproc
 811              		@ args = 0, pretend = 0, frame = 0
 812              		@ frame_needed = 0, uses_anonymous_args = 0
 813 0000 08B5     		push	{r3, lr}
 814              		.cfi_def_cfa_offset 8
 815              		.cfi_offset 3, -8
 816              		.cfi_offset 14, -4
 317:Core/Src/main.c ****   hspi1.Init.Mode = SPI_MODE_MASTER;
 817              		.loc 1 317 3 view .LVU239
 317:Core/Src/main.c ****   hspi1.Init.Mode = SPI_MODE_MASTER;
 818              		.loc 1 317 18 is_stmt 0 view .LVU240
 819 0002 0D48     		ldr	r0, .L44
 820 0004 0D4B     		ldr	r3, .L44+4
 821 0006 0360     		str	r3, [r0]
 318:Core/Src/main.c ****   hspi1.Init.Direction = SPI_DIRECTION_2LINES;
 822              		.loc 1 318 3 is_stmt 1 view .LVU241
 318:Core/Src/main.c ****   hspi1.Init.Direction = SPI_DIRECTION_2LINES;
 823              		.loc 1 318 19 is_stmt 0 view .LVU242
 824 0008 4FF48273 		mov	r3, #260
 825 000c 4360     		str	r3, [r0, #4]
 319:Core/Src/main.c ****   hspi1.Init.DataSize = SPI_DATASIZE_8BIT;
 826              		.loc 1 319 3 is_stmt 1 view .LVU243
 319:Core/Src/main.c ****   hspi1.Init.DataSize = SPI_DATASIZE_8BIT;
 827              		.loc 1 319 24 is_stmt 0 view .LVU244
 828 000e 0023     		movs	r3, #0
 829 0010 8360     		str	r3, [r0, #8]
 320:Core/Src/main.c ****   hspi1.Init.CLKPolarity = SPI_POLARITY_LOW;
 830              		.loc 1 320 3 is_stmt 1 view .LVU245
 320:Core/Src/main.c ****   hspi1.Init.CLKPolarity = SPI_POLARITY_LOW;
 831              		.loc 1 320 23 is_stmt 0 view .LVU246
 832 0012 C360     		str	r3, [r0, #12]
 321:Core/Src/main.c ****   hspi1.Init.CLKPhase = SPI_PHASE_1EDGE;
 833              		.loc 1 321 3 is_stmt 1 view .LVU247
 321:Core/Src/main.c ****   hspi1.Init.CLKPhase = SPI_PHASE_1EDGE;
ARM GAS  C:\Users\leejo\AppData\Local\Temp\ccAZ9B2V.s 			page 44


 834              		.loc 1 321 26 is_stmt 0 view .LVU248
 835 0014 0361     		str	r3, [r0, #16]
 322:Core/Src/main.c ****   hspi1.Init.NSS = SPI_NSS_SOFT;
 836              		.loc 1 322 3 is_stmt 1 view .LVU249
 322:Core/Src/main.c ****   hspi1.Init.NSS = SPI_NSS_SOFT;
 837              		.loc 1 322 23 is_stmt 0 view .LVU250
 838 0016 4361     		str	r3, [r0, #20]
 323:Core/Src/main.c ****   hspi1.Init.BaudRatePrescaler = SPI_BAUDRATEPRESCALER_2;
 839              		.loc 1 323 3 is_stmt 1 view .LVU251
 323:Core/Src/main.c ****   hspi1.Init.BaudRatePrescaler = SPI_BAUDRATEPRESCALER_2;
 840              		.loc 1 323 18 is_stmt 0 view .LVU252
 841 0018 4FF40072 		mov	r2, #512
 842 001c 8261     		str	r2, [r0, #24]
 324:Core/Src/main.c ****   hspi1.Init.FirstBit = SPI_FIRSTBIT_MSB;
 843              		.loc 1 324 3 is_stmt 1 view .LVU253
 324:Core/Src/main.c ****   hspi1.Init.FirstBit = SPI_FIRSTBIT_MSB;
 844              		.loc 1 324 32 is_stmt 0 view .LVU254
 845 001e C361     		str	r3, [r0, #28]
 325:Core/Src/main.c ****   hspi1.Init.TIMode = SPI_TIMODE_DISABLE;
 846              		.loc 1 325 3 is_stmt 1 view .LVU255
 325:Core/Src/main.c ****   hspi1.Init.TIMode = SPI_TIMODE_DISABLE;
 847              		.loc 1 325 23 is_stmt 0 view .LVU256
 848 0020 0362     		str	r3, [r0, #32]
 326:Core/Src/main.c ****   hspi1.Init.CRCCalculation = SPI_CRCCALCULATION_DISABLE;
 849              		.loc 1 326 3 is_stmt 1 view .LVU257
 326:Core/Src/main.c ****   hspi1.Init.CRCCalculation = SPI_CRCCALCULATION_DISABLE;
 850              		.loc 1 326 21 is_stmt 0 view .LVU258
 851 0022 4362     		str	r3, [r0, #36]
 327:Core/Src/main.c ****   hspi1.Init.CRCPolynomial = 10;
 852              		.loc 1 327 3 is_stmt 1 view .LVU259
 327:Core/Src/main.c ****   hspi1.Init.CRCPolynomial = 10;
 853              		.loc 1 327 29 is_stmt 0 view .LVU260
 854 0024 8362     		str	r3, [r0, #40]
 328:Core/Src/main.c ****   if (HAL_SPI_Init(&hspi1) != HAL_OK)
 855              		.loc 1 328 3 is_stmt 1 view .LVU261
 328:Core/Src/main.c ****   if (HAL_SPI_Init(&hspi1) != HAL_OK)
 856              		.loc 1 328 28 is_stmt 0 view .LVU262
 857 0026 0A23     		movs	r3, #10
 858 0028 C362     		str	r3, [r0, #44]
 329:Core/Src/main.c ****   {
 859              		.loc 1 329 3 is_stmt 1 view .LVU263
 329:Core/Src/main.c ****   {
 860              		.loc 1 329 7 is_stmt 0 view .LVU264
 861 002a FFF7FEFF 		bl	HAL_SPI_Init
 862              	.LVL39:
 329:Core/Src/main.c ****   {
 863              		.loc 1 329 6 discriminator 1 view .LVU265
 864 002e 00B9     		cbnz	r0, .L43
 337:Core/Src/main.c **** 
 865              		.loc 1 337 1 view .LVU266
 866 0030 08BD     		pop	{r3, pc}
 867              	.L43:
 331:Core/Src/main.c ****   }
 868              		.loc 1 331 5 is_stmt 1 view .LVU267
 869 0032 FFF7FEFF 		bl	Error_Handler
 870              	.LVL40:
 871              	.L45:
ARM GAS  C:\Users\leejo\AppData\Local\Temp\ccAZ9B2V.s 			page 45


 872 0036 00BF     		.align	2
 873              	.L44:
 874 0038 00000000 		.word	hspi1
 875 003c 00300140 		.word	1073819648
 876              		.cfi_endproc
 877              	.LFE143:
 879              		.section	.text.MX_SPI2_Init,"ax",%progbits
 880              		.align	1
 881              		.syntax unified
 882              		.thumb
 883              		.thumb_func
 885              	MX_SPI2_Init:
 886              	.LFB144:
 345:Core/Src/main.c **** 
 887              		.loc 1 345 1 view -0
 888              		.cfi_startproc
 889              		@ args = 0, pretend = 0, frame = 0
 890              		@ frame_needed = 0, uses_anonymous_args = 0
 891 0000 08B5     		push	{r3, lr}
 892              		.cfi_def_cfa_offset 8
 893              		.cfi_offset 3, -8
 894              		.cfi_offset 14, -4
 355:Core/Src/main.c ****   hspi2.Init.Mode = SPI_MODE_SLAVE;
 895              		.loc 1 355 3 view .LVU269
 355:Core/Src/main.c ****   hspi2.Init.Mode = SPI_MODE_SLAVE;
 896              		.loc 1 355 18 is_stmt 0 view .LVU270
 897 0002 0A48     		ldr	r0, .L50
 898 0004 0A4B     		ldr	r3, .L50+4
 899 0006 0360     		str	r3, [r0]
 356:Core/Src/main.c ****   hspi2.Init.Direction = SPI_DIRECTION_2LINES;
 900              		.loc 1 356 3 is_stmt 1 view .LVU271
 356:Core/Src/main.c ****   hspi2.Init.Direction = SPI_DIRECTION_2LINES;
 901              		.loc 1 356 19 is_stmt 0 view .LVU272
 902 0008 0023     		movs	r3, #0
 903 000a 4360     		str	r3, [r0, #4]
 357:Core/Src/main.c ****   hspi2.Init.DataSize = SPI_DATASIZE_8BIT;
 904              		.loc 1 357 3 is_stmt 1 view .LVU273
 357:Core/Src/main.c ****   hspi2.Init.DataSize = SPI_DATASIZE_8BIT;
 905              		.loc 1 357 24 is_stmt 0 view .LVU274
 906 000c 8360     		str	r3, [r0, #8]
 358:Core/Src/main.c ****   hspi2.Init.CLKPolarity = SPI_POLARITY_LOW;
 907              		.loc 1 358 3 is_stmt 1 view .LVU275
 358:Core/Src/main.c ****   hspi2.Init.CLKPolarity = SPI_POLARITY_LOW;
 908              		.loc 1 358 23 is_stmt 0 view .LVU276
 909 000e C360     		str	r3, [r0, #12]
 359:Core/Src/main.c ****   hspi2.Init.CLKPhase = SPI_PHASE_1EDGE;
 910              		.loc 1 359 3 is_stmt 1 view .LVU277
 359:Core/Src/main.c ****   hspi2.Init.CLKPhase = SPI_PHASE_1EDGE;
 911              		.loc 1 359 26 is_stmt 0 view .LVU278
 912 0010 0361     		str	r3, [r0, #16]
 360:Core/Src/main.c ****   hspi2.Init.NSS = SPI_NSS_HARD_INPUT;
 913              		.loc 1 360 3 is_stmt 1 view .LVU279
 360:Core/Src/main.c ****   hspi2.Init.NSS = SPI_NSS_HARD_INPUT;
 914              		.loc 1 360 23 is_stmt 0 view .LVU280
 915 0012 4361     		str	r3, [r0, #20]
 361:Core/Src/main.c ****   hspi2.Init.FirstBit = SPI_FIRSTBIT_MSB;
 916              		.loc 1 361 3 is_stmt 1 view .LVU281
ARM GAS  C:\Users\leejo\AppData\Local\Temp\ccAZ9B2V.s 			page 46


 361:Core/Src/main.c ****   hspi2.Init.FirstBit = SPI_FIRSTBIT_MSB;
 917              		.loc 1 361 18 is_stmt 0 view .LVU282
 918 0014 8361     		str	r3, [r0, #24]
 362:Core/Src/main.c ****   hspi2.Init.TIMode = SPI_TIMODE_DISABLE;
 919              		.loc 1 362 3 is_stmt 1 view .LVU283
 362:Core/Src/main.c ****   hspi2.Init.TIMode = SPI_TIMODE_DISABLE;
 920              		.loc 1 362 23 is_stmt 0 view .LVU284
 921 0016 0362     		str	r3, [r0, #32]
 363:Core/Src/main.c ****   hspi2.Init.CRCCalculation = SPI_CRCCALCULATION_DISABLE;
 922              		.loc 1 363 3 is_stmt 1 view .LVU285
 363:Core/Src/main.c ****   hspi2.Init.CRCCalculation = SPI_CRCCALCULATION_DISABLE;
 923              		.loc 1 363 21 is_stmt 0 view .LVU286
 924 0018 4362     		str	r3, [r0, #36]
 364:Core/Src/main.c ****   hspi2.Init.CRCPolynomial = 10;
 925              		.loc 1 364 3 is_stmt 1 view .LVU287
 364:Core/Src/main.c ****   hspi2.Init.CRCPolynomial = 10;
 926              		.loc 1 364 29 is_stmt 0 view .LVU288
 927 001a 8362     		str	r3, [r0, #40]
 365:Core/Src/main.c ****   if (HAL_SPI_Init(&hspi2) != HAL_OK)
 928              		.loc 1 365 3 is_stmt 1 view .LVU289
 365:Core/Src/main.c ****   if (HAL_SPI_Init(&hspi2) != HAL_OK)
 929              		.loc 1 365 28 is_stmt 0 view .LVU290
 930 001c 0A23     		movs	r3, #10
 931 001e C362     		str	r3, [r0, #44]
 366:Core/Src/main.c ****   {
 932              		.loc 1 366 3 is_stmt 1 view .LVU291
 366:Core/Src/main.c ****   {
 933              		.loc 1 366 7 is_stmt 0 view .LVU292
 934 0020 FFF7FEFF 		bl	HAL_SPI_Init
 935              	.LVL41:
 366:Core/Src/main.c ****   {
 936              		.loc 1 366 6 discriminator 1 view .LVU293
 937 0024 00B9     		cbnz	r0, .L49
 374:Core/Src/main.c **** 
 938              		.loc 1 374 1 view .LVU294
 939 0026 08BD     		pop	{r3, pc}
 940              	.L49:
 368:Core/Src/main.c ****   }
 941              		.loc 1 368 5 is_stmt 1 view .LVU295
 942 0028 FFF7FEFF 		bl	Error_Handler
 943              	.LVL42:
 944              	.L51:
 945              		.align	2
 946              	.L50:
 947 002c 00000000 		.word	hspi2
 948 0030 00380040 		.word	1073756160
 949              		.cfi_endproc
 950              	.LFE144:
 952              		.section	.text.SystemClock_Config,"ax",%progbits
 953              		.align	1
 954              		.global	SystemClock_Config
 955              		.syntax unified
 956              		.thumb
 957              		.thumb_func
 959              	SystemClock_Config:
 960              	.LFB140:
 193:Core/Src/main.c ****   RCC_OscInitTypeDef RCC_OscInitStruct = {0};
ARM GAS  C:\Users\leejo\AppData\Local\Temp\ccAZ9B2V.s 			page 47


 961              		.loc 1 193 1 view -0
 962              		.cfi_startproc
 963              		@ args = 0, pretend = 0, frame = 80
 964              		@ frame_needed = 0, uses_anonymous_args = 0
 965 0000 10B5     		push	{r4, lr}
 966              		.cfi_def_cfa_offset 8
 967              		.cfi_offset 4, -8
 968              		.cfi_offset 14, -4
 969 0002 94B0     		sub	sp, sp, #80
 970              		.cfi_def_cfa_offset 88
 194:Core/Src/main.c ****   RCC_ClkInitTypeDef RCC_ClkInitStruct = {0};
 971              		.loc 1 194 3 view .LVU297
 194:Core/Src/main.c ****   RCC_ClkInitTypeDef RCC_ClkInitStruct = {0};
 972              		.loc 1 194 22 is_stmt 0 view .LVU298
 973 0004 08AC     		add	r4, sp, #32
 974 0006 3022     		movs	r2, #48
 975 0008 0021     		movs	r1, #0
 976 000a 2046     		mov	r0, r4
 977 000c FFF7FEFF 		bl	memset
 978              	.LVL43:
 195:Core/Src/main.c **** 
 979              		.loc 1 195 3 is_stmt 1 view .LVU299
 195:Core/Src/main.c **** 
 980              		.loc 1 195 22 is_stmt 0 view .LVU300
 981 0010 0023     		movs	r3, #0
 982 0012 0393     		str	r3, [sp, #12]
 983 0014 0493     		str	r3, [sp, #16]
 984 0016 0593     		str	r3, [sp, #20]
 985 0018 0693     		str	r3, [sp, #24]
 986 001a 0793     		str	r3, [sp, #28]
 199:Core/Src/main.c ****   __HAL_PWR_VOLTAGESCALING_CONFIG(PWR_REGULATOR_VOLTAGE_SCALE1);
 987              		.loc 1 199 3 is_stmt 1 view .LVU301
 988              	.LBB13:
 199:Core/Src/main.c ****   __HAL_PWR_VOLTAGESCALING_CONFIG(PWR_REGULATOR_VOLTAGE_SCALE1);
 989              		.loc 1 199 3 view .LVU302
 990 001c 0193     		str	r3, [sp, #4]
 199:Core/Src/main.c ****   __HAL_PWR_VOLTAGESCALING_CONFIG(PWR_REGULATOR_VOLTAGE_SCALE1);
 991              		.loc 1 199 3 view .LVU303
 992 001e 204A     		ldr	r2, .L58
 993 0020 116C     		ldr	r1, [r2, #64]
 994 0022 41F08051 		orr	r1, r1, #268435456
 995 0026 1164     		str	r1, [r2, #64]
 199:Core/Src/main.c ****   __HAL_PWR_VOLTAGESCALING_CONFIG(PWR_REGULATOR_VOLTAGE_SCALE1);
 996              		.loc 1 199 3 view .LVU304
 997 0028 126C     		ldr	r2, [r2, #64]
 998 002a 02F08052 		and	r2, r2, #268435456
 999 002e 0192     		str	r2, [sp, #4]
 199:Core/Src/main.c ****   __HAL_PWR_VOLTAGESCALING_CONFIG(PWR_REGULATOR_VOLTAGE_SCALE1);
 1000              		.loc 1 199 3 view .LVU305
 1001 0030 019A     		ldr	r2, [sp, #4]
 1002              	.LBE13:
 199:Core/Src/main.c ****   __HAL_PWR_VOLTAGESCALING_CONFIG(PWR_REGULATOR_VOLTAGE_SCALE1);
 1003              		.loc 1 199 3 view .LVU306
 200:Core/Src/main.c **** 
 1004              		.loc 1 200 3 view .LVU307
 1005              	.LBB14:
 200:Core/Src/main.c **** 
ARM GAS  C:\Users\leejo\AppData\Local\Temp\ccAZ9B2V.s 			page 48


 1006              		.loc 1 200 3 view .LVU308
 1007 0032 0293     		str	r3, [sp, #8]
 200:Core/Src/main.c **** 
 1008              		.loc 1 200 3 view .LVU309
 1009 0034 1B4B     		ldr	r3, .L58+4
 1010 0036 1A68     		ldr	r2, [r3]
 1011 0038 42F48042 		orr	r2, r2, #16384
 1012 003c 1A60     		str	r2, [r3]
 200:Core/Src/main.c **** 
 1013              		.loc 1 200 3 view .LVU310
 1014 003e 1B68     		ldr	r3, [r3]
 1015 0040 03F48043 		and	r3, r3, #16384
 1016 0044 0293     		str	r3, [sp, #8]
 200:Core/Src/main.c **** 
 1017              		.loc 1 200 3 view .LVU311
 1018 0046 029B     		ldr	r3, [sp, #8]
 1019              	.LBE14:
 200:Core/Src/main.c **** 
 1020              		.loc 1 200 3 view .LVU312
 205:Core/Src/main.c ****   RCC_OscInitStruct.HSEState = RCC_HSE_ON;
 1021              		.loc 1 205 3 view .LVU313
 205:Core/Src/main.c ****   RCC_OscInitStruct.HSEState = RCC_HSE_ON;
 1022              		.loc 1 205 36 is_stmt 0 view .LVU314
 1023 0048 0123     		movs	r3, #1
 1024 004a 0893     		str	r3, [sp, #32]
 206:Core/Src/main.c ****   RCC_OscInitStruct.PLL.PLLState = RCC_PLL_ON;
 1025              		.loc 1 206 3 is_stmt 1 view .LVU315
 206:Core/Src/main.c ****   RCC_OscInitStruct.PLL.PLLState = RCC_PLL_ON;
 1026              		.loc 1 206 30 is_stmt 0 view .LVU316
 1027 004c 4FF48033 		mov	r3, #65536
 1028 0050 0993     		str	r3, [sp, #36]
 207:Core/Src/main.c ****   RCC_OscInitStruct.PLL.PLLSource = RCC_PLLSOURCE_HSE;
 1029              		.loc 1 207 3 is_stmt 1 view .LVU317
 207:Core/Src/main.c ****   RCC_OscInitStruct.PLL.PLLSource = RCC_PLLSOURCE_HSE;
 1030              		.loc 1 207 34 is_stmt 0 view .LVU318
 1031 0052 0223     		movs	r3, #2
 1032 0054 0E93     		str	r3, [sp, #56]
 208:Core/Src/main.c ****   RCC_OscInitStruct.PLL.PLLM = 8;
 1033              		.loc 1 208 3 is_stmt 1 view .LVU319
 208:Core/Src/main.c ****   RCC_OscInitStruct.PLL.PLLM = 8;
 1034              		.loc 1 208 35 is_stmt 0 view .LVU320
 1035 0056 4FF48002 		mov	r2, #4194304
 1036 005a 0F92     		str	r2, [sp, #60]
 209:Core/Src/main.c ****   RCC_OscInitStruct.PLL.PLLN = 336;
 1037              		.loc 1 209 3 is_stmt 1 view .LVU321
 209:Core/Src/main.c ****   RCC_OscInitStruct.PLL.PLLN = 336;
 1038              		.loc 1 209 30 is_stmt 0 view .LVU322
 1039 005c 0822     		movs	r2, #8
 1040 005e 1092     		str	r2, [sp, #64]
 210:Core/Src/main.c ****   RCC_OscInitStruct.PLL.PLLP = RCC_PLLP_DIV2;
 1041              		.loc 1 210 3 is_stmt 1 view .LVU323
 210:Core/Src/main.c ****   RCC_OscInitStruct.PLL.PLLP = RCC_PLLP_DIV2;
 1042              		.loc 1 210 30 is_stmt 0 view .LVU324
 1043 0060 4FF4A872 		mov	r2, #336
 1044 0064 1192     		str	r2, [sp, #68]
 211:Core/Src/main.c ****   RCC_OscInitStruct.PLL.PLLQ = 7;
 1045              		.loc 1 211 3 is_stmt 1 view .LVU325
ARM GAS  C:\Users\leejo\AppData\Local\Temp\ccAZ9B2V.s 			page 49


 211:Core/Src/main.c ****   RCC_OscInitStruct.PLL.PLLQ = 7;
 1046              		.loc 1 211 30 is_stmt 0 view .LVU326
 1047 0066 1293     		str	r3, [sp, #72]
 212:Core/Src/main.c ****   if (HAL_RCC_OscConfig(&RCC_OscInitStruct) != HAL_OK)
 1048              		.loc 1 212 3 is_stmt 1 view .LVU327
 212:Core/Src/main.c ****   if (HAL_RCC_OscConfig(&RCC_OscInitStruct) != HAL_OK)
 1049              		.loc 1 212 30 is_stmt 0 view .LVU328
 1050 0068 0723     		movs	r3, #7
 1051 006a 1393     		str	r3, [sp, #76]
 213:Core/Src/main.c ****   {
 1052              		.loc 1 213 3 is_stmt 1 view .LVU329
 213:Core/Src/main.c ****   {
 1053              		.loc 1 213 7 is_stmt 0 view .LVU330
 1054 006c 2046     		mov	r0, r4
 1055 006e FFF7FEFF 		bl	HAL_RCC_OscConfig
 1056              	.LVL44:
 213:Core/Src/main.c ****   {
 1057              		.loc 1 213 6 discriminator 1 view .LVU331
 1058 0072 88B9     		cbnz	r0, .L56
 220:Core/Src/main.c ****                               |RCC_CLOCKTYPE_PCLK1|RCC_CLOCKTYPE_PCLK2;
 1059              		.loc 1 220 3 is_stmt 1 view .LVU332
 220:Core/Src/main.c ****                               |RCC_CLOCKTYPE_PCLK1|RCC_CLOCKTYPE_PCLK2;
 1060              		.loc 1 220 31 is_stmt 0 view .LVU333
 1061 0074 0F23     		movs	r3, #15
 1062 0076 0393     		str	r3, [sp, #12]
 222:Core/Src/main.c ****   RCC_ClkInitStruct.AHBCLKDivider = RCC_SYSCLK_DIV1;
 1063              		.loc 1 222 3 is_stmt 1 view .LVU334
 222:Core/Src/main.c ****   RCC_ClkInitStruct.AHBCLKDivider = RCC_SYSCLK_DIV1;
 1064              		.loc 1 222 34 is_stmt 0 view .LVU335
 1065 0078 0223     		movs	r3, #2
 1066 007a 0493     		str	r3, [sp, #16]
 223:Core/Src/main.c ****   RCC_ClkInitStruct.APB1CLKDivider = RCC_HCLK_DIV4;
 1067              		.loc 1 223 3 is_stmt 1 view .LVU336
 223:Core/Src/main.c ****   RCC_ClkInitStruct.APB1CLKDivider = RCC_HCLK_DIV4;
 1068              		.loc 1 223 35 is_stmt 0 view .LVU337
 1069 007c 0590     		str	r0, [sp, #20]
 224:Core/Src/main.c ****   RCC_ClkInitStruct.APB2CLKDivider = RCC_HCLK_DIV2;
 1070              		.loc 1 224 3 is_stmt 1 view .LVU338
 224:Core/Src/main.c ****   RCC_ClkInitStruct.APB2CLKDivider = RCC_HCLK_DIV2;
 1071              		.loc 1 224 36 is_stmt 0 view .LVU339
 1072 007e 4FF4A053 		mov	r3, #5120
 1073 0082 0693     		str	r3, [sp, #24]
 225:Core/Src/main.c **** 
 1074              		.loc 1 225 3 is_stmt 1 view .LVU340
 225:Core/Src/main.c **** 
 1075              		.loc 1 225 36 is_stmt 0 view .LVU341
 1076 0084 4FF48053 		mov	r3, #4096
 1077 0088 0793     		str	r3, [sp, #28]
 227:Core/Src/main.c ****   {
 1078              		.loc 1 227 3 is_stmt 1 view .LVU342
 227:Core/Src/main.c ****   {
 1079              		.loc 1 227 7 is_stmt 0 view .LVU343
 1080 008a 0521     		movs	r1, #5
 1081 008c 03A8     		add	r0, sp, #12
 1082 008e FFF7FEFF 		bl	HAL_RCC_ClockConfig
 1083              	.LVL45:
 227:Core/Src/main.c ****   {
ARM GAS  C:\Users\leejo\AppData\Local\Temp\ccAZ9B2V.s 			page 50


 1084              		.loc 1 227 6 discriminator 1 view .LVU344
 1085 0092 18B9     		cbnz	r0, .L57
 231:Core/Src/main.c **** 
 1086              		.loc 1 231 1 view .LVU345
 1087 0094 14B0     		add	sp, sp, #80
 1088              		.cfi_remember_state
 1089              		.cfi_def_cfa_offset 8
 1090              		@ sp needed
 1091 0096 10BD     		pop	{r4, pc}
 1092              	.L56:
 1093              		.cfi_restore_state
 215:Core/Src/main.c ****   }
 1094              		.loc 1 215 5 is_stmt 1 view .LVU346
 1095 0098 FFF7FEFF 		bl	Error_Handler
 1096              	.LVL46:
 1097              	.L57:
 229:Core/Src/main.c ****   }
 1098              		.loc 1 229 5 view .LVU347
 1099 009c FFF7FEFF 		bl	Error_Handler
 1100              	.LVL47:
 1101              	.L59:
 1102              		.align	2
 1103              	.L58:
 1104 00a0 00380240 		.word	1073887232
 1105 00a4 00700040 		.word	1073770496
 1106              		.cfi_endproc
 1107              	.LFE140:
 1109              		.section	.text.main,"ax",%progbits
 1110              		.align	1
 1111              		.global	main
 1112              		.syntax unified
 1113              		.thumb
 1114              		.thumb_func
 1116              	main:
 1117              	.LFB139:
  97:Core/Src/main.c **** 
 1118              		.loc 1 97 1 view -0
 1119              		.cfi_startproc
 1120              		@ Volatile: function does not return.
 1121              		@ args = 0, pretend = 0, frame = 120
 1122              		@ frame_needed = 0, uses_anonymous_args = 0
 1123 0000 00B5     		push	{lr}
 1124              		.cfi_def_cfa_offset 4
 1125              		.cfi_offset 14, -4
 1126 0002 9FB0     		sub	sp, sp, #124
 1127              		.cfi_def_cfa_offset 128
 106:Core/Src/main.c **** 
 1128              		.loc 1 106 3 view .LVU349
 1129 0004 FFF7FEFF 		bl	HAL_Init
 1130              	.LVL48:
 109:Core/Src/main.c ****   GPIO_InitStruct.Pin = GPIO_PIN_12;
 1131              		.loc 1 109 3 view .LVU350
 109:Core/Src/main.c ****   GPIO_InitStruct.Pin = GPIO_PIN_12;
 1132              		.loc 1 109 20 is_stmt 0 view .LVU351
 1133 0008 19A9     		add	r1, sp, #100
 1134 000a 0025     		movs	r5, #0
 1135 000c 1995     		str	r5, [sp, #100]
ARM GAS  C:\Users\leejo\AppData\Local\Temp\ccAZ9B2V.s 			page 51


 1136 000e 4D60     		str	r5, [r1, #4]
 1137 0010 8D60     		str	r5, [r1, #8]
 1138 0012 CD60     		str	r5, [r1, #12]
 1139 0014 0D61     		str	r5, [r1, #16]
 110:Core/Src/main.c ****   GPIO_InitStruct.Mode = GPIO_MODE_OUTPUT_PP; // Push-Pull
 1140              		.loc 1 110 3 is_stmt 1 view .LVU352
 110:Core/Src/main.c ****   GPIO_InitStruct.Mode = GPIO_MODE_OUTPUT_PP; // Push-Pull
 1141              		.loc 1 110 23 is_stmt 0 view .LVU353
 1142 0016 4FF48053 		mov	r3, #4096
 1143 001a 1993     		str	r3, [sp, #100]
 111:Core/Src/main.c ****   GPIO_InitStruct.Pull = GPIO_NOPULL;
 1144              		.loc 1 111 3 is_stmt 1 view .LVU354
 111:Core/Src/main.c ****   GPIO_InitStruct.Pull = GPIO_NOPULL;
 1145              		.loc 1 111 24 is_stmt 0 view .LVU355
 1146 001c 0124     		movs	r4, #1
 1147 001e 1A94     		str	r4, [sp, #104]
 112:Core/Src/main.c ****   GPIO_InitStruct.Speed = GPIO_SPEED_FREQ_LOW;
 1148              		.loc 1 112 3 is_stmt 1 view .LVU356
 113:Core/Src/main.c ****   HAL_GPIO_Init(GPIOD, &GPIO_InitStruct);
 1149              		.loc 1 113 3 view .LVU357
 114:Core/Src/main.c ****   /* USER CODE END Init */
 1150              		.loc 1 114 3 view .LVU358
 1151 0020 2E48     		ldr	r0, .L63
 1152 0022 FFF7FEFF 		bl	HAL_GPIO_Init
 1153              	.LVL49:
 118:Core/Src/main.c **** 
 1154              		.loc 1 118 3 view .LVU359
 1155 0026 FFF7FEFF 		bl	SystemClock_Config
 1156              	.LVL50:
 125:Core/Src/main.c ****   MX_DMA_Init();
 1157              		.loc 1 125 3 view .LVU360
 1158 002a FFF7FEFF 		bl	MX_GPIO_Init
 1159              	.LVL51:
 126:Core/Src/main.c ****   MX_I2C1_Init();
 1160              		.loc 1 126 3 view .LVU361
 1161 002e FFF7FEFF 		bl	MX_DMA_Init
 1162              	.LVL52:
 127:Core/Src/main.c ****   MX_I2S3_Init();
 1163              		.loc 1 127 3 view .LVU362
 1164 0032 FFF7FEFF 		bl	MX_I2C1_Init
 1165              	.LVL53:
 128:Core/Src/main.c ****   MX_SPI1_Init();
 1166              		.loc 1 128 3 view .LVU363
 1167 0036 FFF7FEFF 		bl	MX_I2S3_Init
 1168              	.LVL54:
 129:Core/Src/main.c ****   MX_SPI2_Init();
 1169              		.loc 1 129 3 view .LVU364
 1170 003a FFF7FEFF 		bl	MX_SPI1_Init
 1171              	.LVL55:
 130:Core/Src/main.c ****   /* USER CODE BEGIN 2 */
 1172              		.loc 1 130 3 view .LVU365
 1173 003e FFF7FEFF 		bl	MX_SPI2_Init
 1174              	.LVL56:
 132:Core/Src/main.c ****   /* USER CODE END 2 */
 1175              		.loc 1 132 3 view .LVU366
 1176 0042 0222     		movs	r2, #2
 1177 0044 2649     		ldr	r1, .L63+4
ARM GAS  C:\Users\leejo\AppData\Local\Temp\ccAZ9B2V.s 			page 52


 1178 0046 2748     		ldr	r0, .L63+8
 1179 0048 FFF7FEFF 		bl	HAL_SPI_Receive_DMA
 1180              	.LVL57:
 136:Core/Src/main.c ****   g_params_mutex = osMutexCreate(osMutex(paramsMutex));
 1181              		.loc 1 136 3 view .LVU367
 1182 004c 1795     		str	r5, [sp, #92]
 1183 004e 1895     		str	r5, [sp, #96]
 137:Core/Src/main.c ****   /* USER CODE END RTOS_MUTEX */
 1184              		.loc 1 137 3 view .LVU368
 137:Core/Src/main.c ****   /* USER CODE END RTOS_MUTEX */
 1185              		.loc 1 137 20 is_stmt 0 view .LVU369
 1186 0050 17A8     		add	r0, sp, #92
 1187 0052 FFF7FEFF 		bl	osMutexCreate
 1188              	.LVL58:
 137:Core/Src/main.c ****   /* USER CODE END RTOS_MUTEX */
 1189              		.loc 1 137 18 discriminator 1 view .LVU370
 1190 0056 244B     		ldr	r3, .L63+12
 1191 0058 1860     		str	r0, [r3]
 142:Core/Src/main.c ****     spiSemHandle = osSemaphoreCreate(osSemaphore(spiSem), 1);
 1192              		.loc 1 142 5 is_stmt 1 view .LVU371
 1193 005a 1595     		str	r5, [sp, #84]
 1194 005c 1695     		str	r5, [sp, #88]
 143:Core/Src/main.c ****     // osSemaphoreWait(spiSemHandle, 0); // start locked
 1195              		.loc 1 143 5 view .LVU372
 143:Core/Src/main.c ****     // osSemaphoreWait(spiSemHandle, 0); // start locked
 1196              		.loc 1 143 20 is_stmt 0 view .LVU373
 1197 005e 2146     		mov	r1, r4
 1198 0060 15A8     		add	r0, sp, #84
 1199 0062 FFF7FEFF 		bl	osSemaphoreCreate
 1200              	.LVL59:
 143:Core/Src/main.c ****     // osSemaphoreWait(spiSemHandle, 0); // start locked
 1201              		.loc 1 143 18 discriminator 1 view .LVU374
 1202 0066 214B     		ldr	r3, .L63+16
 1203 0068 1860     		str	r0, [r3]
 158:Core/Src/main.c ****   defaultTaskHandle = osThreadCreate(osThread(defaultTask), NULL);
 1204              		.loc 1 158 3 is_stmt 1 view .LVU375
 1205 006a 214C     		ldr	r4, .L63+20
 1206 006c 0DF1380C 		add	ip, sp, #56
 1207 0070 A646     		mov	lr, r4
 1208 0072 BEE80F00 		ldmia	lr!, {r0, r1, r2, r3}
 1209 0076 ACE80F00 		stmia	ip!, {r0, r1, r2, r3}
 1210 007a 9EE80700 		ldm	lr, {r0, r1, r2}
 1211 007e 8CE80700 		stm	ip, {r0, r1, r2}
 159:Core/Src/main.c **** 
 1212              		.loc 1 159 3 view .LVU376
 159:Core/Src/main.c **** 
 1213              		.loc 1 159 23 is_stmt 0 view .LVU377
 1214 0082 2946     		mov	r1, r5
 1215 0084 0EA8     		add	r0, sp, #56
 1216 0086 FFF7FEFF 		bl	osThreadCreate
 1217              	.LVL60:
 159:Core/Src/main.c **** 
 1218              		.loc 1 159 21 discriminator 1 view .LVU378
 1219 008a 1A4B     		ldr	r3, .L63+24
 1220 008c 1860     		str	r0, [r3]
 162:Core/Src/main.c ****   dspTaskHandle = osThreadCreate(osThread(dspTask), NULL);
 1221              		.loc 1 162 3 is_stmt 1 view .LVU379
ARM GAS  C:\Users\leejo\AppData\Local\Temp\ccAZ9B2V.s 			page 53


 1222 008e 0DF11C0C 		add	ip, sp, #28
 1223 0092 04F11C0E 		add	lr, r4, #28
 1224 0096 BEE80F00 		ldmia	lr!, {r0, r1, r2, r3}
 1225 009a ACE80F00 		stmia	ip!, {r0, r1, r2, r3}
 1226 009e 9EE80700 		ldm	lr, {r0, r1, r2}
 1227 00a2 8CE80700 		stm	ip, {r0, r1, r2}
 163:Core/Src/main.c **** 
 1228              		.loc 1 163 3 view .LVU380
 163:Core/Src/main.c **** 
 1229              		.loc 1 163 19 is_stmt 0 view .LVU381
 1230 00a6 2946     		mov	r1, r5
 1231 00a8 07A8     		add	r0, sp, #28
 1232 00aa FFF7FEFF 		bl	osThreadCreate
 1233              	.LVL61:
 163:Core/Src/main.c **** 
 1234              		.loc 1 163 17 discriminator 1 view .LVU382
 1235 00ae 124B     		ldr	r3, .L63+28
 1236 00b0 1860     		str	r0, [r3]
 165:Core/Src/main.c ****   spiTaskHandle = osThreadCreate(osThread(spiTask), NULL);
 1237              		.loc 1 165 3 is_stmt 1 view .LVU383
 1238 00b2 EE46     		mov	lr, sp
 1239 00b4 04F1380C 		add	ip, r4, #56
 1240 00b8 BCE80F00 		ldmia	ip!, {r0, r1, r2, r3}
 1241 00bc AEE80F00 		stmia	lr!, {r0, r1, r2, r3}
 1242 00c0 9CE80700 		ldm	ip, {r0, r1, r2}
 1243 00c4 8EE80700 		stm	lr, {r0, r1, r2}
 166:Core/Src/main.c **** 
 1244              		.loc 1 166 3 view .LVU384
 166:Core/Src/main.c **** 
 1245              		.loc 1 166 19 is_stmt 0 view .LVU385
 1246 00c8 2946     		mov	r1, r5
 1247 00ca 6846     		mov	r0, sp
 1248 00cc FFF7FEFF 		bl	osThreadCreate
 1249              	.LVL62:
 166:Core/Src/main.c **** 
 1250              		.loc 1 166 17 discriminator 1 view .LVU386
 1251 00d0 0A4B     		ldr	r3, .L63+32
 1252 00d2 1860     		str	r0, [r3]
 173:Core/Src/main.c **** 
 1253              		.loc 1 173 3 is_stmt 1 view .LVU387
 1254 00d4 FFF7FEFF 		bl	osKernelStart
 1255              	.LVL63:
 1256              	.L61:
 179:Core/Src/main.c ****   {
 1257              		.loc 1 179 3 view .LVU388
 184:Core/Src/main.c ****   /* USER CODE END 3 */
 1258              		.loc 1 184 3 view .LVU389
 179:Core/Src/main.c ****   {
 1259              		.loc 1 179 9 view .LVU390
 1260 00d8 FEE7     		b	.L61
 1261              	.L64:
 1262 00da 00BF     		.align	2
 1263              	.L63:
 1264 00dc 000C0240 		.word	1073875968
 1265 00e0 00000000 		.word	spi_rx_buf
 1266 00e4 00000000 		.word	hspi2
 1267 00e8 00000000 		.word	g_params_mutex
ARM GAS  C:\Users\leejo\AppData\Local\Temp\ccAZ9B2V.s 			page 54


 1268 00ec 00000000 		.word	spiSemHandle
 1269 00f0 00000000 		.word	.LANCHOR0
 1270 00f4 00000000 		.word	defaultTaskHandle
 1271 00f8 00000000 		.word	dspTaskHandle
 1272 00fc 00000000 		.word	spiTaskHandle
 1273              		.cfi_endproc
 1274              	.LFE139:
 1276              		.section	.rodata.str1.4,"aMS",%progbits,1
 1277              		.align	2
 1278              	.LC4:
 1279 0000 73706954 		.ascii	"spiTask\000"
 1279      61736B00 
 1280              		.align	2
 1281              	.LC2:
 1282 0008 64737054 		.ascii	"dspTask\000"
 1282      61736B00 
 1283              		.align	2
 1284              	.LC0:
 1285 0010 64656661 		.ascii	"defaultTask\000"
 1285      756C7454 
 1285      61736B00 
 1286              		.global	intensity
 1287              		.section	.bss.intensity,"aw",%nobits
 1290              	intensity:
 1291 0000 00       		.space	1
 1292              		.global	gesture
 1293              		.section	.bss.gesture,"aw",%nobits
 1296              	gesture:
 1297 0000 00       		.space	1
 1298              		.global	spi_rx_buf
 1299              		.section	.bss.spi_rx_buf,"aw",%nobits
 1300              		.align	2
 1303              	spi_rx_buf:
 1304 0000 0000     		.space	2
 1305              		.global	spiSemHandle
 1306              		.section	.bss.spiSemHandle,"aw",%nobits
 1307              		.align	2
 1310              	spiSemHandle:
 1311 0000 00000000 		.space	4
 1312              		.global	spiTaskHandle
 1313              		.section	.bss.spiTaskHandle,"aw",%nobits
 1314              		.align	2
 1317              	spiTaskHandle:
 1318 0000 00000000 		.space	4
 1319              		.global	dspTaskHandle
 1320              		.section	.bss.dspTaskHandle,"aw",%nobits
 1321              		.align	2
 1324              	dspTaskHandle:
 1325 0000 00000000 		.space	4
 1326              		.global	defaultTaskHandle
 1327              		.section	.bss.defaultTaskHandle,"aw",%nobits
 1328              		.align	2
 1331              	defaultTaskHandle:
 1332 0000 00000000 		.space	4
 1333              		.global	hdma_spi2_rx
 1334              		.section	.bss.hdma_spi2_rx,"aw",%nobits
 1335              		.align	2
ARM GAS  C:\Users\leejo\AppData\Local\Temp\ccAZ9B2V.s 			page 55


 1338              	hdma_spi2_rx:
 1339 0000 00000000 		.space	96
 1339      00000000 
 1339      00000000 
 1339      00000000 
 1339      00000000 
 1340              		.global	hspi2
 1341              		.section	.bss.hspi2,"aw",%nobits
 1342              		.align	2
 1345              	hspi2:
 1346 0000 00000000 		.space	88
 1346      00000000 
 1346      00000000 
 1346      00000000 
 1346      00000000 
 1347              		.global	hspi1
 1348              		.section	.bss.hspi1,"aw",%nobits
 1349              		.align	2
 1352              	hspi1:
 1353 0000 00000000 		.space	88
 1353      00000000 
 1353      00000000 
 1353      00000000 
 1353      00000000 
 1354              		.global	hdma_spi3_tx
 1355              		.section	.bss.hdma_spi3_tx,"aw",%nobits
 1356              		.align	2
 1359              	hdma_spi3_tx:
 1360 0000 00000000 		.space	96
 1360      00000000 
 1360      00000000 
 1360      00000000 
 1360      00000000 
 1361              		.global	hdma_i2s3_ext_rx
 1362              		.section	.bss.hdma_i2s3_ext_rx,"aw",%nobits
 1363              		.align	2
 1366              	hdma_i2s3_ext_rx:
 1367 0000 00000000 		.space	96
 1367      00000000 
 1367      00000000 
 1367      00000000 
 1367      00000000 
 1368              		.global	hi2s3
 1369              		.section	.bss.hi2s3,"aw",%nobits
 1370              		.align	2
 1373              	hi2s3:
 1374 0000 00000000 		.space	72
 1374      00000000 
 1374      00000000 
 1374      00000000 
 1374      00000000 
 1375              		.global	hi2c1
 1376              		.section	.bss.hi2c1,"aw",%nobits
 1377              		.align	2
 1380              	hi2c1:
 1381 0000 00000000 		.space	84
 1381      00000000 
ARM GAS  C:\Users\leejo\AppData\Local\Temp\ccAZ9B2V.s 			page 56


 1381      00000000 
 1381      00000000 
 1381      00000000 
 1382              		.section	.rodata
 1383              		.align	2
 1384              		.set	.LANCHOR0,. + 0
 1385              	.LC6:
 1386 0000 10000000 		.word	.LC0
 1387 0004 00000000 		.word	StartDefaultTask
 1388 0008 0000     		.short	0
 1389 000a 0000     		.space	2
 1390 000c 00000000 		.word	0
 1391 0010 80000000 		.word	128
 1392 0014 00000000 		.word	0
 1393 0018 00000000 		.word	0
 1394              	.LC7:
 1395 001c 08000000 		.word	.LC2
 1396 0020 00000000 		.word	StartDSPTask
 1397 0024 0300     		.short	3
 1398 0026 0000     		.space	2
 1399 0028 00000000 		.word	0
 1400 002c 00020000 		.word	512
 1401 0030 00000000 		.word	0
 1402 0034 00000000 		.word	0
 1403              	.LC8:
 1404 0038 00000000 		.word	.LC4
 1405 003c 00000000 		.word	StartSPITask
 1406 0040 0100     		.short	1
 1407 0042 0000     		.space	2
 1408 0044 00000000 		.word	0
 1409 0048 00020000 		.word	512
 1410 004c 00000000 		.word	0
 1411 0050 00000000 		.word	0
 1412              		.text
 1413              	.Letext0:
 1414              		.file 3 "Drivers/CMSIS/Device/ST/STM32F4xx/Include/stm32f407xx.h"
 1415              		.file 4 "C:/Users/leejo/AppData/Roaming/Code/User/globalStorage/bmd.stm32-for-vscode/@xpack-dev-to
 1416              		.file 5 "C:/Users/leejo/AppData/Roaming/Code/User/globalStorage/bmd.stm32-for-vscode/@xpack-dev-to
 1417              		.file 6 "Drivers/STM32F4xx_HAL_Driver/Inc/stm32f4xx_hal_def.h"
 1418              		.file 7 "Drivers/STM32F4xx_HAL_Driver/Inc/stm32f4xx_hal_rcc_ex.h"
 1419              		.file 8 "Drivers/STM32F4xx_HAL_Driver/Inc/stm32f4xx_hal_rcc.h"
 1420              		.file 9 "Drivers/STM32F4xx_HAL_Driver/Inc/stm32f4xx_hal_gpio.h"
 1421              		.file 10 "Drivers/STM32F4xx_HAL_Driver/Inc/stm32f4xx_hal_dma.h"
 1422              		.file 11 "Drivers/STM32F4xx_HAL_Driver/Inc/stm32f4xx_hal_i2c.h"
 1423              		.file 12 "Drivers/STM32F4xx_HAL_Driver/Inc/stm32f4xx_hal_i2s.h"
 1424              		.file 13 "Drivers/STM32F4xx_HAL_Driver/Inc/stm32f4xx_hal_spi.h"
 1425              		.file 14 "Drivers/STM32F4xx_HAL_Driver/Inc/stm32f4xx_hal_tim.h"
 1426              		.file 15 "Middlewares/Third_Party/FreeRTOS/Source/portable/GCC/ARM_CM4F/portmacro.h"
 1427              		.file 16 "Middlewares/Third_Party/FreeRTOS/Source/include/FreeRTOS.h"
 1428              		.file 17 "Middlewares/Third_Party/FreeRTOS/Source/include/task.h"
 1429              		.file 18 "Middlewares/Third_Party/FreeRTOS/Source/include/queue.h"
 1430              		.file 19 "Middlewares/Third_Party/FreeRTOS/Source/include/semphr.h"
 1431              		.file 20 "Middlewares/Third_Party/FreeRTOS/Source/CMSIS_RTOS/cmsis_os.h"
 1432              		.file 21 "Core/Inc/dsp_task.h"
 1433              		.file 22 "Core/Inc/spi_task.h"
 1434              		.file 23 "Drivers/STM32F4xx_HAL_Driver/Inc/stm32f4xx_hal_cortex.h"
 1435              		.file 24 "Drivers/STM32F4xx_HAL_Driver/Inc/stm32f4xx_hal.h"
ARM GAS  C:\Users\leejo\AppData\Local\Temp\ccAZ9B2V.s 			page 57


 1436              		.file 25 "<built-in>"
ARM GAS  C:\Users\leejo\AppData\Local\Temp\ccAZ9B2V.s 			page 58


DEFINED SYMBOLS
                            *ABS*:00000000 main.c
C:\Users\leejo\AppData\Local\Temp\ccAZ9B2V.s:21     .text.MX_GPIO_Init:00000000 $t
C:\Users\leejo\AppData\Local\Temp\ccAZ9B2V.s:26     .text.MX_GPIO_Init:00000000 MX_GPIO_Init
C:\Users\leejo\AppData\Local\Temp\ccAZ9B2V.s:375    .text.MX_GPIO_Init:0000019c $d
C:\Users\leejo\AppData\Local\Temp\ccAZ9B2V.s:384    .text.MX_DMA_Init:00000000 $t
C:\Users\leejo\AppData\Local\Temp\ccAZ9B2V.s:389    .text.MX_DMA_Init:00000000 MX_DMA_Init
C:\Users\leejo\AppData\Local\Temp\ccAZ9B2V.s:457    .text.MX_DMA_Init:00000050 $d
C:\Users\leejo\AppData\Local\Temp\ccAZ9B2V.s:462    .text.StartDefaultTask:00000000 $t
C:\Users\leejo\AppData\Local\Temp\ccAZ9B2V.s:468    .text.StartDefaultTask:00000000 StartDefaultTask
C:\Users\leejo\AppData\Local\Temp\ccAZ9B2V.s:498    .text.StartDefaultTask:00000018 $d
C:\Users\leejo\AppData\Local\Temp\ccAZ9B2V.s:503    .text.HAL_SPI_RxCpltCallback:00000000 $t
C:\Users\leejo\AppData\Local\Temp\ccAZ9B2V.s:509    .text.HAL_SPI_RxCpltCallback:00000000 HAL_SPI_RxCpltCallback
C:\Users\leejo\AppData\Local\Temp\ccAZ9B2V.s:570    .text.HAL_SPI_RxCpltCallback:00000038 $d
C:\Users\leejo\AppData\Local\Temp\ccAZ9B2V.s:1303   .bss.spi_rx_buf:00000000 spi_rx_buf
C:\Users\leejo\AppData\Local\Temp\ccAZ9B2V.s:1296   .bss.gesture:00000000 gesture
C:\Users\leejo\AppData\Local\Temp\ccAZ9B2V.s:1290   .bss.intensity:00000000 intensity
C:\Users\leejo\AppData\Local\Temp\ccAZ9B2V.s:1310   .bss.spiSemHandle:00000000 spiSemHandle
C:\Users\leejo\AppData\Local\Temp\ccAZ9B2V.s:1345   .bss.hspi2:00000000 hspi2
C:\Users\leejo\AppData\Local\Temp\ccAZ9B2V.s:581    .text.HAL_TIM_PeriodElapsedCallback:00000000 $t
C:\Users\leejo\AppData\Local\Temp\ccAZ9B2V.s:587    .text.HAL_TIM_PeriodElapsedCallback:00000000 HAL_TIM_PeriodElapsedCallback
C:\Users\leejo\AppData\Local\Temp\ccAZ9B2V.s:620    .text.HAL_TIM_PeriodElapsedCallback:00000014 $d
C:\Users\leejo\AppData\Local\Temp\ccAZ9B2V.s:625    .text.Error_Handler:00000000 $t
C:\Users\leejo\AppData\Local\Temp\ccAZ9B2V.s:631    .text.Error_Handler:00000000 Error_Handler
C:\Users\leejo\AppData\Local\Temp\ccAZ9B2V.s:663    .text.MX_I2C1_Init:00000000 $t
C:\Users\leejo\AppData\Local\Temp\ccAZ9B2V.s:668    .text.MX_I2C1_Init:00000000 MX_I2C1_Init
C:\Users\leejo\AppData\Local\Temp\ccAZ9B2V.s:725    .text.MX_I2C1_Init:0000002c $d
C:\Users\leejo\AppData\Local\Temp\ccAZ9B2V.s:1380   .bss.hi2c1:00000000 hi2c1
C:\Users\leejo\AppData\Local\Temp\ccAZ9B2V.s:732    .text.MX_I2S3_Init:00000000 $t
C:\Users\leejo\AppData\Local\Temp\ccAZ9B2V.s:737    .text.MX_I2S3_Init:00000000 MX_I2S3_Init
C:\Users\leejo\AppData\Local\Temp\ccAZ9B2V.s:796    .text.MX_I2S3_Init:00000034 $d
C:\Users\leejo\AppData\Local\Temp\ccAZ9B2V.s:1373   .bss.hi2s3:00000000 hi2s3
C:\Users\leejo\AppData\Local\Temp\ccAZ9B2V.s:802    .text.MX_SPI1_Init:00000000 $t
C:\Users\leejo\AppData\Local\Temp\ccAZ9B2V.s:807    .text.MX_SPI1_Init:00000000 MX_SPI1_Init
C:\Users\leejo\AppData\Local\Temp\ccAZ9B2V.s:874    .text.MX_SPI1_Init:00000038 $d
C:\Users\leejo\AppData\Local\Temp\ccAZ9B2V.s:1352   .bss.hspi1:00000000 hspi1
C:\Users\leejo\AppData\Local\Temp\ccAZ9B2V.s:880    .text.MX_SPI2_Init:00000000 $t
C:\Users\leejo\AppData\Local\Temp\ccAZ9B2V.s:885    .text.MX_SPI2_Init:00000000 MX_SPI2_Init
C:\Users\leejo\AppData\Local\Temp\ccAZ9B2V.s:947    .text.MX_SPI2_Init:0000002c $d
C:\Users\leejo\AppData\Local\Temp\ccAZ9B2V.s:953    .text.SystemClock_Config:00000000 $t
C:\Users\leejo\AppData\Local\Temp\ccAZ9B2V.s:959    .text.SystemClock_Config:00000000 SystemClock_Config
C:\Users\leejo\AppData\Local\Temp\ccAZ9B2V.s:1104   .text.SystemClock_Config:000000a0 $d
C:\Users\leejo\AppData\Local\Temp\ccAZ9B2V.s:1110   .text.main:00000000 $t
C:\Users\leejo\AppData\Local\Temp\ccAZ9B2V.s:1116   .text.main:00000000 main
C:\Users\leejo\AppData\Local\Temp\ccAZ9B2V.s:1264   .text.main:000000dc $d
C:\Users\leejo\AppData\Local\Temp\ccAZ9B2V.s:1331   .bss.defaultTaskHandle:00000000 defaultTaskHandle
C:\Users\leejo\AppData\Local\Temp\ccAZ9B2V.s:1324   .bss.dspTaskHandle:00000000 dspTaskHandle
C:\Users\leejo\AppData\Local\Temp\ccAZ9B2V.s:1317   .bss.spiTaskHandle:00000000 spiTaskHandle
C:\Users\leejo\AppData\Local\Temp\ccAZ9B2V.s:1277   .rodata.str1.4:00000000 $d
C:\Users\leejo\AppData\Local\Temp\ccAZ9B2V.s:1291   .bss.intensity:00000000 $d
C:\Users\leejo\AppData\Local\Temp\ccAZ9B2V.s:1297   .bss.gesture:00000000 $d
C:\Users\leejo\AppData\Local\Temp\ccAZ9B2V.s:1300   .bss.spi_rx_buf:00000000 $d
C:\Users\leejo\AppData\Local\Temp\ccAZ9B2V.s:1307   .bss.spiSemHandle:00000000 $d
C:\Users\leejo\AppData\Local\Temp\ccAZ9B2V.s:1314   .bss.spiTaskHandle:00000000 $d
C:\Users\leejo\AppData\Local\Temp\ccAZ9B2V.s:1321   .bss.dspTaskHandle:00000000 $d
C:\Users\leejo\AppData\Local\Temp\ccAZ9B2V.s:1328   .bss.defaultTaskHandle:00000000 $d
C:\Users\leejo\AppData\Local\Temp\ccAZ9B2V.s:1338   .bss.hdma_spi2_rx:00000000 hdma_spi2_rx
ARM GAS  C:\Users\leejo\AppData\Local\Temp\ccAZ9B2V.s 			page 59


C:\Users\leejo\AppData\Local\Temp\ccAZ9B2V.s:1335   .bss.hdma_spi2_rx:00000000 $d
C:\Users\leejo\AppData\Local\Temp\ccAZ9B2V.s:1342   .bss.hspi2:00000000 $d
C:\Users\leejo\AppData\Local\Temp\ccAZ9B2V.s:1349   .bss.hspi1:00000000 $d
C:\Users\leejo\AppData\Local\Temp\ccAZ9B2V.s:1359   .bss.hdma_spi3_tx:00000000 hdma_spi3_tx
C:\Users\leejo\AppData\Local\Temp\ccAZ9B2V.s:1356   .bss.hdma_spi3_tx:00000000 $d
C:\Users\leejo\AppData\Local\Temp\ccAZ9B2V.s:1366   .bss.hdma_i2s3_ext_rx:00000000 hdma_i2s3_ext_rx
C:\Users\leejo\AppData\Local\Temp\ccAZ9B2V.s:1363   .bss.hdma_i2s3_ext_rx:00000000 $d
C:\Users\leejo\AppData\Local\Temp\ccAZ9B2V.s:1370   .bss.hi2s3:00000000 $d
C:\Users\leejo\AppData\Local\Temp\ccAZ9B2V.s:1377   .bss.hi2c1:00000000 $d
C:\Users\leejo\AppData\Local\Temp\ccAZ9B2V.s:1383   .rodata:00000000 $d

UNDEFINED SYMBOLS
HAL_GPIO_WritePin
HAL_GPIO_Init
HAL_NVIC_SetPriority
HAL_NVIC_EnableIRQ
HAL_GPIO_TogglePin
osDelay
osSemaphoreRelease
HAL_SPI_Receive_DMA
HAL_IncTick
HAL_I2C_Init
HAL_I2S_Init
HAL_SPI_Init
memset
HAL_RCC_OscConfig
HAL_RCC_ClockConfig
HAL_Init
osMutexCreate
osSemaphoreCreate
osThreadCreate
osKernelStart
g_params_mutex
StartDSPTask
StartSPITask
