
build/debug/stm32config.elf:     file format elf32-littlearm

Sections:
Idx Name          Size      VMA       LMA       File off  Algn
  0 .isr_vector   00000188  08000000  08000000  00001000  2**0
                  CONTENTS, ALLOC, LOAD, READONLY, DATA
  1 .text         00005088  08000190  08000190  00001190  2**4
                  CONTENTS, ALLOC, LOAD, READONLY, CODE
  2 .rodata       00000098  08005218  08005218  00006218  2**2
                  CONTENTS, ALLOC, LOAD, READONLY, DATA
  3 .ARM.extab    00000000  080052b0  080052b0  0000701c  2**0
                  CONTENTS, READONLY
  4 .ARM          00000008  080052b0  080052b0  000062b0  2**2
                  CONTENTS, ALLOC, LOAD, READONLY, DATA
  5 .preinit_array 00000000  080052b8  080052b8  0000701c  2**0
                  CONTENTS, ALLOC, LOAD, DATA
  6 .init_array   00000004  080052b8  080052b8  000062b8  2**2
                  CONTENTS, ALLOC, LOAD, READONLY, DATA
  7 .fini_array   00000004  080052bc  080052bc  000062bc  2**2
                  CONTENTS, ALLOC, LOAD, READONLY, DATA
  8 .data         0000001c  20000000  080052c0  00007000  2**2
                  CONTENTS, ALLOC, LOAD, DATA
  9 .ccmram       00000000  10000000  10000000  0000701c  2**0
                  CONTENTS
 10 .bss          00004c40  2000001c  2000001c  0000701c  2**2
                  ALLOC
 11 ._user_heap_stack 00000604  20004c5c  20004c5c  0000701c  2**0
                  ALLOC
 12 .ARM.attributes 00000030  00000000  00000000  0000701c  2**0
                  CONTENTS, READONLY
 13 .comment      00000039  00000000  00000000  0000704c  2**0
                  CONTENTS, READONLY
 14 .debug_info   0001f13c  00000000  00000000  00007085  2**0
                  CONTENTS, READONLY, DEBUGGING, OCTETS
 15 .debug_abbrev 00004235  00000000  00000000  000261c1  2**0
                  CONTENTS, READONLY, DEBUGGING, OCTETS
 16 .debug_loclists 0000ff34  00000000  00000000  0002a3f6  2**0
                  CONTENTS, READONLY, DEBUGGING, OCTETS
 17 .debug_aranges 00001718  00000000  00000000  0003a330  2**3
                  CONTENTS, READONLY, DEBUGGING, OCTETS
 18 .debug_rnglists 0000131f  00000000  00000000  0003ba48  2**0
                  CONTENTS, READONLY, DEBUGGING, OCTETS
 19 .debug_line   0001c672  00000000  00000000  0003cd67  2**0
                  CONTENTS, READONLY, DEBUGGING, OCTETS
 20 .debug_str    00007868  00000000  00000000  000593d9  2**0
                  CONTENTS, READONLY, DEBUGGING, OCTETS
 21 .debug_frame  00003f78  00000000  00000000  00060c44  2**2
                  CONTENTS, READONLY, DEBUGGING, OCTETS
 22 .debug_line_str 000001df  00000000  00000000  00064bbc  2**0
                  CONTENTS, READONLY, DEBUGGING, OCTETS

Disassembly of section .text:

08000190 <__aeabi_uldivmod>:
 8000190:	b953      	cbnz	r3, 80001a8 <__aeabi_uldivmod+0x18>
 8000192:	b94a      	cbnz	r2, 80001a8 <__aeabi_uldivmod+0x18>
 8000194:	2900      	cmp	r1, #0
 8000196:	bf08      	it	eq
 8000198:	2800      	cmpeq	r0, #0
 800019a:	bf1c      	itt	ne
 800019c:	f04f 31ff 	movne.w	r1, #4294967295
 80001a0:	f04f 30ff 	movne.w	r0, #4294967295
 80001a4:	f000 b80c 	b.w	80001c0 <__aeabi_idiv0>
 80001a8:	f1ad 0c08 	sub.w	ip, sp, #8
 80001ac:	e96d ce04 	strd	ip, lr, [sp, #-16]!
 80001b0:	f004 fe96 	bl	8004ee0 <__udivmoddi4>
 80001b4:	f8dd e004 	ldr.w	lr, [sp, #4]
 80001b8:	e9dd 2302 	ldrd	r2, r3, [sp, #8]
 80001bc:	b004      	add	sp, #16
 80001be:	4770      	bx	lr

080001c0 <__aeabi_idiv0>:
 80001c0:	4770      	bx	lr
 80001c2:	bf00      	nop

080001c4 <__do_global_dtors_aux>:
 80001c4:	b508      	push	{r3, lr}
 80001c6:	4b06      	ldr	r3, [pc, #24]	@ (80001e0 <__do_global_dtors_aux+0x1c>)
 80001c8:	781a      	ldrb	r2, [r3, #0]
 80001ca:	b93a      	cbnz	r2, 80001dc <__do_global_dtors_aux+0x18>
 80001cc:	4a05      	ldr	r2, [pc, #20]	@ (80001e4 <__do_global_dtors_aux+0x20>)
 80001ce:	b11a      	cbz	r2, 80001d8 <__do_global_dtors_aux+0x14>
 80001d0:	4805      	ldr	r0, [pc, #20]	@ (80001e8 <__do_global_dtors_aux+0x24>)
 80001d2:	f3af 8000 	nop.w
 80001d6:	4b02      	ldr	r3, [pc, #8]	@ (80001e0 <__do_global_dtors_aux+0x1c>)
 80001d8:	2201      	movs	r2, #1
 80001da:	701a      	strb	r2, [r3, #0]
 80001dc:	bd08      	pop	{r3, pc}
 80001de:	bf00      	nop
 80001e0:	2000001c 	.word	0x2000001c
 80001e4:	00000000 	.word	0x00000000
 80001e8:	08005200 	.word	0x08005200

080001ec <frame_dummy>:
 80001ec:	b508      	push	{r3, lr}
 80001ee:	4b03      	ldr	r3, [pc, #12]	@ (80001fc <frame_dummy+0x10>)
 80001f0:	b11b      	cbz	r3, 80001fa <frame_dummy+0xe>
 80001f2:	4903      	ldr	r1, [pc, #12]	@ (8000200 <frame_dummy+0x14>)
 80001f4:	4803      	ldr	r0, [pc, #12]	@ (8000204 <frame_dummy+0x18>)
 80001f6:	f3af 8000 	nop.w
 80001fa:	bd08      	pop	{r3, pc}
 80001fc:	00000000 	.word	0x00000000
 8000200:	20000020 	.word	0x20000020
 8000204:	08005200 	.word	0x08005200

08000208 <makeFreeRtosPriority>:
/* Convert from CMSIS type osPriority to FreeRTOS priority number */
static unsigned portBASE_TYPE makeFreeRtosPriority (osPriority priority)
{
  unsigned portBASE_TYPE fpriority = tskIDLE_PRIORITY;
  
  if (priority != osPriorityError) {
 8000208:	2884      	cmp	r0, #132	@ 0x84
 800020a:	d001      	beq.n	8000210 <makeFreeRtosPriority+0x8>
    fpriority += (priority - osPriorityIdle);
 800020c:	3003      	adds	r0, #3
 800020e:	4770      	bx	lr
  unsigned portBASE_TYPE fpriority = tskIDLE_PRIORITY;
 8000210:	2000      	movs	r0, #0
  }
  
  return fpriority;
}
 8000212:	4770      	bx	lr

08000214 <inHandlerMode>:
 */
__STATIC_FORCEINLINE uint32_t __get_IPSR(void)
{
  uint32_t result;

  __ASM volatile ("MRS %0, ipsr" : "=r" (result) );
 8000214:	f3ef 8005 	mrs	r0, IPSR

/* Determine whether we are in thread mode or handler mode. */
static int inHandlerMode (void)
{
  return __get_IPSR() != 0;
}
 8000218:	3800      	subs	r0, #0
 800021a:	bf18      	it	ne
 800021c:	2001      	movne	r0, #1
 800021e:	4770      	bx	lr

08000220 <osKernelStart>:
* @param  argument      pointer that is passed to the thread function as start argument.
* @retval status code that indicates the execution status of the function
* @note   MUST REMAIN UNCHANGED: \b osKernelStart shall be consistent in every CMSIS-RTOS.
*/
osStatus osKernelStart (void)
{
 8000220:	b508      	push	{r3, lr}
  vTaskStartScheduler();
 8000222:	f004 f8f1 	bl	8004408 <vTaskStartScheduler>
  
  return osOK;
}
 8000226:	2000      	movs	r0, #0
 8000228:	bd08      	pop	{r3, pc}

0800022a <osThreadCreate>:
* @param  argument      pointer that is passed to the thread function as start argument.
* @retval thread ID for reference by other functions or NULL in case of error.
* @note   MUST REMAIN UNCHANGED: \b osThreadCreate shall be consistent in every CMSIS-RTOS.
*/
osThreadId osThreadCreate (const osThreadDef_t *thread_def, void *argument)
{
 800022a:	e92d 41f0 	stmdb	sp!, {r4, r5, r6, r7, r8, lr}
 800022e:	b088      	sub	sp, #32
 8000230:	460f      	mov	r7, r1
  TaskHandle_t handle;
  
#if( configSUPPORT_STATIC_ALLOCATION == 1 ) &&  ( configSUPPORT_DYNAMIC_ALLOCATION == 1 )
  if((thread_def->buffer != NULL) && (thread_def->controlblock != NULL)) {
 8000232:	6944      	ldr	r4, [r0, #20]
 8000234:	b1c4      	cbz	r4, 8000268 <osThreadCreate+0x3e>
 8000236:	4688      	mov	r8, r1
 8000238:	6985      	ldr	r5, [r0, #24]
 800023a:	b1ad      	cbz	r5, 8000268 <osThreadCreate+0x3e>
    handle = xTaskCreateStatic((TaskFunction_t)thread_def->pthread,(const portCHAR *)thread_def->name,
 800023c:	6846      	ldr	r6, [r0, #4]
 800023e:	6807      	ldr	r7, [r0, #0]
 8000240:	6902      	ldr	r2, [r0, #16]
 8000242:	9205      	str	r2, [sp, #20]
              thread_def->stacksize, argument, makeFreeRtosPriority(thread_def->tpriority),
 8000244:	f9b0 0008 	ldrsh.w	r0, [r0, #8]
 8000248:	f7ff ffde 	bl	8000208 <makeFreeRtosPriority>
    handle = xTaskCreateStatic((TaskFunction_t)thread_def->pthread,(const portCHAR *)thread_def->name,
 800024c:	9502      	str	r5, [sp, #8]
 800024e:	9401      	str	r4, [sp, #4]
 8000250:	9000      	str	r0, [sp, #0]
 8000252:	4643      	mov	r3, r8
 8000254:	9a05      	ldr	r2, [sp, #20]
 8000256:	4639      	mov	r1, r7
 8000258:	4630      	mov	r0, r6
 800025a:	f004 f863 	bl	8004324 <xTaskCreateStatic>
 800025e:	9007      	str	r0, [sp, #28]
                   &handle) != pdPASS)  {
    return NULL;
  }     
#endif
  
  return handle;
 8000260:	9807      	ldr	r0, [sp, #28]
}
 8000262:	b008      	add	sp, #32
 8000264:	e8bd 81f0 	ldmia.w	sp!, {r4, r5, r6, r7, r8, pc}
    if (xTaskCreate((TaskFunction_t)thread_def->pthread,(const portCHAR *)thread_def->name,
 8000268:	6844      	ldr	r4, [r0, #4]
 800026a:	6805      	ldr	r5, [r0, #0]
              thread_def->stacksize, argument, makeFreeRtosPriority(thread_def->tpriority),
 800026c:	6906      	ldr	r6, [r0, #16]
 800026e:	f9b0 0008 	ldrsh.w	r0, [r0, #8]
 8000272:	f7ff ffc9 	bl	8000208 <makeFreeRtosPriority>
    if (xTaskCreate((TaskFunction_t)thread_def->pthread,(const portCHAR *)thread_def->name,
 8000276:	ab07      	add	r3, sp, #28
 8000278:	9301      	str	r3, [sp, #4]
 800027a:	9000      	str	r0, [sp, #0]
 800027c:	463b      	mov	r3, r7
 800027e:	b2b2      	uxth	r2, r6
 8000280:	4629      	mov	r1, r5
 8000282:	4620      	mov	r0, r4
 8000284:	f004 f88e 	bl	80043a4 <xTaskCreate>
 8000288:	2801      	cmp	r0, #1
 800028a:	d0e9      	beq.n	8000260 <osThreadCreate+0x36>
      return NULL;
 800028c:	2000      	movs	r0, #0
 800028e:	e7e8      	b.n	8000262 <osThreadCreate+0x38>

08000290 <osThreadGetId>:
* @brief  Return the thread ID of the current running thread.
* @retval thread ID for reference by other functions or NULL in case of error.
* @note   MUST REMAIN UNCHANGED: \b osThreadGetId shall be consistent in every CMSIS-RTOS.
*/
osThreadId osThreadGetId (void)
{
 8000290:	b508      	push	{r3, lr}
#if ( ( INCLUDE_xTaskGetCurrentTaskHandle == 1 ) || ( configUSE_MUTEXES == 1 ) )
  return xTaskGetCurrentTaskHandle();
 8000292:	f004 fb31 	bl	80048f8 <xTaskGetCurrentTaskHandle>
#else
	return NULL;
#endif
}
 8000296:	bd08      	pop	{r3, pc}

08000298 <osDelay>:
* @brief   Wait for Timeout (Time Delay)
* @param   millisec      time delay value
* @retval  status code that indicates the execution status of the function.
*/
osStatus osDelay (uint32_t millisec)
{
 8000298:	b508      	push	{r3, lr}
#if INCLUDE_vTaskDelay
  TickType_t ticks = millisec / portTICK_PERIOD_MS;
  
  vTaskDelay(ticks ? ticks : 1);          /* Minimum delay = 1 tick */
 800029a:	b900      	cbnz	r0, 800029e <osDelay+0x6>
 800029c:	2001      	movs	r0, #1
 800029e:	f004 fa03 	bl	80046a8 <vTaskDelay>
#else
  (void) millisec;
  
  return osErrorResource;
#endif
}
 80002a2:	2000      	movs	r0, #0
 80002a4:	bd08      	pop	{r3, pc}

080002a6 <osSignalSet>:
* @param  signals       specifies the signal flags of the thread that should be set.
* @retval previous signal flags of the specified thread or 0x80000000 in case of incorrect parameters.
* @note   MUST REMAIN UNCHANGED: \b osSignalSet shall be consistent in every CMSIS-RTOS.
*/
int32_t osSignalSet (osThreadId thread_id, int32_t signal)
{
 80002a6:	b530      	push	{r4, r5, lr}
 80002a8:	b085      	sub	sp, #20
 80002aa:	4605      	mov	r5, r0
 80002ac:	460c      	mov	r4, r1
#if( configUSE_TASK_NOTIFICATIONS == 1 )	
  BaseType_t xHigherPriorityTaskWoken = pdFALSE;
 80002ae:	2300      	movs	r3, #0
 80002b0:	9303      	str	r3, [sp, #12]
  uint32_t ulPreviousNotificationValue = 0;
 80002b2:	9302      	str	r3, [sp, #8]
  
  if (inHandlerMode())
 80002b4:	f7ff ffae 	bl	8000214 <inHandlerMode>
 80002b8:	b1b0      	cbz	r0, 80002e8 <osSignalSet+0x42>
  {
    if(xTaskGenericNotifyFromISR( thread_id , (uint32_t)signal, eSetBits, &ulPreviousNotificationValue, &xHigherPriorityTaskWoken ) != pdPASS )
 80002ba:	ab03      	add	r3, sp, #12
 80002bc:	9300      	str	r3, [sp, #0]
 80002be:	ab02      	add	r3, sp, #8
 80002c0:	2201      	movs	r2, #1
 80002c2:	4621      	mov	r1, r4
 80002c4:	4628      	mov	r0, r5
 80002c6:	f004 fd0f 	bl	8004ce8 <xTaskGenericNotifyFromISR>
 80002ca:	2801      	cmp	r0, #1
 80002cc:	d117      	bne.n	80002fe <osSignalSet+0x58>
      return 0x80000000;
    
    portYIELD_FROM_ISR( xHigherPriorityTaskWoken );
 80002ce:	9b03      	ldr	r3, [sp, #12]
 80002d0:	b193      	cbz	r3, 80002f8 <osSignalSet+0x52>
 80002d2:	f04f 23e0 	mov.w	r3, #3758153728	@ 0xe000e000
 80002d6:	f04f 5280 	mov.w	r2, #268435456	@ 0x10000000
 80002da:	f8c3 2d04 	str.w	r2, [r3, #3332]	@ 0xd04
 80002de:	f3bf 8f4f 	dsb	sy
 80002e2:	f3bf 8f6f 	isb	sy
 80002e6:	e007      	b.n	80002f8 <osSignalSet+0x52>
  }  
  else if(xTaskGenericNotify( thread_id , (uint32_t)signal, eSetBits, &ulPreviousNotificationValue) != pdPASS )
 80002e8:	ab02      	add	r3, sp, #8
 80002ea:	2201      	movs	r2, #1
 80002ec:	4621      	mov	r1, r4
 80002ee:	4628      	mov	r0, r5
 80002f0:	f004 fc7a 	bl	8004be8 <xTaskGenericNotify>
 80002f4:	2801      	cmp	r0, #1
 80002f6:	d105      	bne.n	8000304 <osSignalSet+0x5e>
    return 0x80000000;
  
  return ulPreviousNotificationValue;
 80002f8:	9802      	ldr	r0, [sp, #8]
  (void) thread_id;
  (void) signal;

  return 0x80000000; /* Task Notification not supported */ 	
#endif
}
 80002fa:	b005      	add	sp, #20
 80002fc:	bd30      	pop	{r4, r5, pc}
      return 0x80000000;
 80002fe:	f04f 4000 	mov.w	r0, #2147483648	@ 0x80000000
 8000302:	e7fa      	b.n	80002fa <osSignalSet+0x54>
    return 0x80000000;
 8000304:	f04f 4000 	mov.w	r0, #2147483648	@ 0x80000000
 8000308:	e7f7      	b.n	80002fa <osSignalSet+0x54>

0800030a <osSignalWait>:
* @param  millisec  timeout value or 0 in case of no time-out.
* @retval  event flag information or error code.
* @note   MUST REMAIN UNCHANGED: \b osSignalWait shall be consistent in every CMSIS-RTOS.
*/
osEvent osSignalWait (int32_t signals, uint32_t millisec)
{
 800030a:	b570      	push	{r4, r5, r6, lr}
 800030c:	b084      	sub	sp, #16
 800030e:	4604      	mov	r4, r0
 8000310:	460e      	mov	r6, r1
 8000312:	4615      	mov	r5, r2

#if( configUSE_TASK_NOTIFICATIONS == 1 )
	
  TickType_t ticks;

  ret.value.signals = 0;  
 8000314:	2300      	movs	r3, #0
 8000316:	9302      	str	r3, [sp, #8]
    if (ticks == 0) {
      ticks = 1;
    }
  }  
  
  if (inHandlerMode())
 8000318:	f7ff ff7c 	bl	8000214 <inHandlerMode>
 800031c:	b148      	cbz	r0, 8000332 <osSignalWait+0x28>
  {
    ret.status = osErrorISR;  /*Not allowed in ISR*/
 800031e:	2382      	movs	r3, #130	@ 0x82
 8000320:	9301      	str	r3, [sp, #4]
  (void) millisec;
	
  ret.status =  osErrorOS;	/* Task Notification not supported */
#endif
  
  return ret;
 8000322:	ab04      	add	r3, sp, #16
 8000324:	e913 0007 	ldmdb	r3, {r0, r1, r2}
 8000328:	e884 0007 	stmia.w	r4, {r0, r1, r2}
}
 800032c:	4620      	mov	r0, r4
 800032e:	b004      	add	sp, #16
 8000330:	bd70      	pop	{r4, r5, r6, pc}
    if(xTaskNotifyWait( 0,(uint32_t) signals, (uint32_t *)&ret.value.signals, ticks) != pdTRUE)
 8000332:	462b      	mov	r3, r5
 8000334:	aa02      	add	r2, sp, #8
 8000336:	4631      	mov	r1, r6
 8000338:	f004 fc0a 	bl	8004b50 <xTaskNotifyWait>
 800033c:	2801      	cmp	r0, #1
 800033e:	d005      	beq.n	800034c <osSignalWait+0x42>
      if(ticks == 0)  ret.status = osOK;
 8000340:	b90d      	cbnz	r5, 8000346 <osSignalWait+0x3c>
 8000342:	9501      	str	r5, [sp, #4]
 8000344:	e7ed      	b.n	8000322 <osSignalWait+0x18>
      else  ret.status = osEventTimeout;
 8000346:	2340      	movs	r3, #64	@ 0x40
 8000348:	9301      	str	r3, [sp, #4]
 800034a:	e7ea      	b.n	8000322 <osSignalWait+0x18>
    else if(ret.value.signals < 0)
 800034c:	9b02      	ldr	r3, [sp, #8]
 800034e:	2b00      	cmp	r3, #0
 8000350:	db02      	blt.n	8000358 <osSignalWait+0x4e>
    else  ret.status =  osEventSignal;
 8000352:	2308      	movs	r3, #8
 8000354:	9301      	str	r3, [sp, #4]
 8000356:	e7e4      	b.n	8000322 <osSignalWait+0x18>
      ret.status =  osErrorValue;     
 8000358:	2386      	movs	r3, #134	@ 0x86
 800035a:	9301      	str	r3, [sp, #4]
 800035c:	e7e1      	b.n	8000322 <osSignalWait+0x18>

0800035e <osMutexWait>:
* @param millisec      timeout value or 0 in case of no time-out.
* @retval  status code that indicates the execution status of the function.
* @note   MUST REMAIN UNCHANGED: \b osMutexWait shall be consistent in every CMSIS-RTOS.
*/
osStatus osMutexWait (osMutexId mutex_id, uint32_t millisec)
{
 800035e:	b530      	push	{r4, r5, lr}
 8000360:	b083      	sub	sp, #12
  TickType_t ticks;
  portBASE_TYPE taskWoken = pdFALSE;  
 8000362:	2300      	movs	r3, #0
 8000364:	9301      	str	r3, [sp, #4]
  
  
  if (mutex_id == NULL) {
 8000366:	b310      	cbz	r0, 80003ae <osMutexWait+0x50>
 8000368:	460d      	mov	r5, r1
 800036a:	4604      	mov	r4, r0
    if (ticks == 0) {
      ticks = 1;
    }
  }
  
  if (inHandlerMode()) {
 800036c:	f7ff ff52 	bl	8000214 <inHandlerMode>
 8000370:	b1a0      	cbz	r0, 800039c <osMutexWait+0x3e>
    if (xSemaphoreTakeFromISR(mutex_id, &taskWoken) != pdTRUE) {
 8000372:	aa01      	add	r2, sp, #4
 8000374:	2100      	movs	r1, #0
 8000376:	4620      	mov	r0, r4
 8000378:	f001 f9a8 	bl	80016cc <xQueueReceiveFromISR>
 800037c:	2801      	cmp	r0, #1
 800037e:	d118      	bne.n	80003b2 <osMutexWait+0x54>
      return osErrorOS;
    }
	portEND_SWITCHING_ISR(taskWoken);
 8000380:	9b01      	ldr	r3, [sp, #4]
 8000382:	b1c3      	cbz	r3, 80003b6 <osMutexWait+0x58>
 8000384:	f04f 23e0 	mov.w	r3, #3758153728	@ 0xe000e000
 8000388:	f04f 5280 	mov.w	r2, #268435456	@ 0x10000000
 800038c:	f8c3 2d04 	str.w	r2, [r3, #3332]	@ 0xd04
 8000390:	f3bf 8f4f 	dsb	sy
 8000394:	f3bf 8f6f 	isb	sy
  } 
  else if (xSemaphoreTake(mutex_id, ticks) != pdTRUE) {
    return osErrorOS;
  }
  
  return osOK;
 8000398:	2000      	movs	r0, #0
 800039a:	e006      	b.n	80003aa <osMutexWait+0x4c>
  else if (xSemaphoreTake(mutex_id, ticks) != pdTRUE) {
 800039c:	4629      	mov	r1, r5
 800039e:	4620      	mov	r0, r4
 80003a0:	f001 f8be 	bl	8001520 <xQueueSemaphoreTake>
 80003a4:	2801      	cmp	r0, #1
 80003a6:	d108      	bne.n	80003ba <osMutexWait+0x5c>
  return osOK;
 80003a8:	2000      	movs	r0, #0
}
 80003aa:	b003      	add	sp, #12
 80003ac:	bd30      	pop	{r4, r5, pc}
    return osErrorParameter;
 80003ae:	2080      	movs	r0, #128	@ 0x80
 80003b0:	e7fb      	b.n	80003aa <osMutexWait+0x4c>
      return osErrorOS;
 80003b2:	20ff      	movs	r0, #255	@ 0xff
 80003b4:	e7f9      	b.n	80003aa <osMutexWait+0x4c>
  return osOK;
 80003b6:	4618      	mov	r0, r3
 80003b8:	e7f7      	b.n	80003aa <osMutexWait+0x4c>
    return osErrorOS;
 80003ba:	20ff      	movs	r0, #255	@ 0xff
 80003bc:	e7f5      	b.n	80003aa <osMutexWait+0x4c>

080003be <osMutexRelease>:
* @param mutex_id      mutex ID obtained by \ref osMutexCreate.
* @retval  status code that indicates the execution status of the function.
* @note   MUST REMAIN UNCHANGED: \b osMutexRelease shall be consistent in every CMSIS-RTOS.
*/
osStatus osMutexRelease (osMutexId mutex_id)
{
 80003be:	b510      	push	{r4, lr}
 80003c0:	b082      	sub	sp, #8
 80003c2:	4604      	mov	r4, r0
  osStatus result = osOK;
  portBASE_TYPE taskWoken = pdFALSE;
 80003c4:	2300      	movs	r3, #0
 80003c6:	9301      	str	r3, [sp, #4]
  
  if (inHandlerMode()) {
 80003c8:	f7ff ff24 	bl	8000214 <inHandlerMode>
 80003cc:	b198      	cbz	r0, 80003f6 <osMutexRelease+0x38>
    if (xSemaphoreGiveFromISR(mutex_id, &taskWoken) != pdTRUE) {
 80003ce:	a901      	add	r1, sp, #4
 80003d0:	4620      	mov	r0, r4
 80003d2:	f001 f84b 	bl	800146c <xQueueGiveFromISR>
 80003d6:	2801      	cmp	r0, #1
 80003d8:	d11a      	bne.n	8000410 <osMutexRelease+0x52>
      return osErrorOS;
    }
    portEND_SWITCHING_ISR(taskWoken);
 80003da:	9b01      	ldr	r3, [sp, #4]
 80003dc:	b1d3      	cbz	r3, 8000414 <osMutexRelease+0x56>
 80003de:	f04f 23e0 	mov.w	r3, #3758153728	@ 0xe000e000
 80003e2:	f04f 5280 	mov.w	r2, #268435456	@ 0x10000000
 80003e6:	f8c3 2d04 	str.w	r2, [r3, #3332]	@ 0xd04
 80003ea:	f3bf 8f4f 	dsb	sy
 80003ee:	f3bf 8f6f 	isb	sy
  osStatus result = osOK;
 80003f2:	2000      	movs	r0, #0
 80003f4:	e008      	b.n	8000408 <osMutexRelease+0x4a>
  }
  else if (xSemaphoreGive(mutex_id) != pdTRUE) 
 80003f6:	4603      	mov	r3, r0
 80003f8:	4602      	mov	r2, r0
 80003fa:	4601      	mov	r1, r0
 80003fc:	4620      	mov	r0, r4
 80003fe:	f000 ff71 	bl	80012e4 <xQueueGenericSend>
 8000402:	2801      	cmp	r0, #1
 8000404:	d002      	beq.n	800040c <osMutexRelease+0x4e>
  {
    result = osErrorOS;
 8000406:	20ff      	movs	r0, #255	@ 0xff
  }
  return result;
}
 8000408:	b002      	add	sp, #8
 800040a:	bd10      	pop	{r4, pc}
  osStatus result = osOK;
 800040c:	2000      	movs	r0, #0
 800040e:	e7fb      	b.n	8000408 <osMutexRelease+0x4a>
      return osErrorOS;
 8000410:	20ff      	movs	r0, #255	@ 0xff
 8000412:	e7f9      	b.n	8000408 <osMutexRelease+0x4a>
  osStatus result = osOK;
 8000414:	4618      	mov	r0, r3
 8000416:	e7f7      	b.n	8000408 <osMutexRelease+0x4a>

08000418 <apply_volume>:

/* Scale every sample by vol.
   24-bit layout stride: MSW at i, LSW at i+1; step by 2 to hit every MSW. */
static void apply_volume(uint16_t *buf, float vol)
{
    for (int i = 0; i < HALF_BUF_LEN; i += 2) {
 8000418:	2300      	movs	r3, #0
 800041a:	e012      	b.n	8000442 <apply_volume+0x2a>
        float s    = (float)(int16_t)buf[i] * vol;
 800041c:	f930 2013 	ldrsh.w	r2, [r0, r3, lsl #1]
 8000420:	ee07 2a90 	vmov	s15, r2
 8000424:	eef8 7ae7 	vcvt.f32.s32	s15, s15
 8000428:	ee67 7a80 	vmul.f32	s15, s15, s0
        buf[i]     = (uint16_t)(int16_t)s;
 800042c:	eefd 7ae7 	vcvt.s32.f32	s15, s15
 8000430:	ee17 2a90 	vmov	r2, s15
 8000434:	f820 2013 	strh.w	r2, [r0, r3, lsl #1]
        buf[i + 1] = 0;
 8000438:	1c5a      	adds	r2, r3, #1
 800043a:	2100      	movs	r1, #0
 800043c:	f820 1012 	strh.w	r1, [r0, r2, lsl #1]
    for (int i = 0; i < HALF_BUF_LEN; i += 2) {
 8000440:	3302      	adds	r3, #2
 8000442:	2b3f      	cmp	r3, #63	@ 0x3f
 8000444:	ddea      	ble.n	800041c <apply_volume+0x4>
    }
}
 8000446:	4770      	bx	lr

08000448 <apply_lpf>:
/* First-order IIR: y[n] = alpha*x[n] + (1-alpha)*y[n-1]
   alpha=1.0 is all-pass; alpha near 0 cuts more high frequencies.
   24-bit layout: L_MSW at i, L_LSW at i+1, R_MSW at i+2, R_LSW at i+3; step by 4. */
static void apply_lpf(uint16_t *buf, float alpha)
{
    float beta = 1.0f - alpha;
 8000448:	eeb7 6a00 	vmov.f32	s12, #112	@ 0x3f800000  1.0
 800044c:	ee36 6a40 	vsub.f32	s12, s12, s0
    for (int i = 0; i < HALF_BUF_LEN; i += 4) {
 8000450:	2300      	movs	r3, #0
 8000452:	e037      	b.n	80004c4 <apply_lpf+0x7c>
        float xL = (float)(int16_t)buf[i];
 8000454:	f930 2013 	ldrsh.w	r2, [r0, r3, lsl #1]
 8000458:	ee07 2a10 	vmov	s14, r2
 800045c:	eeb8 7ac7 	vcvt.f32.s32	s14, s14
        float xR = (float)(int16_t)buf[i + 2];
 8000460:	1c99      	adds	r1, r3, #2
 8000462:	f930 2011 	ldrsh.w	r2, [r0, r1, lsl #1]
 8000466:	ee07 2a90 	vmov	s15, r2
 800046a:	eef8 7ae7 	vcvt.f32.s32	s15, s15
        lpf_L    = alpha * xL + beta * lpf_L;
 800046e:	ee20 7a07 	vmul.f32	s14, s0, s14
 8000472:	4a16      	ldr	r2, [pc, #88]	@ (80004cc <apply_lpf+0x84>)
 8000474:	edd2 6a00 	vldr	s13, [r2]
 8000478:	ee66 6a26 	vmul.f32	s13, s12, s13
 800047c:	ee37 7a26 	vadd.f32	s14, s14, s13
 8000480:	ed82 7a00 	vstr	s14, [r2]
        lpf_R    = alpha * xR + beta * lpf_R;
 8000484:	ee60 7a27 	vmul.f32	s15, s0, s15
 8000488:	4a11      	ldr	r2, [pc, #68]	@ (80004d0 <apply_lpf+0x88>)
 800048a:	edd2 6a00 	vldr	s13, [r2]
 800048e:	ee66 6a26 	vmul.f32	s13, s12, s13
 8000492:	ee77 7aa6 	vadd.f32	s15, s15, s13
 8000496:	edc2 7a00 	vstr	s15, [r2]
        buf[i]     = (uint16_t)(int16_t)lpf_L;
 800049a:	eebd 7ac7 	vcvt.s32.f32	s14, s14
 800049e:	ee17 2a10 	vmov	r2, s14
 80004a2:	f820 2013 	strh.w	r2, [r0, r3, lsl #1]
        buf[i + 1] = 0;
 80004a6:	f103 0c01 	add.w	ip, r3, #1
 80004aa:	2200      	movs	r2, #0
 80004ac:	f820 201c 	strh.w	r2, [r0, ip, lsl #1]
        buf[i + 2] = (uint16_t)(int16_t)lpf_R;
 80004b0:	eefd 7ae7 	vcvt.s32.f32	s15, s15
 80004b4:	ee17 ca90 	vmov	ip, s15
 80004b8:	f820 c011 	strh.w	ip, [r0, r1, lsl #1]
        buf[i + 3] = 0;
 80004bc:	1cd9      	adds	r1, r3, #3
 80004be:	f820 2011 	strh.w	r2, [r0, r1, lsl #1]
    for (int i = 0; i < HALF_BUF_LEN; i += 4) {
 80004c2:	3304      	adds	r3, #4
 80004c4:	2b3f      	cmp	r3, #63	@ 0x3f
 80004c6:	ddc5      	ble.n	8000454 <apply_lpf+0xc>
    }
}
 80004c8:	4770      	bx	lr
 80004ca:	bf00      	nop
 80004cc:	20000044 	.word	0x20000044
 80004d0:	20000040 	.word	0x20000040

080004d4 <apply_delay>:

/* 70% dry + 30% wet feedback delay using a ring buffer.
   24-bit layout: L_MSW at i, L_LSW at i+1, R_MSW at i+2, R_LSW at i+3; step by 4. */
static void apply_delay(uint16_t *buf, uint16_t len)
{
 80004d4:	e92d 41f0 	stmdb	sp!, {r4, r5, r6, r7, r8, lr}
    if (len == 0) len = 1;
 80004d8:	460c      	mov	r4, r1
 80004da:	b901      	cbnz	r1, 80004de <apply_delay+0xa>
 80004dc:	2401      	movs	r4, #1

    for (int i = 0; i < HALF_BUF_LEN; i += 4) {
 80004de:	f04f 0e00 	mov.w	lr, #0
 80004e2:	e05d      	b.n	80005a0 <apply_delay+0xcc>
        uint16_t rd    = (delay_wr + DELAY_BUF_SAMPLES - len) % DELAY_BUF_SAMPLES;
 80004e4:	4e31      	ldr	r6, [pc, #196]	@ (80005ac <apply_delay+0xd8>)
 80004e6:	8833      	ldrh	r3, [r6, #0]
 80004e8:	f503 7200 	add.w	r2, r3, #512	@ 0x200
 80004ec:	1b12      	subs	r2, r2, r4
 80004ee:	4251      	negs	r1, r2
 80004f0:	f3c2 0208 	ubfx	r2, r2, #0, #9
 80004f4:	f3c1 0108 	ubfx	r1, r1, #0, #9
 80004f8:	bf58      	it	pl
 80004fa:	424a      	negpl	r2, r1
        int16_t  dryL  = (int16_t)buf[i];
 80004fc:	f930 c01e 	ldrsh.w	ip, [r0, lr, lsl #1]
        int16_t  dryR  = (int16_t)buf[i + 2];
 8000500:	f10e 0502 	add.w	r5, lr, #2
 8000504:	f930 1015 	ldrsh.w	r1, [r0, r5, lsl #1]
        int16_t  wetL  = delay_line_L[rd];
 8000508:	b292      	uxth	r2, r2
 800050a:	f8df 80b0 	ldr.w	r8, [pc, #176]	@ 80005bc <apply_delay+0xe8>
 800050e:	f938 7012 	ldrsh.w	r7, [r8, r2, lsl #1]
 8000512:	ee06 7a90 	vmov	s13, r7
        int16_t  wetR  = delay_line_R[rd];
 8000516:	4f26      	ldr	r7, [pc, #152]	@ (80005b0 <apply_delay+0xdc>)
 8000518:	f937 2012 	ldrsh.w	r2, [r7, r2, lsl #1]
 800051c:	ee07 2a10 	vmov	s14, r2

        delay_line_L[delay_wr] = dryL;
 8000520:	f828 c013 	strh.w	ip, [r8, r3, lsl #1]
        delay_line_R[delay_wr] = dryR;
 8000524:	f827 1013 	strh.w	r1, [r7, r3, lsl #1]
        delay_wr = (delay_wr + 1) % DELAY_BUF_SAMPLES;
 8000528:	3301      	adds	r3, #1
 800052a:	425a      	negs	r2, r3
 800052c:	f3c3 0308 	ubfx	r3, r3, #0, #9
 8000530:	f3c2 0208 	ubfx	r2, r2, #0, #9
 8000534:	bf58      	it	pl
 8000536:	4253      	negpl	r3, r2
 8000538:	8033      	strh	r3, [r6, #0]

        buf[i]     = (uint16_t)(int16_t)(dryL * 0.7f + wetL * 0.3f);
 800053a:	ee07 ca90 	vmov	s15, ip
 800053e:	eef8 7ae7 	vcvt.f32.s32	s15, s15
 8000542:	eddf 5a1c 	vldr	s11, [pc, #112]	@ 80005b4 <apply_delay+0xe0>
 8000546:	ee67 7aa5 	vmul.f32	s15, s15, s11
 800054a:	eef8 6ae6 	vcvt.f32.s32	s13, s13
 800054e:	ed9f 6a1a 	vldr	s12, [pc, #104]	@ 80005b8 <apply_delay+0xe4>
 8000552:	ee66 6a86 	vmul.f32	s13, s13, s12
 8000556:	ee77 7aa6 	vadd.f32	s15, s15, s13
 800055a:	eefd 7ae7 	vcvt.s32.f32	s15, s15
 800055e:	ee17 3a90 	vmov	r3, s15
 8000562:	f820 301e 	strh.w	r3, [r0, lr, lsl #1]
        buf[i + 1] = 0;
 8000566:	f10e 0201 	add.w	r2, lr, #1
 800056a:	2300      	movs	r3, #0
 800056c:	f820 3012 	strh.w	r3, [r0, r2, lsl #1]
        buf[i + 2] = (uint16_t)(int16_t)(dryR * 0.7f + wetR * 0.3f);
 8000570:	ee07 1a90 	vmov	s15, r1
 8000574:	eef8 7ae7 	vcvt.f32.s32	s15, s15
 8000578:	ee67 7aa5 	vmul.f32	s15, s15, s11
 800057c:	eeb8 7ac7 	vcvt.f32.s32	s14, s14
 8000580:	ee27 7a06 	vmul.f32	s14, s14, s12
 8000584:	ee77 7a87 	vadd.f32	s15, s15, s14
 8000588:	eefd 7ae7 	vcvt.s32.f32	s15, s15
 800058c:	ee17 2a90 	vmov	r2, s15
 8000590:	f820 2015 	strh.w	r2, [r0, r5, lsl #1]
        buf[i + 3] = 0;
 8000594:	f10e 0203 	add.w	r2, lr, #3
 8000598:	f820 3012 	strh.w	r3, [r0, r2, lsl #1]
    for (int i = 0; i < HALF_BUF_LEN; i += 4) {
 800059c:	f10e 0e04 	add.w	lr, lr, #4
 80005a0:	f1be 0f3f 	cmp.w	lr, #63	@ 0x3f
 80005a4:	dd9e      	ble.n	80004e4 <apply_delay+0x10>
    }
}
 80005a6:	e8bd 81f0 	ldmia.w	sp!, {r4, r5, r6, r7, r8, pc}
 80005aa:	bf00      	nop
 80005ac:	20000048 	.word	0x20000048
 80005b0:	2000004c 	.word	0x2000004c
 80005b4:	3f333333 	.word	0x3f333333
 80005b8:	3e99999a 	.word	0x3e99999a
 80005bc:	2000044c 	.word	0x2000044c

080005c0 <HAL_I2SEx_TxRxHalfCpltCallback>:
{
 80005c0:	b508      	push	{r3, lr}
    active_half = 0;
 80005c2:	4b04      	ldr	r3, [pc, #16]	@ (80005d4 <HAL_I2SEx_TxRxHalfCpltCallback+0x14>)
 80005c4:	2200      	movs	r2, #0
 80005c6:	701a      	strb	r2, [r3, #0]
    osSignalSet(dsp_task_id, SIG_DMA_RDY);
 80005c8:	2101      	movs	r1, #1
 80005ca:	4b03      	ldr	r3, [pc, #12]	@ (80005d8 <HAL_I2SEx_TxRxHalfCpltCallback+0x18>)
 80005cc:	6818      	ldr	r0, [r3, #0]
 80005ce:	f7ff fe6a 	bl	80002a6 <osSignalSet>
}
 80005d2:	bd08      	pop	{r3, pc}
 80005d4:	2000003c 	.word	0x2000003c
 80005d8:	20000038 	.word	0x20000038

080005dc <HAL_I2SEx_TxRxCpltCallback>:
{
 80005dc:	b508      	push	{r3, lr}
    active_half = 1;
 80005de:	2101      	movs	r1, #1
 80005e0:	4b03      	ldr	r3, [pc, #12]	@ (80005f0 <HAL_I2SEx_TxRxCpltCallback+0x14>)
 80005e2:	7019      	strb	r1, [r3, #0]
    osSignalSet(dsp_task_id, SIG_DMA_RDY);
 80005e4:	4b03      	ldr	r3, [pc, #12]	@ (80005f4 <HAL_I2SEx_TxRxCpltCallback+0x18>)
 80005e6:	6818      	ldr	r0, [r3, #0]
 80005e8:	f7ff fe5d 	bl	80002a6 <osSignalSet>
}
 80005ec:	bd08      	pop	{r3, pc}
 80005ee:	bf00      	nop
 80005f0:	2000003c 	.word	0x2000003c
 80005f4:	20000038 	.word	0x20000038

080005f8 <StartDSPTask>:
   of tx_dma_buf.  HalfCplt signals that the first HALF_BUF_LEN words are
   ready; TxRxCplt signals that the second half is ready.  The task wakes,
   copies the fresh RX half into the corresponding TX half, applies effects,
   and goes back to sleep — all before DMA wraps around to that half again. */
void StartDSPTask(void const *argument)
{
 80005f8:	b530      	push	{r4, r5, lr}
 80005fa:	b089      	sub	sp, #36	@ 0x24
    AudioEffectParams_t params;

    dsp_task_id = osThreadGetId();
 80005fc:	f7ff fe48 	bl	8000290 <osThreadGetId>
 8000600:	4b24      	ldr	r3, [pc, #144]	@ (8000694 <StartDSPTask+0x9c>)
 8000602:	6018      	str	r0, [r3, #0]

    memset(tx_dma_buf, 0, sizeof(tx_dma_buf));
 8000604:	4c24      	ldr	r4, [pc, #144]	@ (8000698 <StartDSPTask+0xa0>)
 8000606:	f44f 7280 	mov.w	r2, #256	@ 0x100
 800060a:	2100      	movs	r1, #0
 800060c:	4620      	mov	r0, r4
 800060e:	f004 fc2c 	bl	8004e6a <memset>

    /* Size = number of 32-bit DMA words in the full double buffer.
       Each uint16_t pair in the buffer maps to one 32-bit DMA word,
       so Size = HALF_BUF_LEN (uint16_t per half) / 2 * 2 halves
               = HALF_BUF_LEN = AUDIO_BLOCK_SAMPLES * 4.            */
    HAL_I2SEx_TransmitReceive_DMA(&hi2s3, tx_dma_buf, rx_dma_buf,
 8000612:	2380      	movs	r3, #128	@ 0x80
 8000614:	4a21      	ldr	r2, [pc, #132]	@ (800069c <StartDSPTask+0xa4>)
 8000616:	4621      	mov	r1, r4
 8000618:	4821      	ldr	r0, [pc, #132]	@ (80006a0 <StartDSPTask+0xa8>)
 800061a:	f001 ff4b 	bl	80024b4 <HAL_I2SEx_TransmitReceive_DMA>
 800061e:	e002      	b.n	8000626 <StartDSPTask+0x2e>
            apply_volume(tx_half, params.volume);
            
        if (params.effects_mask & EFFECT_LPF)
            apply_lpf(tx_half, params.lpf_alpha);

        if (params.effects_mask & EFFECT_DELAY)
 8000620:	f015 0f04 	tst.w	r5, #4
 8000624:	d130      	bne.n	8000688 <StartDSPTask+0x90>
        osSignalWait(SIG_DMA_RDY, osWaitForever);
 8000626:	f04f 32ff 	mov.w	r2, #4294967295
 800062a:	2101      	movs	r1, #1
 800062c:	4668      	mov	r0, sp
 800062e:	f7ff fe6c 	bl	800030a <osSignalWait>
        uint8_t   half    = active_half;
 8000632:	4b1c      	ldr	r3, [pc, #112]	@ (80006a4 <StartDSPTask+0xac>)
 8000634:	781b      	ldrb	r3, [r3, #0]
        uint16_t *tx_half = &tx_dma_buf[half * HALF_BUF_LEN];
 8000636:	4c18      	ldr	r4, [pc, #96]	@ (8000698 <StartDSPTask+0xa0>)
 8000638:	eb04 14c3 	add.w	r4, r4, r3, lsl #7
        memcpy(tx_half, rx_half, HALF_BUF_LEN * sizeof(uint16_t));
 800063c:	2280      	movs	r2, #128	@ 0x80
 800063e:	4917      	ldr	r1, [pc, #92]	@ (800069c <StartDSPTask+0xa4>)
 8000640:	eb01 11c3 	add.w	r1, r1, r3, lsl #7
 8000644:	4620      	mov	r0, r4
 8000646:	f004 fc3d 	bl	8004ec4 <memcpy>
        osMutexWait(g_params_mutex, osWaitForever);
 800064a:	4d17      	ldr	r5, [pc, #92]	@ (80006a8 <StartDSPTask+0xb0>)
 800064c:	f04f 31ff 	mov.w	r1, #4294967295
 8000650:	6828      	ldr	r0, [r5, #0]
 8000652:	f7ff fe84 	bl	800035e <osMutexWait>
        params = g_audio_params;
 8000656:	4b15      	ldr	r3, [pc, #84]	@ (80006ac <StartDSPTask+0xb4>)
 8000658:	e893 0007 	ldmia.w	r3, {r0, r1, r2}
 800065c:	ab08      	add	r3, sp, #32
 800065e:	e903 0007 	stmdb	r3, {r0, r1, r2}
        osMutexRelease(g_params_mutex);
 8000662:	6828      	ldr	r0, [r5, #0]
 8000664:	f7ff feab 	bl	80003be <osMutexRelease>
            apply_volume(tx_half, params.volume);
 8000668:	ed9d 0a05 	vldr	s0, [sp, #20]
 800066c:	4620      	mov	r0, r4
 800066e:	f7ff fed3 	bl	8000418 <apply_volume>
        if (params.effects_mask & EFFECT_LPF)
 8000672:	f89d 501e 	ldrb.w	r5, [sp, #30]
 8000676:	f015 0f02 	tst.w	r5, #2
 800067a:	d0d1      	beq.n	8000620 <StartDSPTask+0x28>
            apply_lpf(tx_half, params.lpf_alpha);
 800067c:	ed9d 0a06 	vldr	s0, [sp, #24]
 8000680:	4620      	mov	r0, r4
 8000682:	f7ff fee1 	bl	8000448 <apply_lpf>
 8000686:	e7cb      	b.n	8000620 <StartDSPTask+0x28>
            apply_delay(tx_half, params.delay_samples);
 8000688:	f8bd 101c 	ldrh.w	r1, [sp, #28]
 800068c:	4620      	mov	r0, r4
 800068e:	f7ff ff21 	bl	80004d4 <apply_delay>
 8000692:	e7c8      	b.n	8000626 <StartDSPTask+0x2e>
 8000694:	20000038 	.word	0x20000038
 8000698:	2000084c 	.word	0x2000084c
 800069c:	2000094c 	.word	0x2000094c
 80006a0:	20004a40 	.word	0x20004a40
 80006a4:	2000003c 	.word	0x2000003c
 80006a8:	20000a4c 	.word	0x20000a4c
 80006ac:	20000000 	.word	0x20000000

080006b0 <vApplicationGetIdleTaskMemory>:
static StaticTask_t xIdleTaskTCBBuffer;
static StackType_t xIdleStack[configMINIMAL_STACK_SIZE];

void vApplicationGetIdleTaskMemory( StaticTask_t **ppxIdleTaskTCBBuffer, StackType_t **ppxIdleTaskStackBuffer, uint32_t *pulIdleTaskStackSize )
{
  *ppxIdleTaskTCBBuffer = &xIdleTaskTCBBuffer;
 80006b0:	4b03      	ldr	r3, [pc, #12]	@ (80006c0 <vApplicationGetIdleTaskMemory+0x10>)
 80006b2:	6003      	str	r3, [r0, #0]
  *ppxIdleTaskStackBuffer = &xIdleStack[0];
 80006b4:	4b03      	ldr	r3, [pc, #12]	@ (80006c4 <vApplicationGetIdleTaskMemory+0x14>)
 80006b6:	600b      	str	r3, [r1, #0]
  *pulIdleTaskStackSize = configMINIMAL_STACK_SIZE;
 80006b8:	2380      	movs	r3, #128	@ 0x80
 80006ba:	6013      	str	r3, [r2, #0]
  /* place for user code */
}
 80006bc:	4770      	bx	lr
 80006be:	bf00      	nop
 80006c0:	20000c50 	.word	0x20000c50
 80006c4:	20000a50 	.word	0x20000a50

080006c8 <prvHeapInit>:
uint8_t *pucAlignedHeap;
size_t uxAddress;
size_t xTotalHeapSize = configTOTAL_HEAP_SIZE;

	/* Ensure the heap starts on a correctly aligned boundary. */
	uxAddress = ( size_t ) ucHeap;
 80006c8:	4a12      	ldr	r2, [pc, #72]	@ (8000714 <prvHeapInit+0x4c>)

	if( ( uxAddress & portBYTE_ALIGNMENT_MASK ) != 0 )
 80006ca:	f012 0f07 	tst.w	r2, #7
 80006ce:	d01e      	beq.n	800070e <prvHeapInit+0x46>
	{
		uxAddress += ( portBYTE_ALIGNMENT - 1 );
 80006d0:	1dd1      	adds	r1, r2, #7
		uxAddress &= ~( ( size_t ) portBYTE_ALIGNMENT_MASK );
 80006d2:	f021 0107 	bic.w	r1, r1, #7
		xTotalHeapSize -= uxAddress - ( size_t ) ucHeap;
 80006d6:	f5c1 5370 	rsb	r3, r1, #15360	@ 0x3c00
 80006da:	4413      	add	r3, r2
		uxAddress &= ~( ( size_t ) portBYTE_ALIGNMENT_MASK );
 80006dc:	460a      	mov	r2, r1

	pucAlignedHeap = ( uint8_t * ) uxAddress;

	/* xStart is used to hold a pointer to the first item in the list of free
	blocks.  The void cast is used to prevent compiler warnings. */
	xStart.pxNextFreeBlock = ( void * ) pucAlignedHeap;
 80006de:	480e      	ldr	r0, [pc, #56]	@ (8000718 <prvHeapInit+0x50>)
 80006e0:	6002      	str	r2, [r0, #0]
	xStart.xBlockSize = ( size_t ) 0;
 80006e2:	2100      	movs	r1, #0
 80006e4:	6041      	str	r1, [r0, #4]

	/* pxEnd is used to mark the end of the list of free blocks and is inserted
	at the end of the heap space. */
	uxAddress = ( ( size_t ) pucAlignedHeap ) + xTotalHeapSize;
 80006e6:	4413      	add	r3, r2
	uxAddress -= xHeapStructSize;
 80006e8:	3b08      	subs	r3, #8
	uxAddress &= ~( ( size_t ) portBYTE_ALIGNMENT_MASK );
 80006ea:	f023 0307 	bic.w	r3, r3, #7
	pxEnd = ( void * ) uxAddress;
 80006ee:	480b      	ldr	r0, [pc, #44]	@ (800071c <prvHeapInit+0x54>)
 80006f0:	6003      	str	r3, [r0, #0]
	pxEnd->xBlockSize = 0;
 80006f2:	6059      	str	r1, [r3, #4]
	pxEnd->pxNextFreeBlock = NULL;
 80006f4:	6019      	str	r1, [r3, #0]

	/* To start with there is a single free block that is sized to take up the
	entire heap space, minus the space taken by pxEnd. */
	pxFirstFreeBlock = ( void * ) pucAlignedHeap;
	pxFirstFreeBlock->xBlockSize = uxAddress - ( size_t ) pxFirstFreeBlock;
 80006f6:	1a99      	subs	r1, r3, r2
 80006f8:	6051      	str	r1, [r2, #4]
	pxFirstFreeBlock->pxNextFreeBlock = pxEnd;
 80006fa:	6013      	str	r3, [r2, #0]

	/* Only one block exists - and it covers the entire usable heap space. */
	xMinimumEverFreeBytesRemaining = pxFirstFreeBlock->xBlockSize;
 80006fc:	4b08      	ldr	r3, [pc, #32]	@ (8000720 <prvHeapInit+0x58>)
 80006fe:	6019      	str	r1, [r3, #0]
	xFreeBytesRemaining = pxFirstFreeBlock->xBlockSize;
 8000700:	4b08      	ldr	r3, [pc, #32]	@ (8000724 <prvHeapInit+0x5c>)
 8000702:	6019      	str	r1, [r3, #0]

	/* Work out the position of the top bit in a size_t variable. */
	xBlockAllocatedBit = ( ( size_t ) 1 ) << ( ( sizeof( size_t ) * heapBITS_PER_BYTE ) - 1 );
 8000704:	4b08      	ldr	r3, [pc, #32]	@ (8000728 <prvHeapInit+0x60>)
 8000706:	f04f 4200 	mov.w	r2, #2147483648	@ 0x80000000
 800070a:	601a      	str	r2, [r3, #0]
}
 800070c:	4770      	bx	lr
size_t xTotalHeapSize = configTOTAL_HEAP_SIZE;
 800070e:	f44f 5370 	mov.w	r3, #15360	@ 0x3c00
 8000712:	e7e4      	b.n	80006de <prvHeapInit+0x16>
 8000714:	20000cc4 	.word	0x20000cc4
 8000718:	20000cbc 	.word	0x20000cbc
 800071c:	20000cb8 	.word	0x20000cb8
 8000720:	20000cb0 	.word	0x20000cb0
 8000724:	20000cb4 	.word	0x20000cb4
 8000728:	20000ca4 	.word	0x20000ca4

0800072c <prvInsertBlockIntoFreeList>:
BlockLink_t *pxIterator;
uint8_t *puc;

	/* Iterate through the list until a block is found that has a higher address
	than the block being inserted. */
	for( pxIterator = &xStart; pxIterator->pxNextFreeBlock < pxBlockToInsert; pxIterator = pxIterator->pxNextFreeBlock )
 800072c:	4b14      	ldr	r3, [pc, #80]	@ (8000780 <prvInsertBlockIntoFreeList+0x54>)
 800072e:	461a      	mov	r2, r3
 8000730:	681b      	ldr	r3, [r3, #0]
 8000732:	4283      	cmp	r3, r0
 8000734:	d3fb      	bcc.n	800072e <prvInsertBlockIntoFreeList+0x2>
	}

	/* Do the block being inserted, and the block it is being inserted after
	make a contiguous block of memory? */
	puc = ( uint8_t * ) pxIterator;
	if( ( puc + pxIterator->xBlockSize ) == ( uint8_t * ) pxBlockToInsert )
 8000736:	6851      	ldr	r1, [r2, #4]
 8000738:	eb02 0c01 	add.w	ip, r2, r1
 800073c:	4584      	cmp	ip, r0
 800073e:	d009      	beq.n	8000754 <prvInsertBlockIntoFreeList+0x28>
	}

	/* Do the block being inserted, and the block it is being inserted before
	make a contiguous block of memory? */
	puc = ( uint8_t * ) pxBlockToInsert;
	if( ( puc + pxBlockToInsert->xBlockSize ) == ( uint8_t * ) pxIterator->pxNextFreeBlock )
 8000740:	6841      	ldr	r1, [r0, #4]
 8000742:	eb00 0c01 	add.w	ip, r0, r1
 8000746:	4563      	cmp	r3, ip
 8000748:	d009      	beq.n	800075e <prvInsertBlockIntoFreeList+0x32>
			pxBlockToInsert->pxNextFreeBlock = pxEnd;
		}
	}
	else
	{
		pxBlockToInsert->pxNextFreeBlock = pxIterator->pxNextFreeBlock;
 800074a:	6003      	str	r3, [r0, #0]

	/* If the block being inserted plugged a gab, so was merged with the block
	before and the block after, then it's pxNextFreeBlock pointer will have
	already been set, and should not be set here as that would make it point
	to itself. */
	if( pxIterator != pxBlockToInsert )
 800074c:	4290      	cmp	r0, r2
 800074e:	d000      	beq.n	8000752 <prvInsertBlockIntoFreeList+0x26>
	{
		pxIterator->pxNextFreeBlock = pxBlockToInsert;
 8000750:	6010      	str	r0, [r2, #0]
	}
	else
	{
		mtCOVERAGE_TEST_MARKER();
	}
}
 8000752:	4770      	bx	lr
		pxIterator->xBlockSize += pxBlockToInsert->xBlockSize;
 8000754:	6840      	ldr	r0, [r0, #4]
 8000756:	4401      	add	r1, r0
 8000758:	6051      	str	r1, [r2, #4]
		pxBlockToInsert = pxIterator;
 800075a:	4610      	mov	r0, r2
 800075c:	e7f0      	b.n	8000740 <prvInsertBlockIntoFreeList+0x14>
		if( pxIterator->pxNextFreeBlock != pxEnd )
 800075e:	f8df c024 	ldr.w	ip, [pc, #36]	@ 8000784 <prvInsertBlockIntoFreeList+0x58>
 8000762:	f8dc c000 	ldr.w	ip, [ip]
 8000766:	4563      	cmp	r3, ip
 8000768:	d006      	beq.n	8000778 <prvInsertBlockIntoFreeList+0x4c>
			pxBlockToInsert->xBlockSize += pxIterator->pxNextFreeBlock->xBlockSize;
 800076a:	685b      	ldr	r3, [r3, #4]
 800076c:	4419      	add	r1, r3
 800076e:	6041      	str	r1, [r0, #4]
			pxBlockToInsert->pxNextFreeBlock = pxIterator->pxNextFreeBlock->pxNextFreeBlock;
 8000770:	6813      	ldr	r3, [r2, #0]
 8000772:	681b      	ldr	r3, [r3, #0]
 8000774:	6003      	str	r3, [r0, #0]
 8000776:	e7e9      	b.n	800074c <prvInsertBlockIntoFreeList+0x20>
			pxBlockToInsert->pxNextFreeBlock = pxEnd;
 8000778:	f8c0 c000 	str.w	ip, [r0]
 800077c:	e7e6      	b.n	800074c <prvInsertBlockIntoFreeList+0x20>
 800077e:	bf00      	nop
 8000780:	20000cbc 	.word	0x20000cbc
 8000784:	20000cb8 	.word	0x20000cb8

08000788 <pvPortMalloc>:
{
 8000788:	b538      	push	{r3, r4, r5, lr}
 800078a:	4604      	mov	r4, r0
	vTaskSuspendAll();
 800078c:	f003 fe76 	bl	800447c <vTaskSuspendAll>
		if( pxEnd == NULL )
 8000790:	4b38      	ldr	r3, [pc, #224]	@ (8000874 <pvPortMalloc+0xec>)
 8000792:	681b      	ldr	r3, [r3, #0]
 8000794:	b1b3      	cbz	r3, 80007c4 <pvPortMalloc+0x3c>
		if( ( xWantedSize & xBlockAllocatedBit ) == 0 )
 8000796:	4b38      	ldr	r3, [pc, #224]	@ (8000878 <pvPortMalloc+0xf0>)
 8000798:	681b      	ldr	r3, [r3, #0]
 800079a:	421c      	tst	r4, r3
 800079c:	d150      	bne.n	8000840 <pvPortMalloc+0xb8>
			if( xWantedSize > 0 )
 800079e:	2c00      	cmp	r4, #0
 80007a0:	d050      	beq.n	8000844 <pvPortMalloc+0xbc>
				xWantedSize += xHeapStructSize;
 80007a2:	f104 0208 	add.w	r2, r4, #8
				if( ( xWantedSize & portBYTE_ALIGNMENT_MASK ) != 0x00 )
 80007a6:	f014 0f07 	tst.w	r4, #7
 80007aa:	d002      	beq.n	80007b2 <pvPortMalloc+0x2a>
					xWantedSize += ( portBYTE_ALIGNMENT - ( xWantedSize & portBYTE_ALIGNMENT_MASK ) );
 80007ac:	f022 0207 	bic.w	r2, r2, #7
 80007b0:	3208      	adds	r2, #8
			if( ( xWantedSize > 0 ) && ( xWantedSize <= xFreeBytesRemaining ) )
 80007b2:	2a00      	cmp	r2, #0
 80007b4:	d055      	beq.n	8000862 <pvPortMalloc+0xda>
 80007b6:	4b31      	ldr	r3, [pc, #196]	@ (800087c <pvPortMalloc+0xf4>)
 80007b8:	681b      	ldr	r3, [r3, #0]
 80007ba:	4293      	cmp	r3, r2
 80007bc:	d353      	bcc.n	8000866 <pvPortMalloc+0xde>
				pxBlock = xStart.pxNextFreeBlock;
 80007be:	4930      	ldr	r1, [pc, #192]	@ (8000880 <pvPortMalloc+0xf8>)
 80007c0:	680c      	ldr	r4, [r1, #0]
				while( ( pxBlock->xBlockSize < xWantedSize ) && ( pxBlock->pxNextFreeBlock != NULL ) )
 80007c2:	e004      	b.n	80007ce <pvPortMalloc+0x46>
			prvHeapInit();
 80007c4:	f7ff ff80 	bl	80006c8 <prvHeapInit>
 80007c8:	e7e5      	b.n	8000796 <pvPortMalloc+0xe>
					pxPreviousBlock = pxBlock;
 80007ca:	4621      	mov	r1, r4
					pxBlock = pxBlock->pxNextFreeBlock;
 80007cc:	461c      	mov	r4, r3
				while( ( pxBlock->xBlockSize < xWantedSize ) && ( pxBlock->pxNextFreeBlock != NULL ) )
 80007ce:	6863      	ldr	r3, [r4, #4]
 80007d0:	4293      	cmp	r3, r2
 80007d2:	d202      	bcs.n	80007da <pvPortMalloc+0x52>
 80007d4:	6823      	ldr	r3, [r4, #0]
 80007d6:	2b00      	cmp	r3, #0
 80007d8:	d1f7      	bne.n	80007ca <pvPortMalloc+0x42>
				if( pxBlock != pxEnd )
 80007da:	4b26      	ldr	r3, [pc, #152]	@ (8000874 <pvPortMalloc+0xec>)
 80007dc:	681b      	ldr	r3, [r3, #0]
 80007de:	42a3      	cmp	r3, r4
 80007e0:	d043      	beq.n	800086a <pvPortMalloc+0xe2>
					pvReturn = ( void * ) ( ( ( uint8_t * ) pxPreviousBlock->pxNextFreeBlock ) + xHeapStructSize );
 80007e2:	680d      	ldr	r5, [r1, #0]
 80007e4:	3508      	adds	r5, #8
					pxPreviousBlock->pxNextFreeBlock = pxBlock->pxNextFreeBlock;
 80007e6:	6823      	ldr	r3, [r4, #0]
 80007e8:	600b      	str	r3, [r1, #0]
					if( ( pxBlock->xBlockSize - xWantedSize ) > heapMINIMUM_BLOCK_SIZE )
 80007ea:	6863      	ldr	r3, [r4, #4]
 80007ec:	1a9b      	subs	r3, r3, r2
 80007ee:	2b10      	cmp	r3, #16
 80007f0:	d910      	bls.n	8000814 <pvPortMalloc+0x8c>
						pxNewBlockLink = ( void * ) ( ( ( uint8_t * ) pxBlock ) + xWantedSize );
 80007f2:	18a0      	adds	r0, r4, r2
						configASSERT( ( ( ( size_t ) pxNewBlockLink ) & portBYTE_ALIGNMENT_MASK ) == 0 );
 80007f4:	f010 0f07 	tst.w	r0, #7
 80007f8:	d008      	beq.n	800080c <pvPortMalloc+0x84>

portFORCE_INLINE static void vPortRaiseBASEPRI( void )
{
uint32_t ulNewBASEPRI;

	__asm volatile
 80007fa:	f04f 0350 	mov.w	r3, #80	@ 0x50
 80007fe:	f383 8811 	msr	BASEPRI, r3
 8000802:	f3bf 8f6f 	isb	sy
 8000806:	f3bf 8f4f 	dsb	sy
 800080a:	e7fe      	b.n	800080a <pvPortMalloc+0x82>
						pxNewBlockLink->xBlockSize = pxBlock->xBlockSize - xWantedSize;
 800080c:	6043      	str	r3, [r0, #4]
						pxBlock->xBlockSize = xWantedSize;
 800080e:	6062      	str	r2, [r4, #4]
						prvInsertBlockIntoFreeList( pxNewBlockLink );
 8000810:	f7ff ff8c 	bl	800072c <prvInsertBlockIntoFreeList>
					xFreeBytesRemaining -= pxBlock->xBlockSize;
 8000814:	6862      	ldr	r2, [r4, #4]
 8000816:	4919      	ldr	r1, [pc, #100]	@ (800087c <pvPortMalloc+0xf4>)
 8000818:	680b      	ldr	r3, [r1, #0]
 800081a:	1a9b      	subs	r3, r3, r2
 800081c:	600b      	str	r3, [r1, #0]
					if( xFreeBytesRemaining < xMinimumEverFreeBytesRemaining )
 800081e:	4919      	ldr	r1, [pc, #100]	@ (8000884 <pvPortMalloc+0xfc>)
 8000820:	6809      	ldr	r1, [r1, #0]
 8000822:	428b      	cmp	r3, r1
 8000824:	d201      	bcs.n	800082a <pvPortMalloc+0xa2>
						xMinimumEverFreeBytesRemaining = xFreeBytesRemaining;
 8000826:	4917      	ldr	r1, [pc, #92]	@ (8000884 <pvPortMalloc+0xfc>)
 8000828:	600b      	str	r3, [r1, #0]
					pxBlock->xBlockSize |= xBlockAllocatedBit;
 800082a:	4b13      	ldr	r3, [pc, #76]	@ (8000878 <pvPortMalloc+0xf0>)
 800082c:	681b      	ldr	r3, [r3, #0]
 800082e:	4313      	orrs	r3, r2
 8000830:	6063      	str	r3, [r4, #4]
					pxBlock->pxNextFreeBlock = NULL;
 8000832:	2300      	movs	r3, #0
 8000834:	6023      	str	r3, [r4, #0]
					xNumberOfSuccessfulAllocations++;
 8000836:	4a14      	ldr	r2, [pc, #80]	@ (8000888 <pvPortMalloc+0x100>)
 8000838:	6813      	ldr	r3, [r2, #0]
 800083a:	3301      	adds	r3, #1
 800083c:	6013      	str	r3, [r2, #0]
 800083e:	e002      	b.n	8000846 <pvPortMalloc+0xbe>
void *pvReturn = NULL;
 8000840:	2500      	movs	r5, #0
 8000842:	e000      	b.n	8000846 <pvPortMalloc+0xbe>
 8000844:	4625      	mov	r5, r4
	( void ) xTaskResumeAll();
 8000846:	f003 feb3 	bl	80045b0 <xTaskResumeAll>
	configASSERT( ( ( ( size_t ) pvReturn ) & ( size_t ) portBYTE_ALIGNMENT_MASK ) == 0 );
 800084a:	f015 0f07 	tst.w	r5, #7
 800084e:	d00e      	beq.n	800086e <pvPortMalloc+0xe6>
 8000850:	f04f 0350 	mov.w	r3, #80	@ 0x50
 8000854:	f383 8811 	msr	BASEPRI, r3
 8000858:	f3bf 8f6f 	isb	sy
 800085c:	f3bf 8f4f 	dsb	sy
 8000860:	e7fe      	b.n	8000860 <pvPortMalloc+0xd8>
void *pvReturn = NULL;
 8000862:	4615      	mov	r5, r2
 8000864:	e7ef      	b.n	8000846 <pvPortMalloc+0xbe>
 8000866:	2500      	movs	r5, #0
 8000868:	e7ed      	b.n	8000846 <pvPortMalloc+0xbe>
 800086a:	2500      	movs	r5, #0
 800086c:	e7eb      	b.n	8000846 <pvPortMalloc+0xbe>
}
 800086e:	4628      	mov	r0, r5
 8000870:	bd38      	pop	{r3, r4, r5, pc}
 8000872:	bf00      	nop
 8000874:	20000cb8 	.word	0x20000cb8
 8000878:	20000ca4 	.word	0x20000ca4
 800087c:	20000cb4 	.word	0x20000cb4
 8000880:	20000cbc 	.word	0x20000cbc
 8000884:	20000cb0 	.word	0x20000cb0
 8000888:	20000cac 	.word	0x20000cac

0800088c <vPortFree>:
	if( pv != NULL )
 800088c:	2800      	cmp	r0, #0
 800088e:	d035      	beq.n	80008fc <vPortFree+0x70>
{
 8000890:	b538      	push	{r3, r4, r5, lr}
 8000892:	4604      	mov	r4, r0
		puc -= xHeapStructSize;
 8000894:	f1a0 0308 	sub.w	r3, r0, #8
 8000898:	461d      	mov	r5, r3
		configASSERT( ( pxLink->xBlockSize & xBlockAllocatedBit ) != 0 );
 800089a:	f850 3c04 	ldr.w	r3, [r0, #-4]
 800089e:	4a18      	ldr	r2, [pc, #96]	@ (8000900 <vPortFree+0x74>)
 80008a0:	6812      	ldr	r2, [r2, #0]
 80008a2:	4213      	tst	r3, r2
 80008a4:	d108      	bne.n	80008b8 <vPortFree+0x2c>
 80008a6:	f04f 0350 	mov.w	r3, #80	@ 0x50
 80008aa:	f383 8811 	msr	BASEPRI, r3
 80008ae:	f3bf 8f6f 	isb	sy
 80008b2:	f3bf 8f4f 	dsb	sy
 80008b6:	e7fe      	b.n	80008b6 <vPortFree+0x2a>
		configASSERT( pxLink->pxNextFreeBlock == NULL );
 80008b8:	f850 1c08 	ldr.w	r1, [r0, #-8]
 80008bc:	b141      	cbz	r1, 80008d0 <vPortFree+0x44>
 80008be:	f04f 0350 	mov.w	r3, #80	@ 0x50
 80008c2:	f383 8811 	msr	BASEPRI, r3
 80008c6:	f3bf 8f6f 	isb	sy
 80008ca:	f3bf 8f4f 	dsb	sy
 80008ce:	e7fe      	b.n	80008ce <vPortFree+0x42>
				pxLink->xBlockSize &= ~xBlockAllocatedBit;
 80008d0:	ea23 0302 	bic.w	r3, r3, r2
 80008d4:	f840 3c04 	str.w	r3, [r0, #-4]
				vTaskSuspendAll();
 80008d8:	f003 fdd0 	bl	800447c <vTaskSuspendAll>
					xFreeBytesRemaining += pxLink->xBlockSize;
 80008dc:	f854 1c04 	ldr.w	r1, [r4, #-4]
 80008e0:	4a08      	ldr	r2, [pc, #32]	@ (8000904 <vPortFree+0x78>)
 80008e2:	6813      	ldr	r3, [r2, #0]
 80008e4:	440b      	add	r3, r1
 80008e6:	6013      	str	r3, [r2, #0]
					prvInsertBlockIntoFreeList( ( ( BlockLink_t * ) pxLink ) );
 80008e8:	4628      	mov	r0, r5
 80008ea:	f7ff ff1f 	bl	800072c <prvInsertBlockIntoFreeList>
					xNumberOfSuccessfulFrees++;
 80008ee:	4a06      	ldr	r2, [pc, #24]	@ (8000908 <vPortFree+0x7c>)
 80008f0:	6813      	ldr	r3, [r2, #0]
 80008f2:	3301      	adds	r3, #1
 80008f4:	6013      	str	r3, [r2, #0]
				( void ) xTaskResumeAll();
 80008f6:	f003 fe5b 	bl	80045b0 <xTaskResumeAll>
}
 80008fa:	bd38      	pop	{r3, r4, r5, pc}
 80008fc:	4770      	bx	lr
 80008fe:	bf00      	nop
 8000900:	20000ca4 	.word	0x20000ca4
 8000904:	20000cb4 	.word	0x20000cb4
 8000908:	20000ca8 	.word	0x20000ca8

0800090c <vListInitialise>:
void vListInitialise( List_t * const pxList )
{
	/* The list structure contains a list item which is used to mark the
	end of the list.  To initialise the list the list end is inserted
	as the only list entry. */
	pxList->pxIndex = ( ListItem_t * ) &( pxList->xListEnd );			/*lint !e826 !e740 !e9087 The mini list structure is used as the list end to save RAM.  This is checked and valid. */
 800090c:	f100 0308 	add.w	r3, r0, #8
 8000910:	6043      	str	r3, [r0, #4]

	/* The list end value is the highest possible value in the list to
	ensure it remains at the end of the list. */
	pxList->xListEnd.xItemValue = portMAX_DELAY;
 8000912:	f04f 32ff 	mov.w	r2, #4294967295
 8000916:	6082      	str	r2, [r0, #8]

	/* The list end next and previous pointers point to itself so we know
	when the list is empty. */
	pxList->xListEnd.pxNext = ( ListItem_t * ) &( pxList->xListEnd );	/*lint !e826 !e740 !e9087 The mini list structure is used as the list end to save RAM.  This is checked and valid. */
 8000918:	60c3      	str	r3, [r0, #12]
	pxList->xListEnd.pxPrevious = ( ListItem_t * ) &( pxList->xListEnd );/*lint !e826 !e740 !e9087 The mini list structure is used as the list end to save RAM.  This is checked and valid. */
 800091a:	6103      	str	r3, [r0, #16]

	pxList->uxNumberOfItems = ( UBaseType_t ) 0U;
 800091c:	2300      	movs	r3, #0
 800091e:	6003      	str	r3, [r0, #0]

	/* Write known values into the list if
	configUSE_LIST_DATA_INTEGRITY_CHECK_BYTES is set to 1. */
	listSET_LIST_INTEGRITY_CHECK_1_VALUE( pxList );
	listSET_LIST_INTEGRITY_CHECK_2_VALUE( pxList );
}
 8000920:	4770      	bx	lr

08000922 <vListInitialiseItem>:
/*-----------------------------------------------------------*/

void vListInitialiseItem( ListItem_t * const pxItem )
{
	/* Make sure the list item is not recorded as being on a list. */
	pxItem->pxContainer = NULL;
 8000922:	2300      	movs	r3, #0
 8000924:	6103      	str	r3, [r0, #16]

	/* Write known values into the list item if
	configUSE_LIST_DATA_INTEGRITY_CHECK_BYTES is set to 1. */
	listSET_FIRST_LIST_ITEM_INTEGRITY_CHECK_VALUE( pxItem );
	listSET_SECOND_LIST_ITEM_INTEGRITY_CHECK_VALUE( pxItem );
}
 8000926:	4770      	bx	lr

08000928 <vListInsertEnd>:
/*-----------------------------------------------------------*/

void vListInsertEnd( List_t * const pxList, ListItem_t * const pxNewListItem )
{
ListItem_t * const pxIndex = pxList->pxIndex;
 8000928:	6843      	ldr	r3, [r0, #4]
	listTEST_LIST_ITEM_INTEGRITY( pxNewListItem );

	/* Insert a new list item into pxList, but rather than sort the list,
	makes the new list item the last item to be removed by a call to
	listGET_OWNER_OF_NEXT_ENTRY(). */
	pxNewListItem->pxNext = pxIndex;
 800092a:	604b      	str	r3, [r1, #4]
	pxNewListItem->pxPrevious = pxIndex->pxPrevious;
 800092c:	689a      	ldr	r2, [r3, #8]
 800092e:	608a      	str	r2, [r1, #8]

	/* Only used during decision coverage testing. */
	mtCOVERAGE_TEST_DELAY();

	pxIndex->pxPrevious->pxNext = pxNewListItem;
 8000930:	6051      	str	r1, [r2, #4]
	pxIndex->pxPrevious = pxNewListItem;
 8000932:	6099      	str	r1, [r3, #8]

	/* Remember which list the item is in. */
	pxNewListItem->pxContainer = pxList;
 8000934:	6108      	str	r0, [r1, #16]

	( pxList->uxNumberOfItems )++;
 8000936:	6803      	ldr	r3, [r0, #0]
 8000938:	3301      	adds	r3, #1
 800093a:	6003      	str	r3, [r0, #0]
}
 800093c:	4770      	bx	lr

0800093e <vListInsert>:
/*-----------------------------------------------------------*/

void vListInsert( List_t * const pxList, ListItem_t * const pxNewListItem )
{
 800093e:	b410      	push	{r4}
 8000940:	4602      	mov	r2, r0
 8000942:	4608      	mov	r0, r1
ListItem_t *pxIterator;
const TickType_t xValueOfInsertion = pxNewListItem->xItemValue;
 8000944:	f8d1 c000 	ldr.w	ip, [r1]
	new list item should be placed after it.  This ensures that TCBs which are
	stored in ready lists (all of which have the same xItemValue value) get a
	share of the CPU.  However, if the xItemValue is the same as the back marker
	the iteration loop below will not end.  Therefore the value is checked
	first, and the algorithm slightly modified if necessary. */
	if( xValueOfInsertion == portMAX_DELAY )
 8000948:	f1bc 3fff 	cmp.w	ip, #4294967295
 800094c:	d011      	beq.n	8000972 <vListInsert+0x34>
			4) Using a queue or semaphore before it has been initialised or
			   before the scheduler has been started (are interrupts firing
			   before vTaskStartScheduler() has been called?).
		**********************************************************************/

		for( pxIterator = ( ListItem_t * ) &( pxList->xListEnd ); pxIterator->pxNext->xItemValue <= xValueOfInsertion; pxIterator = pxIterator->pxNext ) /*lint !e826 !e740 !e9087 The mini list structure is used as the list end to save RAM.  This is checked and valid. *//*lint !e440 The iterator moves to a different value, not xValueOfInsertion. */
 800094e:	f102 0308 	add.w	r3, r2, #8
 8000952:	4619      	mov	r1, r3
 8000954:	685b      	ldr	r3, [r3, #4]
 8000956:	681c      	ldr	r4, [r3, #0]
 8000958:	4564      	cmp	r4, ip
 800095a:	d9fa      	bls.n	8000952 <vListInsert+0x14>
			/* There is nothing to do here, just iterating to the wanted
			insertion position. */
		}
	}

	pxNewListItem->pxNext = pxIterator->pxNext;
 800095c:	684b      	ldr	r3, [r1, #4]
 800095e:	6043      	str	r3, [r0, #4]
	pxNewListItem->pxNext->pxPrevious = pxNewListItem;
 8000960:	6098      	str	r0, [r3, #8]
	pxNewListItem->pxPrevious = pxIterator;
 8000962:	6081      	str	r1, [r0, #8]
	pxIterator->pxNext = pxNewListItem;
 8000964:	6048      	str	r0, [r1, #4]

	/* Remember which list the item is in.  This allows fast removal of the
	item later. */
	pxNewListItem->pxContainer = pxList;
 8000966:	6102      	str	r2, [r0, #16]

	( pxList->uxNumberOfItems )++;
 8000968:	6813      	ldr	r3, [r2, #0]
 800096a:	3301      	adds	r3, #1
 800096c:	6013      	str	r3, [r2, #0]
}
 800096e:	bc10      	pop	{r4}
 8000970:	4770      	bx	lr
		pxIterator = pxList->xListEnd.pxPrevious;
 8000972:	6911      	ldr	r1, [r2, #16]
 8000974:	e7f2      	b.n	800095c <vListInsert+0x1e>

08000976 <uxListRemove>:

UBaseType_t uxListRemove( ListItem_t * const pxItemToRemove )
{
/* The list item knows which list it is in.  Obtain the list from the list
item. */
List_t * const pxList = pxItemToRemove->pxContainer;
 8000976:	6903      	ldr	r3, [r0, #16]

	pxItemToRemove->pxNext->pxPrevious = pxItemToRemove->pxPrevious;
 8000978:	6841      	ldr	r1, [r0, #4]
 800097a:	6882      	ldr	r2, [r0, #8]
 800097c:	608a      	str	r2, [r1, #8]
	pxItemToRemove->pxPrevious->pxNext = pxItemToRemove->pxNext;
 800097e:	6841      	ldr	r1, [r0, #4]
 8000980:	6051      	str	r1, [r2, #4]

	/* Only used during decision coverage testing. */
	mtCOVERAGE_TEST_DELAY();

	/* Make sure the index is left pointing to a valid item. */
	if( pxList->pxIndex == pxItemToRemove )
 8000982:	685a      	ldr	r2, [r3, #4]
 8000984:	4282      	cmp	r2, r0
 8000986:	d006      	beq.n	8000996 <uxListRemove+0x20>
	else
	{
		mtCOVERAGE_TEST_MARKER();
	}

	pxItemToRemove->pxContainer = NULL;
 8000988:	2200      	movs	r2, #0
 800098a:	6102      	str	r2, [r0, #16]
	( pxList->uxNumberOfItems )--;
 800098c:	681a      	ldr	r2, [r3, #0]
 800098e:	3a01      	subs	r2, #1
 8000990:	601a      	str	r2, [r3, #0]

	return pxList->uxNumberOfItems;
 8000992:	6818      	ldr	r0, [r3, #0]
}
 8000994:	4770      	bx	lr
		pxList->pxIndex = pxItemToRemove->pxPrevious;
 8000996:	6882      	ldr	r2, [r0, #8]
 8000998:	605a      	str	r2, [r3, #4]
 800099a:	e7f5      	b.n	8000988 <uxListRemove+0x12>

0800099c <MX_GPIO_Init>:
  * @brief GPIO Initialization Function
  * @param None
  * @retval None
  */
static void MX_GPIO_Init(void)
{
 800099c:	e92d 4ff0 	stmdb	sp!, {r4, r5, r6, r7, r8, r9, sl, fp, lr}
 80009a0:	b08d      	sub	sp, #52	@ 0x34
  GPIO_InitTypeDef GPIO_InitStruct = {0};
 80009a2:	ad07      	add	r5, sp, #28
 80009a4:	2400      	movs	r4, #0
 80009a6:	9407      	str	r4, [sp, #28]
 80009a8:	9408      	str	r4, [sp, #32]
 80009aa:	9409      	str	r4, [sp, #36]	@ 0x24
 80009ac:	940a      	str	r4, [sp, #40]	@ 0x28
 80009ae:	940b      	str	r4, [sp, #44]	@ 0x2c
  /* USER CODE BEGIN MX_GPIO_Init_1 */

  /* USER CODE END MX_GPIO_Init_1 */

  /* GPIO Ports Clock Enable */
  __HAL_RCC_GPIOE_CLK_ENABLE();
 80009b0:	9401      	str	r4, [sp, #4]
 80009b2:	4b61      	ldr	r3, [pc, #388]	@ (8000b38 <MX_GPIO_Init+0x19c>)
 80009b4:	6b1a      	ldr	r2, [r3, #48]	@ 0x30
 80009b6:	f042 0210 	orr.w	r2, r2, #16
 80009ba:	631a      	str	r2, [r3, #48]	@ 0x30
 80009bc:	6b1a      	ldr	r2, [r3, #48]	@ 0x30
 80009be:	f002 0210 	and.w	r2, r2, #16
 80009c2:	9201      	str	r2, [sp, #4]
 80009c4:	9a01      	ldr	r2, [sp, #4]
  __HAL_RCC_GPIOC_CLK_ENABLE();
 80009c6:	9402      	str	r4, [sp, #8]
 80009c8:	6b1a      	ldr	r2, [r3, #48]	@ 0x30
 80009ca:	f042 0204 	orr.w	r2, r2, #4
 80009ce:	631a      	str	r2, [r3, #48]	@ 0x30
 80009d0:	6b1a      	ldr	r2, [r3, #48]	@ 0x30
 80009d2:	f002 0204 	and.w	r2, r2, #4
 80009d6:	9202      	str	r2, [sp, #8]
 80009d8:	9a02      	ldr	r2, [sp, #8]
  __HAL_RCC_GPIOH_CLK_ENABLE();
 80009da:	9403      	str	r4, [sp, #12]
 80009dc:	6b1a      	ldr	r2, [r3, #48]	@ 0x30
 80009de:	f042 0280 	orr.w	r2, r2, #128	@ 0x80
 80009e2:	631a      	str	r2, [r3, #48]	@ 0x30
 80009e4:	6b1a      	ldr	r2, [r3, #48]	@ 0x30
 80009e6:	f002 0280 	and.w	r2, r2, #128	@ 0x80
 80009ea:	9203      	str	r2, [sp, #12]
 80009ec:	9a03      	ldr	r2, [sp, #12]
  __HAL_RCC_GPIOA_CLK_ENABLE();
 80009ee:	9404      	str	r4, [sp, #16]
 80009f0:	6b1a      	ldr	r2, [r3, #48]	@ 0x30
 80009f2:	f042 0201 	orr.w	r2, r2, #1
 80009f6:	631a      	str	r2, [r3, #48]	@ 0x30
 80009f8:	6b1a      	ldr	r2, [r3, #48]	@ 0x30
 80009fa:	f002 0201 	and.w	r2, r2, #1
 80009fe:	9204      	str	r2, [sp, #16]
 8000a00:	9a04      	ldr	r2, [sp, #16]
  __HAL_RCC_GPIOB_CLK_ENABLE();
 8000a02:	9405      	str	r4, [sp, #20]
 8000a04:	6b1a      	ldr	r2, [r3, #48]	@ 0x30
 8000a06:	f042 0202 	orr.w	r2, r2, #2
 8000a0a:	631a      	str	r2, [r3, #48]	@ 0x30
 8000a0c:	6b1a      	ldr	r2, [r3, #48]	@ 0x30
 8000a0e:	f002 0202 	and.w	r2, r2, #2
 8000a12:	9205      	str	r2, [sp, #20]
 8000a14:	9a05      	ldr	r2, [sp, #20]
  __HAL_RCC_GPIOD_CLK_ENABLE();
 8000a16:	9406      	str	r4, [sp, #24]
 8000a18:	6b1a      	ldr	r2, [r3, #48]	@ 0x30
 8000a1a:	f042 0208 	orr.w	r2, r2, #8
 8000a1e:	631a      	str	r2, [r3, #48]	@ 0x30
 8000a20:	6b1b      	ldr	r3, [r3, #48]	@ 0x30
 8000a22:	f003 0308 	and.w	r3, r3, #8
 8000a26:	9306      	str	r3, [sp, #24]
 8000a28:	9b06      	ldr	r3, [sp, #24]

  /*Configure GPIO pin Output Level */
  HAL_GPIO_WritePin(CS_I2C_SPI_GPIO_Port, CS_I2C_SPI_Pin, GPIO_PIN_RESET);
 8000a2a:	f8df 8114 	ldr.w	r8, [pc, #276]	@ 8000b40 <MX_GPIO_Init+0x1a4>
 8000a2e:	4622      	mov	r2, r4
 8000a30:	2108      	movs	r1, #8
 8000a32:	4640      	mov	r0, r8
 8000a34:	f001 fab2 	bl	8001f9c <HAL_GPIO_WritePin>

  /*Configure GPIO pin Output Level */
  HAL_GPIO_WritePin(OTG_FS_PowerSwitchOn_GPIO_Port, OTG_FS_PowerSwitchOn_Pin, GPIO_PIN_SET);
 8000a38:	f8df a108 	ldr.w	sl, [pc, #264]	@ 8000b44 <MX_GPIO_Init+0x1a8>
 8000a3c:	2201      	movs	r2, #1
 8000a3e:	4611      	mov	r1, r2
 8000a40:	4650      	mov	r0, sl
 8000a42:	f001 faab 	bl	8001f9c <HAL_GPIO_WritePin>

  /*Configure GPIO pin Output Level */
  HAL_GPIO_WritePin(GPIOD, LD4_Pin|LD3_Pin|LD5_Pin|LD6_Pin
 8000a46:	f8df 9100 	ldr.w	r9, [pc, #256]	@ 8000b48 <MX_GPIO_Init+0x1ac>
 8000a4a:	4622      	mov	r2, r4
 8000a4c:	f24f 0110 	movw	r1, #61456	@ 0xf010
 8000a50:	4648      	mov	r0, r9
 8000a52:	f001 faa3 	bl	8001f9c <HAL_GPIO_WritePin>
                          |Audio_RST_Pin, GPIO_PIN_RESET);

  /*Configure GPIO pin : CS_I2C_SPI_Pin */
  GPIO_InitStruct.Pin = CS_I2C_SPI_Pin;
 8000a56:	2708      	movs	r7, #8
 8000a58:	9707      	str	r7, [sp, #28]
  GPIO_InitStruct.Mode = GPIO_MODE_OUTPUT_PP;
 8000a5a:	2601      	movs	r6, #1
 8000a5c:	9608      	str	r6, [sp, #32]
  GPIO_InitStruct.Pull = GPIO_NOPULL;
 8000a5e:	9409      	str	r4, [sp, #36]	@ 0x24
  GPIO_InitStruct.Speed = GPIO_SPEED_FREQ_LOW;
 8000a60:	940a      	str	r4, [sp, #40]	@ 0x28
  HAL_GPIO_Init(CS_I2C_SPI_GPIO_Port, &GPIO_InitStruct);
 8000a62:	4629      	mov	r1, r5
 8000a64:	4640      	mov	r0, r8
 8000a66:	f001 f995 	bl	8001d94 <HAL_GPIO_Init>

  /*Configure GPIO pin : OTG_FS_PowerSwitchOn_Pin */
  GPIO_InitStruct.Pin = OTG_FS_PowerSwitchOn_Pin;
 8000a6a:	9607      	str	r6, [sp, #28]
  GPIO_InitStruct.Mode = GPIO_MODE_OUTPUT_PP;
 8000a6c:	9608      	str	r6, [sp, #32]
  GPIO_InitStruct.Pull = GPIO_NOPULL;
 8000a6e:	9409      	str	r4, [sp, #36]	@ 0x24
  GPIO_InitStruct.Speed = GPIO_SPEED_FREQ_LOW;
 8000a70:	940a      	str	r4, [sp, #40]	@ 0x28
  HAL_GPIO_Init(OTG_FS_PowerSwitchOn_GPIO_Port, &GPIO_InitStruct);
 8000a72:	4629      	mov	r1, r5
 8000a74:	4650      	mov	r0, sl
 8000a76:	f001 f98d 	bl	8001d94 <HAL_GPIO_Init>

  /*Configure GPIO pin : PDM_OUT_Pin */
  GPIO_InitStruct.Pin = PDM_OUT_Pin;
 8000a7a:	9707      	str	r7, [sp, #28]
  GPIO_InitStruct.Mode = GPIO_MODE_AF_PP;
 8000a7c:	2702      	movs	r7, #2
 8000a7e:	9708      	str	r7, [sp, #32]
  GPIO_InitStruct.Pull = GPIO_NOPULL;
 8000a80:	9409      	str	r4, [sp, #36]	@ 0x24
  GPIO_InitStruct.Speed = GPIO_SPEED_FREQ_LOW;
 8000a82:	940a      	str	r4, [sp, #40]	@ 0x28
  GPIO_InitStruct.Alternate = GPIO_AF5_SPI2;
 8000a84:	f04f 0b05 	mov.w	fp, #5
 8000a88:	f8cd b02c 	str.w	fp, [sp, #44]	@ 0x2c
  HAL_GPIO_Init(PDM_OUT_GPIO_Port, &GPIO_InitStruct);
 8000a8c:	4629      	mov	r1, r5
 8000a8e:	4650      	mov	r0, sl
 8000a90:	f001 f980 	bl	8001d94 <HAL_GPIO_Init>

  /*Configure GPIO pin : B1_Pin */
  GPIO_InitStruct.Pin = B1_Pin;
 8000a94:	9607      	str	r6, [sp, #28]
  GPIO_InitStruct.Mode = GPIO_MODE_EVT_RISING;
 8000a96:	f44f 1390 	mov.w	r3, #1179648	@ 0x120000
 8000a9a:	9308      	str	r3, [sp, #32]
  GPIO_InitStruct.Pull = GPIO_NOPULL;
 8000a9c:	9409      	str	r4, [sp, #36]	@ 0x24
  HAL_GPIO_Init(B1_GPIO_Port, &GPIO_InitStruct);
 8000a9e:	f5aa 6a00 	sub.w	sl, sl, #2048	@ 0x800
 8000aa2:	4629      	mov	r1, r5
 8000aa4:	4650      	mov	r0, sl
 8000aa6:	f001 f975 	bl	8001d94 <HAL_GPIO_Init>

  /*Configure GPIO pin : BOOT1_Pin */
  GPIO_InitStruct.Pin = BOOT1_Pin;
 8000aaa:	2304      	movs	r3, #4
 8000aac:	9307      	str	r3, [sp, #28]
  GPIO_InitStruct.Mode = GPIO_MODE_INPUT;
 8000aae:	9408      	str	r4, [sp, #32]
  GPIO_InitStruct.Pull = GPIO_NOPULL;
 8000ab0:	9409      	str	r4, [sp, #36]	@ 0x24
  HAL_GPIO_Init(BOOT1_GPIO_Port, &GPIO_InitStruct);
 8000ab2:	4629      	mov	r1, r5
 8000ab4:	4821      	ldr	r0, [pc, #132]	@ (8000b3c <MX_GPIO_Init+0x1a0>)
 8000ab6:	f001 f96d 	bl	8001d94 <HAL_GPIO_Init>

  /*Configure GPIO pin : CLK_IN_Pin */
  GPIO_InitStruct.Pin = CLK_IN_Pin;
 8000aba:	f44f 6380 	mov.w	r3, #1024	@ 0x400
 8000abe:	9307      	str	r3, [sp, #28]
  GPIO_InitStruct.Mode = GPIO_MODE_AF_PP;
 8000ac0:	9708      	str	r7, [sp, #32]
  GPIO_InitStruct.Pull = GPIO_NOPULL;
 8000ac2:	9409      	str	r4, [sp, #36]	@ 0x24
  GPIO_InitStruct.Speed = GPIO_SPEED_FREQ_LOW;
 8000ac4:	940a      	str	r4, [sp, #40]	@ 0x28
  GPIO_InitStruct.Alternate = GPIO_AF5_SPI2;
 8000ac6:	f8cd b02c 	str.w	fp, [sp, #44]	@ 0x2c
  HAL_GPIO_Init(CLK_IN_GPIO_Port, &GPIO_InitStruct);
 8000aca:	4629      	mov	r1, r5
 8000acc:	481b      	ldr	r0, [pc, #108]	@ (8000b3c <MX_GPIO_Init+0x1a0>)
 8000ace:	f001 f961 	bl	8001d94 <HAL_GPIO_Init>

  /*Configure GPIO pins : LD4_Pin LD3_Pin LD5_Pin LD6_Pin
                           Audio_RST_Pin */
  GPIO_InitStruct.Pin = LD4_Pin|LD3_Pin|LD5_Pin|LD6_Pin
 8000ad2:	f24f 0310 	movw	r3, #61456	@ 0xf010
 8000ad6:	9307      	str	r3, [sp, #28]
                          |Audio_RST_Pin;
  GPIO_InitStruct.Mode = GPIO_MODE_OUTPUT_PP;
 8000ad8:	9608      	str	r6, [sp, #32]
  GPIO_InitStruct.Pull = GPIO_NOPULL;
 8000ada:	9409      	str	r4, [sp, #36]	@ 0x24
  GPIO_InitStruct.Speed = GPIO_SPEED_FREQ_LOW;
 8000adc:	940a      	str	r4, [sp, #40]	@ 0x28
  HAL_GPIO_Init(GPIOD, &GPIO_InitStruct);
 8000ade:	4629      	mov	r1, r5
 8000ae0:	4648      	mov	r0, r9
 8000ae2:	f001 f957 	bl	8001d94 <HAL_GPIO_Init>

  /*Configure GPIO pin : VBUS_FS_Pin */
  GPIO_InitStruct.Pin = VBUS_FS_Pin;
 8000ae6:	f44f 7300 	mov.w	r3, #512	@ 0x200
 8000aea:	9307      	str	r3, [sp, #28]
  GPIO_InitStruct.Mode = GPIO_MODE_INPUT;
 8000aec:	9408      	str	r4, [sp, #32]
  GPIO_InitStruct.Pull = GPIO_NOPULL;
 8000aee:	9409      	str	r4, [sp, #36]	@ 0x24
  HAL_GPIO_Init(VBUS_FS_GPIO_Port, &GPIO_InitStruct);
 8000af0:	4629      	mov	r1, r5
 8000af2:	4650      	mov	r0, sl
 8000af4:	f001 f94e 	bl	8001d94 <HAL_GPIO_Init>

  /*Configure GPIO pins : OTG_FS_ID_Pin OTG_FS_DM_Pin OTG_FS_DP_Pin */
  GPIO_InitStruct.Pin = OTG_FS_ID_Pin|OTG_FS_DM_Pin|OTG_FS_DP_Pin;
 8000af8:	f44f 53e0 	mov.w	r3, #7168	@ 0x1c00
 8000afc:	9307      	str	r3, [sp, #28]
  GPIO_InitStruct.Mode = GPIO_MODE_AF_PP;
 8000afe:	9708      	str	r7, [sp, #32]
  GPIO_InitStruct.Pull = GPIO_NOPULL;
 8000b00:	9409      	str	r4, [sp, #36]	@ 0x24
  GPIO_InitStruct.Speed = GPIO_SPEED_FREQ_LOW;
 8000b02:	940a      	str	r4, [sp, #40]	@ 0x28
  GPIO_InitStruct.Alternate = GPIO_AF10_OTG_FS;
 8000b04:	230a      	movs	r3, #10
 8000b06:	930b      	str	r3, [sp, #44]	@ 0x2c
  HAL_GPIO_Init(GPIOA, &GPIO_InitStruct);
 8000b08:	4629      	mov	r1, r5
 8000b0a:	4650      	mov	r0, sl
 8000b0c:	f001 f942 	bl	8001d94 <HAL_GPIO_Init>

  /*Configure GPIO pin : OTG_FS_OverCurrent_Pin */
  GPIO_InitStruct.Pin = OTG_FS_OverCurrent_Pin;
 8000b10:	2320      	movs	r3, #32
 8000b12:	9307      	str	r3, [sp, #28]
  GPIO_InitStruct.Mode = GPIO_MODE_INPUT;
 8000b14:	9408      	str	r4, [sp, #32]
  GPIO_InitStruct.Pull = GPIO_NOPULL;
 8000b16:	9409      	str	r4, [sp, #36]	@ 0x24
  HAL_GPIO_Init(OTG_FS_OverCurrent_GPIO_Port, &GPIO_InitStruct);
 8000b18:	4629      	mov	r1, r5
 8000b1a:	4648      	mov	r0, r9
 8000b1c:	f001 f93a 	bl	8001d94 <HAL_GPIO_Init>

  /*Configure GPIO pin : MEMS_INT2_Pin */
  GPIO_InitStruct.Pin = MEMS_INT2_Pin;
 8000b20:	9707      	str	r7, [sp, #28]
  GPIO_InitStruct.Mode = GPIO_MODE_EVT_RISING;
 8000b22:	f44f 1390 	mov.w	r3, #1179648	@ 0x120000
 8000b26:	9308      	str	r3, [sp, #32]
  GPIO_InitStruct.Pull = GPIO_NOPULL;
 8000b28:	9409      	str	r4, [sp, #36]	@ 0x24
  HAL_GPIO_Init(MEMS_INT2_GPIO_Port, &GPIO_InitStruct);
 8000b2a:	4629      	mov	r1, r5
 8000b2c:	4640      	mov	r0, r8
 8000b2e:	f001 f931 	bl	8001d94 <HAL_GPIO_Init>

  /* USER CODE BEGIN MX_GPIO_Init_2 */

  /* USER CODE END MX_GPIO_Init_2 */
}
 8000b32:	b00d      	add	sp, #52	@ 0x34
 8000b34:	e8bd 8ff0 	ldmia.w	sp!, {r4, r5, r6, r7, r8, r9, sl, fp, pc}
 8000b38:	40023800 	.word	0x40023800
 8000b3c:	40020400 	.word	0x40020400
 8000b40:	40021000 	.word	0x40021000
 8000b44:	40020800 	.word	0x40020800
 8000b48:	40020c00 	.word	0x40020c00

08000b4c <MX_DMA_Init>:
{
 8000b4c:	b510      	push	{r4, lr}
 8000b4e:	b082      	sub	sp, #8
  __HAL_RCC_DMA1_CLK_ENABLE();
 8000b50:	2400      	movs	r4, #0
 8000b52:	9401      	str	r4, [sp, #4]
 8000b54:	4b0d      	ldr	r3, [pc, #52]	@ (8000b8c <MX_DMA_Init+0x40>)
 8000b56:	6b1a      	ldr	r2, [r3, #48]	@ 0x30
 8000b58:	f442 1200 	orr.w	r2, r2, #2097152	@ 0x200000
 8000b5c:	631a      	str	r2, [r3, #48]	@ 0x30
 8000b5e:	6b1b      	ldr	r3, [r3, #48]	@ 0x30
 8000b60:	f403 1300 	and.w	r3, r3, #2097152	@ 0x200000
 8000b64:	9301      	str	r3, [sp, #4]
 8000b66:	9b01      	ldr	r3, [sp, #4]
  HAL_NVIC_SetPriority(DMA1_Stream0_IRQn, 5, 0);
 8000b68:	4622      	mov	r2, r4
 8000b6a:	2105      	movs	r1, #5
 8000b6c:	200b      	movs	r0, #11
 8000b6e:	f000 feef 	bl	8001950 <HAL_NVIC_SetPriority>
  HAL_NVIC_EnableIRQ(DMA1_Stream0_IRQn);
 8000b72:	200b      	movs	r0, #11
 8000b74:	f000 fefc 	bl	8001970 <HAL_NVIC_EnableIRQ>
  HAL_NVIC_SetPriority(DMA1_Stream5_IRQn, 5, 0);
 8000b78:	4622      	mov	r2, r4
 8000b7a:	2105      	movs	r1, #5
 8000b7c:	2010      	movs	r0, #16
 8000b7e:	f000 fee7 	bl	8001950 <HAL_NVIC_SetPriority>
  HAL_NVIC_EnableIRQ(DMA1_Stream5_IRQn);
 8000b82:	2010      	movs	r0, #16
 8000b84:	f000 fef4 	bl	8001970 <HAL_NVIC_EnableIRQ>
}
 8000b88:	b002      	add	sp, #8
 8000b8a:	bd10      	pop	{r4, pc}
 8000b8c:	40023800 	.word	0x40023800

08000b90 <StartDefaultTask>:
  * @param  argument: Not used
  * @retval None
  */
/* USER CODE END Header_StartDefaultTask */
void StartDefaultTask(void const * argument)
{
 8000b90:	b508      	push	{r3, lr}
  /* USER CODE BEGIN 5 */
  /* Infinite loop */
  for(;;)
  {
    osDelay(1);
 8000b92:	2001      	movs	r0, #1
 8000b94:	f7ff fb80 	bl	8000298 <osDelay>
  for(;;)
 8000b98:	e7fb      	b.n	8000b92 <StartDefaultTask+0x2>
	...

08000b9c <HAL_TIM_PeriodElapsedCallback>:
  * a global variable "uwTick" used as application time base.
  * @param  htim : TIM handle
  * @retval None
  */
void HAL_TIM_PeriodElapsedCallback(TIM_HandleTypeDef *htim)
{
 8000b9c:	b508      	push	{r3, lr}
  /* USER CODE BEGIN Callback 0 */

  /* USER CODE END Callback 0 */
  if (htim->Instance == TIM1)
 8000b9e:	6802      	ldr	r2, [r0, #0]
 8000ba0:	4b03      	ldr	r3, [pc, #12]	@ (8000bb0 <HAL_TIM_PeriodElapsedCallback+0x14>)
 8000ba2:	429a      	cmp	r2, r3
 8000ba4:	d000      	beq.n	8000ba8 <HAL_TIM_PeriodElapsedCallback+0xc>
    HAL_IncTick();
  }
  /* USER CODE BEGIN Callback 1 */

  /* USER CODE END Callback 1 */
}
 8000ba6:	bd08      	pop	{r3, pc}
    HAL_IncTick();
 8000ba8:	f000 fe68 	bl	800187c <HAL_IncTick>
}
 8000bac:	e7fb      	b.n	8000ba6 <HAL_TIM_PeriodElapsedCallback+0xa>
 8000bae:	bf00      	nop
 8000bb0:	40010000 	.word	0x40010000

08000bb4 <Error_Handler>:
  __ASM volatile ("cpsid i" : : : "memory");
 8000bb4:	b672      	cpsid	i
void Error_Handler(void)
{
  /* USER CODE BEGIN Error_Handler_Debug */
  /* User can add his own implementation to report the HAL error return state */
  __disable_irq();
  while (1)
 8000bb6:	e7fe      	b.n	8000bb6 <Error_Handler+0x2>

08000bb8 <MX_I2C1_Init>:
{
 8000bb8:	b508      	push	{r3, lr}
  hi2c1.Instance = I2C1;
 8000bba:	480a      	ldr	r0, [pc, #40]	@ (8000be4 <MX_I2C1_Init+0x2c>)
 8000bbc:	4b0a      	ldr	r3, [pc, #40]	@ (8000be8 <MX_I2C1_Init+0x30>)
 8000bbe:	6003      	str	r3, [r0, #0]
  hi2c1.Init.ClockSpeed = 100000;
 8000bc0:	4b0a      	ldr	r3, [pc, #40]	@ (8000bec <MX_I2C1_Init+0x34>)
 8000bc2:	6043      	str	r3, [r0, #4]
  hi2c1.Init.DutyCycle = I2C_DUTYCYCLE_2;
 8000bc4:	2300      	movs	r3, #0
 8000bc6:	6083      	str	r3, [r0, #8]
  hi2c1.Init.OwnAddress1 = 0;
 8000bc8:	60c3      	str	r3, [r0, #12]
  hi2c1.Init.AddressingMode = I2C_ADDRESSINGMODE_7BIT;
 8000bca:	f44f 4280 	mov.w	r2, #16384	@ 0x4000
 8000bce:	6102      	str	r2, [r0, #16]
  hi2c1.Init.DualAddressMode = I2C_DUALADDRESS_DISABLE;
 8000bd0:	6143      	str	r3, [r0, #20]
  hi2c1.Init.OwnAddress2 = 0;
 8000bd2:	6183      	str	r3, [r0, #24]
  hi2c1.Init.GeneralCallMode = I2C_GENERALCALL_DISABLE;
 8000bd4:	61c3      	str	r3, [r0, #28]
  hi2c1.Init.NoStretchMode = I2C_NOSTRETCH_DISABLE;
 8000bd6:	6203      	str	r3, [r0, #32]
  if (HAL_I2C_Init(&hi2c1) != HAL_OK)
 8000bd8:	f001 f9e6 	bl	8001fa8 <HAL_I2C_Init>
 8000bdc:	b900      	cbnz	r0, 8000be0 <MX_I2C1_Init+0x28>
}
 8000bde:	bd08      	pop	{r3, pc}
    Error_Handler();
 8000be0:	f7ff ffe8 	bl	8000bb4 <Error_Handler>
 8000be4:	20004a88 	.word	0x20004a88
 8000be8:	40005400 	.word	0x40005400
 8000bec:	000186a0 	.word	0x000186a0

08000bf0 <MX_I2S3_Init>:
{
 8000bf0:	b508      	push	{r3, lr}
  hi2s3.Instance = SPI3;
 8000bf2:	480c      	ldr	r0, [pc, #48]	@ (8000c24 <MX_I2S3_Init+0x34>)
 8000bf4:	4b0c      	ldr	r3, [pc, #48]	@ (8000c28 <MX_I2S3_Init+0x38>)
 8000bf6:	6003      	str	r3, [r0, #0]
  hi2s3.Init.Mode = I2S_MODE_MASTER_TX;
 8000bf8:	f44f 7200 	mov.w	r2, #512	@ 0x200
 8000bfc:	6042      	str	r2, [r0, #4]
  hi2s3.Init.Standard = I2S_STANDARD_PHILIPS;
 8000bfe:	2300      	movs	r3, #0
 8000c00:	6083      	str	r3, [r0, #8]
  hi2s3.Init.DataFormat = I2S_DATAFORMAT_24B;
 8000c02:	2103      	movs	r1, #3
 8000c04:	60c1      	str	r1, [r0, #12]
  hi2s3.Init.MCLKOutput = I2S_MCLKOUTPUT_ENABLE;
 8000c06:	6102      	str	r2, [r0, #16]
  hi2s3.Init.AudioFreq = I2S_AUDIOFREQ_32K;
 8000c08:	f44f 42fa 	mov.w	r2, #32000	@ 0x7d00
 8000c0c:	6142      	str	r2, [r0, #20]
  hi2s3.Init.CPOL = I2S_CPOL_LOW;
 8000c0e:	6183      	str	r3, [r0, #24]
  hi2s3.Init.ClockSource = I2S_CLOCK_PLL;
 8000c10:	61c3      	str	r3, [r0, #28]
  hi2s3.Init.FullDuplexMode = I2S_FULLDUPLEXMODE_ENABLE;
 8000c12:	2301      	movs	r3, #1
 8000c14:	6203      	str	r3, [r0, #32]
  if (HAL_I2S_Init(&hi2s3) != HAL_OK)
 8000c16:	f001 fab3 	bl	8002180 <HAL_I2S_Init>
 8000c1a:	b900      	cbnz	r0, 8000c1e <MX_I2S3_Init+0x2e>
}
 8000c1c:	bd08      	pop	{r3, pc}
    Error_Handler();
 8000c1e:	f7ff ffc9 	bl	8000bb4 <Error_Handler>
 8000c22:	bf00      	nop
 8000c24:	20004a40 	.word	0x20004a40
 8000c28:	40003c00 	.word	0x40003c00

08000c2c <MX_SPI1_Init>:
{
 8000c2c:	b508      	push	{r3, lr}
  hspi1.Instance = SPI1;
 8000c2e:	480d      	ldr	r0, [pc, #52]	@ (8000c64 <MX_SPI1_Init+0x38>)
 8000c30:	4b0d      	ldr	r3, [pc, #52]	@ (8000c68 <MX_SPI1_Init+0x3c>)
 8000c32:	6003      	str	r3, [r0, #0]
  hspi1.Init.Mode = SPI_MODE_MASTER;
 8000c34:	f44f 7382 	mov.w	r3, #260	@ 0x104
 8000c38:	6043      	str	r3, [r0, #4]
  hspi1.Init.Direction = SPI_DIRECTION_2LINES;
 8000c3a:	2300      	movs	r3, #0
 8000c3c:	6083      	str	r3, [r0, #8]
  hspi1.Init.DataSize = SPI_DATASIZE_8BIT;
 8000c3e:	60c3      	str	r3, [r0, #12]
  hspi1.Init.CLKPolarity = SPI_POLARITY_LOW;
 8000c40:	6103      	str	r3, [r0, #16]
  hspi1.Init.CLKPhase = SPI_PHASE_1EDGE;
 8000c42:	6143      	str	r3, [r0, #20]
  hspi1.Init.NSS = SPI_NSS_SOFT;
 8000c44:	f44f 7200 	mov.w	r2, #512	@ 0x200
 8000c48:	6182      	str	r2, [r0, #24]
  hspi1.Init.BaudRatePrescaler = SPI_BAUDRATEPRESCALER_2;
 8000c4a:	61c3      	str	r3, [r0, #28]
  hspi1.Init.FirstBit = SPI_FIRSTBIT_MSB;
 8000c4c:	6203      	str	r3, [r0, #32]
  hspi1.Init.TIMode = SPI_TIMODE_DISABLE;
 8000c4e:	6243      	str	r3, [r0, #36]	@ 0x24
  hspi1.Init.CRCCalculation = SPI_CRCCALCULATION_DISABLE;
 8000c50:	6283      	str	r3, [r0, #40]	@ 0x28
  hspi1.Init.CRCPolynomial = 10;
 8000c52:	230a      	movs	r3, #10
 8000c54:	62c3      	str	r3, [r0, #44]	@ 0x2c
  if (HAL_SPI_Init(&hspi1) != HAL_OK)
 8000c56:	f002 fd89 	bl	800376c <HAL_SPI_Init>
 8000c5a:	b900      	cbnz	r0, 8000c5e <MX_SPI1_Init+0x32>
}
 8000c5c:	bd08      	pop	{r3, pc}
    Error_Handler();
 8000c5e:	f7ff ffa9 	bl	8000bb4 <Error_Handler>
 8000c62:	bf00      	nop
 8000c64:	20004928 	.word	0x20004928
 8000c68:	40013000 	.word	0x40013000

08000c6c <MX_SPI2_Init>:
{
 8000c6c:	b508      	push	{r3, lr}
  hspi2.Instance = SPI2;
 8000c6e:	480b      	ldr	r0, [pc, #44]	@ (8000c9c <MX_SPI2_Init+0x30>)
 8000c70:	4b0b      	ldr	r3, [pc, #44]	@ (8000ca0 <MX_SPI2_Init+0x34>)
 8000c72:	6003      	str	r3, [r0, #0]
  hspi2.Init.Mode = SPI_MODE_SLAVE;
 8000c74:	2300      	movs	r3, #0
 8000c76:	6043      	str	r3, [r0, #4]
  hspi2.Init.Direction = SPI_DIRECTION_2LINES;
 8000c78:	6083      	str	r3, [r0, #8]
  hspi2.Init.DataSize = SPI_DATASIZE_8BIT;
 8000c7a:	60c3      	str	r3, [r0, #12]
  hspi2.Init.CLKPolarity = SPI_POLARITY_LOW;
 8000c7c:	6103      	str	r3, [r0, #16]
  hspi2.Init.CLKPhase = SPI_PHASE_1EDGE;
 8000c7e:	6143      	str	r3, [r0, #20]
  hspi2.Init.NSS = SPI_NSS_SOFT;
 8000c80:	f44f 7200 	mov.w	r2, #512	@ 0x200
 8000c84:	6182      	str	r2, [r0, #24]
  hspi2.Init.FirstBit = SPI_FIRSTBIT_MSB;
 8000c86:	6203      	str	r3, [r0, #32]
  hspi2.Init.TIMode = SPI_TIMODE_DISABLE;
 8000c88:	6243      	str	r3, [r0, #36]	@ 0x24
  hspi2.Init.CRCCalculation = SPI_CRCCALCULATION_DISABLE;
 8000c8a:	6283      	str	r3, [r0, #40]	@ 0x28
  hspi2.Init.CRCPolynomial = 10;
 8000c8c:	230a      	movs	r3, #10
 8000c8e:	62c3      	str	r3, [r0, #44]	@ 0x2c
  if (HAL_SPI_Init(&hspi2) != HAL_OK)
 8000c90:	f002 fd6c 	bl	800376c <HAL_SPI_Init>
 8000c94:	b900      	cbnz	r0, 8000c98 <MX_SPI2_Init+0x2c>
}
 8000c96:	bd08      	pop	{r3, pc}
    Error_Handler();
 8000c98:	f7ff ff8c 	bl	8000bb4 <Error_Handler>
 8000c9c:	200048d0 	.word	0x200048d0
 8000ca0:	40003800 	.word	0x40003800

08000ca4 <SystemClock_Config>:
{
 8000ca4:	b510      	push	{r4, lr}
 8000ca6:	b094      	sub	sp, #80	@ 0x50
  RCC_OscInitTypeDef RCC_OscInitStruct = {0};
 8000ca8:	ac08      	add	r4, sp, #32
 8000caa:	2230      	movs	r2, #48	@ 0x30
 8000cac:	2100      	movs	r1, #0
 8000cae:	4620      	mov	r0, r4
 8000cb0:	f004 f8db 	bl	8004e6a <memset>
  RCC_ClkInitTypeDef RCC_ClkInitStruct = {0};
 8000cb4:	2300      	movs	r3, #0
 8000cb6:	9303      	str	r3, [sp, #12]
 8000cb8:	9304      	str	r3, [sp, #16]
 8000cba:	9305      	str	r3, [sp, #20]
 8000cbc:	9306      	str	r3, [sp, #24]
 8000cbe:	9307      	str	r3, [sp, #28]
  __HAL_RCC_PWR_CLK_ENABLE();
 8000cc0:	9301      	str	r3, [sp, #4]
 8000cc2:	4a20      	ldr	r2, [pc, #128]	@ (8000d44 <SystemClock_Config+0xa0>)
 8000cc4:	6c11      	ldr	r1, [r2, #64]	@ 0x40
 8000cc6:	f041 5180 	orr.w	r1, r1, #268435456	@ 0x10000000
 8000cca:	6411      	str	r1, [r2, #64]	@ 0x40
 8000ccc:	6c12      	ldr	r2, [r2, #64]	@ 0x40
 8000cce:	f002 5280 	and.w	r2, r2, #268435456	@ 0x10000000
 8000cd2:	9201      	str	r2, [sp, #4]
 8000cd4:	9a01      	ldr	r2, [sp, #4]
  __HAL_PWR_VOLTAGESCALING_CONFIG(PWR_REGULATOR_VOLTAGE_SCALE1);
 8000cd6:	9302      	str	r3, [sp, #8]
 8000cd8:	4b1b      	ldr	r3, [pc, #108]	@ (8000d48 <SystemClock_Config+0xa4>)
 8000cda:	681a      	ldr	r2, [r3, #0]
 8000cdc:	f442 4280 	orr.w	r2, r2, #16384	@ 0x4000
 8000ce0:	601a      	str	r2, [r3, #0]
 8000ce2:	681b      	ldr	r3, [r3, #0]
 8000ce4:	f403 4380 	and.w	r3, r3, #16384	@ 0x4000
 8000ce8:	9302      	str	r3, [sp, #8]
 8000cea:	9b02      	ldr	r3, [sp, #8]
  RCC_OscInitStruct.OscillatorType = RCC_OSCILLATORTYPE_HSE;
 8000cec:	2301      	movs	r3, #1
 8000cee:	9308      	str	r3, [sp, #32]
  RCC_OscInitStruct.HSEState = RCC_HSE_ON;
 8000cf0:	f44f 3380 	mov.w	r3, #65536	@ 0x10000
 8000cf4:	9309      	str	r3, [sp, #36]	@ 0x24
  RCC_OscInitStruct.PLL.PLLState = RCC_PLL_ON;
 8000cf6:	2302      	movs	r3, #2
 8000cf8:	930e      	str	r3, [sp, #56]	@ 0x38
  RCC_OscInitStruct.PLL.PLLSource = RCC_PLLSOURCE_HSE;
 8000cfa:	f44f 0280 	mov.w	r2, #4194304	@ 0x400000
 8000cfe:	920f      	str	r2, [sp, #60]	@ 0x3c
  RCC_OscInitStruct.PLL.PLLM = 8;
 8000d00:	2208      	movs	r2, #8
 8000d02:	9210      	str	r2, [sp, #64]	@ 0x40
  RCC_OscInitStruct.PLL.PLLN = 336;
 8000d04:	f44f 72a8 	mov.w	r2, #336	@ 0x150
 8000d08:	9211      	str	r2, [sp, #68]	@ 0x44
  RCC_OscInitStruct.PLL.PLLP = RCC_PLLP_DIV2;
 8000d0a:	9312      	str	r3, [sp, #72]	@ 0x48
  RCC_OscInitStruct.PLL.PLLQ = 7;
 8000d0c:	2307      	movs	r3, #7
 8000d0e:	9313      	str	r3, [sp, #76]	@ 0x4c
  if (HAL_RCC_OscConfig(&RCC_OscInitStruct) != HAL_OK)
 8000d10:	4620      	mov	r0, r4
 8000d12:	f001 fffb 	bl	8002d0c <HAL_RCC_OscConfig>
 8000d16:	b988      	cbnz	r0, 8000d3c <SystemClock_Config+0x98>
  RCC_ClkInitStruct.ClockType = RCC_CLOCKTYPE_HCLK|RCC_CLOCKTYPE_SYSCLK
 8000d18:	230f      	movs	r3, #15
 8000d1a:	9303      	str	r3, [sp, #12]
  RCC_ClkInitStruct.SYSCLKSource = RCC_SYSCLKSOURCE_PLLCLK;
 8000d1c:	2302      	movs	r3, #2
 8000d1e:	9304      	str	r3, [sp, #16]
  RCC_ClkInitStruct.AHBCLKDivider = RCC_SYSCLK_DIV1;
 8000d20:	9005      	str	r0, [sp, #20]
  RCC_ClkInitStruct.APB1CLKDivider = RCC_HCLK_DIV4;
 8000d22:	f44f 53a0 	mov.w	r3, #5120	@ 0x1400
 8000d26:	9306      	str	r3, [sp, #24]
  RCC_ClkInitStruct.APB2CLKDivider = RCC_HCLK_DIV2;
 8000d28:	f44f 5380 	mov.w	r3, #4096	@ 0x1000
 8000d2c:	9307      	str	r3, [sp, #28]
  if (HAL_RCC_ClockConfig(&RCC_ClkInitStruct, FLASH_LATENCY_5) != HAL_OK)
 8000d2e:	2105      	movs	r1, #5
 8000d30:	a803      	add	r0, sp, #12
 8000d32:	f002 fa57 	bl	80031e4 <HAL_RCC_ClockConfig>
 8000d36:	b918      	cbnz	r0, 8000d40 <SystemClock_Config+0x9c>
}
 8000d38:	b014      	add	sp, #80	@ 0x50
 8000d3a:	bd10      	pop	{r4, pc}
    Error_Handler();
 8000d3c:	f7ff ff3a 	bl	8000bb4 <Error_Handler>
    Error_Handler();
 8000d40:	f7ff ff38 	bl	8000bb4 <Error_Handler>
 8000d44:	40023800 	.word	0x40023800
 8000d48:	40007000 	.word	0x40007000

08000d4c <main>:
{
 8000d4c:	b500      	push	{lr}
 8000d4e:	b09b      	sub	sp, #108	@ 0x6c
  HAL_Init();
 8000d50:	f000 fd7a 	bl	8001848 <HAL_Init>
  GPIO_InitTypeDef GPIO_InitStruct = {0};
 8000d54:	a915      	add	r1, sp, #84	@ 0x54
 8000d56:	2500      	movs	r5, #0
 8000d58:	9515      	str	r5, [sp, #84]	@ 0x54
 8000d5a:	604d      	str	r5, [r1, #4]
 8000d5c:	608d      	str	r5, [r1, #8]
 8000d5e:	60cd      	str	r5, [r1, #12]
 8000d60:	610d      	str	r5, [r1, #16]
  GPIO_InitStruct.Pin = GPIO_PIN_12;
 8000d62:	f44f 5380 	mov.w	r3, #4096	@ 0x1000
 8000d66:	9315      	str	r3, [sp, #84]	@ 0x54
  GPIO_InitStruct.Mode = GPIO_MODE_OUTPUT_PP; // Push-Pull
 8000d68:	2301      	movs	r3, #1
 8000d6a:	9316      	str	r3, [sp, #88]	@ 0x58
  HAL_GPIO_Init(GPIOD, &GPIO_InitStruct);
 8000d6c:	4824      	ldr	r0, [pc, #144]	@ (8000e00 <main+0xb4>)
 8000d6e:	f001 f811 	bl	8001d94 <HAL_GPIO_Init>
  SystemClock_Config();
 8000d72:	f7ff ff97 	bl	8000ca4 <SystemClock_Config>
  MX_GPIO_Init();
 8000d76:	f7ff fe11 	bl	800099c <MX_GPIO_Init>
  MX_DMA_Init();
 8000d7a:	f7ff fee7 	bl	8000b4c <MX_DMA_Init>
  MX_I2C1_Init();
 8000d7e:	f7ff ff1b 	bl	8000bb8 <MX_I2C1_Init>
  MX_I2S3_Init();
 8000d82:	f7ff ff35 	bl	8000bf0 <MX_I2S3_Init>
  MX_SPI1_Init();
 8000d86:	f7ff ff51 	bl	8000c2c <MX_SPI1_Init>
  MX_SPI2_Init();
 8000d8a:	f7ff ff6f 	bl	8000c6c <MX_SPI2_Init>
  osThreadDef(defaultTask, StartDefaultTask, osPriorityNormal, 0, 128);
 8000d8e:	4c1d      	ldr	r4, [pc, #116]	@ (8000e04 <main+0xb8>)
 8000d90:	f10d 0c38 	add.w	ip, sp, #56	@ 0x38
 8000d94:	46a6      	mov	lr, r4
 8000d96:	e8be 000f 	ldmia.w	lr!, {r0, r1, r2, r3}
 8000d9a:	e8ac 000f 	stmia.w	ip!, {r0, r1, r2, r3}
 8000d9e:	e89e 0007 	ldmia.w	lr, {r0, r1, r2}
 8000da2:	e88c 0007 	stmia.w	ip, {r0, r1, r2}
  defaultTaskHandle = osThreadCreate(osThread(defaultTask), NULL);
 8000da6:	4629      	mov	r1, r5
 8000da8:	a80e      	add	r0, sp, #56	@ 0x38
 8000daa:	f7ff fa3e 	bl	800022a <osThreadCreate>
 8000dae:	4b16      	ldr	r3, [pc, #88]	@ (8000e08 <main+0xbc>)
 8000db0:	6018      	str	r0, [r3, #0]
  osThreadDef(dspTask, StartDSPTask, osPriorityRealtime, 0, 512);
 8000db2:	f10d 0c1c 	add.w	ip, sp, #28
 8000db6:	f104 0e1c 	add.w	lr, r4, #28
 8000dba:	e8be 000f 	ldmia.w	lr!, {r0, r1, r2, r3}
 8000dbe:	e8ac 000f 	stmia.w	ip!, {r0, r1, r2, r3}
 8000dc2:	e89e 0007 	ldmia.w	lr, {r0, r1, r2}
 8000dc6:	e88c 0007 	stmia.w	ip, {r0, r1, r2}
  dspTaskHandle = osThreadCreate(osThread(dspTask), NULL);
 8000dca:	4629      	mov	r1, r5
 8000dcc:	a807      	add	r0, sp, #28
 8000dce:	f7ff fa2c 	bl	800022a <osThreadCreate>
 8000dd2:	4b0e      	ldr	r3, [pc, #56]	@ (8000e0c <main+0xc0>)
 8000dd4:	6018      	str	r0, [r3, #0]
  osThreadDef(spiTask, StartSPITask, osPriorityAboveNormal, 0, 256);
 8000dd6:	46ee      	mov	lr, sp
 8000dd8:	f104 0c38 	add.w	ip, r4, #56	@ 0x38
 8000ddc:	e8bc 000f 	ldmia.w	ip!, {r0, r1, r2, r3}
 8000de0:	e8ae 000f 	stmia.w	lr!, {r0, r1, r2, r3}
 8000de4:	e89c 0007 	ldmia.w	ip, {r0, r1, r2}
 8000de8:	e88e 0007 	stmia.w	lr, {r0, r1, r2}
  spiTaskHandle = osThreadCreate(osThread(spiTask), NULL);
 8000dec:	4629      	mov	r1, r5
 8000dee:	4668      	mov	r0, sp
 8000df0:	f7ff fa1b 	bl	800022a <osThreadCreate>
 8000df4:	4b06      	ldr	r3, [pc, #24]	@ (8000e10 <main+0xc4>)
 8000df6:	6018      	str	r0, [r3, #0]
  osKernelStart();
 8000df8:	f7ff fa12 	bl	8000220 <osKernelStart>
  while (1)
 8000dfc:	e7fe      	b.n	8000dfc <main+0xb0>
 8000dfe:	bf00      	nop
 8000e00:	40020c00 	.word	0x40020c00
 8000e04:	08005218 	.word	0x08005218
 8000e08:	200048cc 	.word	0x200048cc
 8000e0c:	200048c8 	.word	0x200048c8
 8000e10:	200048c4 	.word	0x200048c4

08000e14 <prvTaskExitError>:
	return pxTopOfStack;
}
/*-----------------------------------------------------------*/

static void prvTaskExitError( void )
{
 8000e14:	b082      	sub	sp, #8
volatile uint32_t ulDummy = 0;
 8000e16:	2300      	movs	r3, #0
 8000e18:	9301      	str	r3, [sp, #4]
	its caller as there is nothing to return to.  If a task wants to exit it
	should instead call vTaskDelete( NULL ).

	Artificially force an assert() to be triggered if configASSERT() is
	defined, then stop here so application writers can catch the error. */
	configASSERT( uxCriticalNesting == ~0UL );
 8000e1a:	4b0d      	ldr	r3, [pc, #52]	@ (8000e50 <prvTaskExitError+0x3c>)
 8000e1c:	681b      	ldr	r3, [r3, #0]
 8000e1e:	f1b3 3fff 	cmp.w	r3, #4294967295
 8000e22:	d008      	beq.n	8000e36 <prvTaskExitError+0x22>
 8000e24:	f04f 0350 	mov.w	r3, #80	@ 0x50
 8000e28:	f383 8811 	msr	BASEPRI, r3
 8000e2c:	f3bf 8f6f 	isb	sy
 8000e30:	f3bf 8f4f 	dsb	sy
 8000e34:	e7fe      	b.n	8000e34 <prvTaskExitError+0x20>
 8000e36:	f04f 0350 	mov.w	r3, #80	@ 0x50
 8000e3a:	f383 8811 	msr	BASEPRI, r3
 8000e3e:	f3bf 8f6f 	isb	sy
 8000e42:	f3bf 8f4f 	dsb	sy
	portDISABLE_INTERRUPTS();
	while( ulDummy == 0 )
 8000e46:	9b01      	ldr	r3, [sp, #4]
 8000e48:	2b00      	cmp	r3, #0
 8000e4a:	d0fc      	beq.n	8000e46 <prvTaskExitError+0x32>
		about code appearing after this function is called - making ulDummy
		volatile makes the compiler think the function could return and
		therefore not output an 'unreachable code' warning for code that appears
		after it. */
	}
}
 8000e4c:	b002      	add	sp, #8
 8000e4e:	4770      	bx	lr
 8000e50:	2000000c 	.word	0x2000000c

08000e54 <prvPortStartFirstTask>:
{
	/* Start the first task.  This also clears the bit that indicates the FPU is
	in use in case the FPU was used before the scheduler was started - which
	would otherwise result in the unnecessary leaving of space in the SVC stack
	for lazy saving of FPU registers. */
	__asm volatile(
 8000e54:	4808      	ldr	r0, [pc, #32]	@ (8000e78 <prvPortStartFirstTask+0x24>)
 8000e56:	6800      	ldr	r0, [r0, #0]
 8000e58:	6800      	ldr	r0, [r0, #0]
 8000e5a:	f380 8808 	msr	MSP, r0
 8000e5e:	f04f 0000 	mov.w	r0, #0
 8000e62:	f380 8814 	msr	CONTROL, r0
 8000e66:	b662      	cpsie	i
 8000e68:	b661      	cpsie	f
 8000e6a:	f3bf 8f4f 	dsb	sy
 8000e6e:	f3bf 8f6f 	isb	sy
 8000e72:	df00      	svc	0
 8000e74:	bf00      	nop
					" dsb					\n"
					" isb					\n"
					" svc 0					\n" /* System call to start first task. */
					" nop					\n"
				);
}
 8000e76:	0000      	.short	0x0000
 8000e78:	e000ed08 	.word	0xe000ed08

08000e7c <vPortEnableVFP>:
/*-----------------------------------------------------------*/

/* This is a naked function. */
static void vPortEnableVFP( void )
{
	__asm volatile
 8000e7c:	f8df 000c 	ldr.w	r0, [pc, #12]	@ 8000e8c <vPortEnableVFP+0x10>
 8000e80:	6801      	ldr	r1, [r0, #0]
 8000e82:	f441 0170 	orr.w	r1, r1, #15728640	@ 0xf00000
 8000e86:	6001      	str	r1, [r0, #0]
 8000e88:	4770      	bx	lr
		"								\n"
		"	orr r1, r1, #( 0xf << 20 )	\n" /* Enable CP10 and CP11 coprocessors, then save back. */
		"	str r1, [r0]				\n"
		"	bx r14						"
	);
}
 8000e8a:	0000      	.short	0x0000
 8000e8c:	e000ed88 	.word	0xe000ed88

08000e90 <pxPortInitialiseStack>:
	*pxTopOfStack = portINITIAL_XPSR;	/* xPSR */
 8000e90:	f04f 7380 	mov.w	r3, #16777216	@ 0x1000000
 8000e94:	f840 3c04 	str.w	r3, [r0, #-4]
	*pxTopOfStack = ( ( StackType_t ) pxCode ) & portSTART_ADDRESS_MASK;	/* PC */
 8000e98:	f021 0101 	bic.w	r1, r1, #1
 8000e9c:	f840 1c08 	str.w	r1, [r0, #-8]
	*pxTopOfStack = ( StackType_t ) portTASK_RETURN_ADDRESS;	/* LR */
 8000ea0:	4b05      	ldr	r3, [pc, #20]	@ (8000eb8 <pxPortInitialiseStack+0x28>)
 8000ea2:	f840 3c0c 	str.w	r3, [r0, #-12]
	*pxTopOfStack = ( StackType_t ) pvParameters;	/* R0 */
 8000ea6:	f840 2c20 	str.w	r2, [r0, #-32]
	*pxTopOfStack = portINITIAL_EXC_RETURN;
 8000eaa:	f06f 0302 	mvn.w	r3, #2
 8000eae:	f840 3c24 	str.w	r3, [r0, #-36]
}
 8000eb2:	3844      	subs	r0, #68	@ 0x44
 8000eb4:	4770      	bx	lr
 8000eb6:	bf00      	nop
 8000eb8:	08000e15 	.word	0x08000e15
 8000ebc:	00000000 	.word	0x00000000

08000ec0 <SVC_Handler>:
	__asm volatile (
 8000ec0:	4b07      	ldr	r3, [pc, #28]	@ (8000ee0 <pxCurrentTCBConst2>)
 8000ec2:	6819      	ldr	r1, [r3, #0]
 8000ec4:	6808      	ldr	r0, [r1, #0]
 8000ec6:	e8b0 4ff0 	ldmia.w	r0!, {r4, r5, r6, r7, r8, r9, sl, fp, lr}
 8000eca:	f380 8809 	msr	PSP, r0
 8000ece:	f3bf 8f6f 	isb	sy
 8000ed2:	f04f 0000 	mov.w	r0, #0
 8000ed6:	f380 8811 	msr	BASEPRI, r0
 8000eda:	4770      	bx	lr
 8000edc:	f3af 8000 	nop.w

08000ee0 <pxCurrentTCBConst2>:
 8000ee0:	20004c58 	.word	0x20004c58

08000ee4 <vPortEnterCritical>:
 8000ee4:	f04f 0350 	mov.w	r3, #80	@ 0x50
 8000ee8:	f383 8811 	msr	BASEPRI, r3
 8000eec:	f3bf 8f6f 	isb	sy
 8000ef0:	f3bf 8f4f 	dsb	sy
	uxCriticalNesting++;
 8000ef4:	4a0b      	ldr	r2, [pc, #44]	@ (8000f24 <vPortEnterCritical+0x40>)
 8000ef6:	6813      	ldr	r3, [r2, #0]
 8000ef8:	3301      	adds	r3, #1
 8000efa:	6013      	str	r3, [r2, #0]
	if( uxCriticalNesting == 1 )
 8000efc:	2b01      	cmp	r3, #1
 8000efe:	d000      	beq.n	8000f02 <vPortEnterCritical+0x1e>
}
 8000f00:	4770      	bx	lr
		configASSERT( ( portNVIC_INT_CTRL_REG & portVECTACTIVE_MASK ) == 0 );
 8000f02:	f04f 23e0 	mov.w	r3, #3758153728	@ 0xe000e000
 8000f06:	f8d3 3d04 	ldr.w	r3, [r3, #3332]	@ 0xd04
 8000f0a:	f013 0fff 	tst.w	r3, #255	@ 0xff
 8000f0e:	d0f7      	beq.n	8000f00 <vPortEnterCritical+0x1c>
 8000f10:	f04f 0350 	mov.w	r3, #80	@ 0x50
 8000f14:	f383 8811 	msr	BASEPRI, r3
 8000f18:	f3bf 8f6f 	isb	sy
 8000f1c:	f3bf 8f4f 	dsb	sy
 8000f20:	e7fe      	b.n	8000f20 <vPortEnterCritical+0x3c>
 8000f22:	bf00      	nop
 8000f24:	2000000c 	.word	0x2000000c

08000f28 <vPortExitCritical>:
	configASSERT( uxCriticalNesting );
 8000f28:	4b09      	ldr	r3, [pc, #36]	@ (8000f50 <vPortExitCritical+0x28>)
 8000f2a:	681b      	ldr	r3, [r3, #0]
 8000f2c:	b943      	cbnz	r3, 8000f40 <vPortExitCritical+0x18>
 8000f2e:	f04f 0350 	mov.w	r3, #80	@ 0x50
 8000f32:	f383 8811 	msr	BASEPRI, r3
 8000f36:	f3bf 8f6f 	isb	sy
 8000f3a:	f3bf 8f4f 	dsb	sy
 8000f3e:	e7fe      	b.n	8000f3e <vPortExitCritical+0x16>
	uxCriticalNesting--;
 8000f40:	3b01      	subs	r3, #1
 8000f42:	4a03      	ldr	r2, [pc, #12]	@ (8000f50 <vPortExitCritical+0x28>)
 8000f44:	6013      	str	r3, [r2, #0]
	if( uxCriticalNesting == 0 )
 8000f46:	b90b      	cbnz	r3, 8000f4c <vPortExitCritical+0x24>
}
/*-----------------------------------------------------------*/

portFORCE_INLINE static void vPortSetBASEPRI( uint32_t ulNewMaskValue )
{
	__asm volatile
 8000f48:	f383 8811 	msr	BASEPRI, r3
}
 8000f4c:	4770      	bx	lr
 8000f4e:	bf00      	nop
 8000f50:	2000000c 	.word	0x2000000c
	...

08000f60 <PendSV_Handler>:
	__asm volatile
 8000f60:	f3ef 8009 	mrs	r0, PSP
 8000f64:	f3bf 8f6f 	isb	sy
 8000f68:	4b15      	ldr	r3, [pc, #84]	@ (8000fc0 <pxCurrentTCBConst>)
 8000f6a:	681a      	ldr	r2, [r3, #0]
 8000f6c:	f01e 0f10 	tst.w	lr, #16
 8000f70:	bf08      	it	eq
 8000f72:	ed20 8a10 	vstmdbeq	r0!, {s16-s31}
 8000f76:	e920 4ff0 	stmdb	r0!, {r4, r5, r6, r7, r8, r9, sl, fp, lr}
 8000f7a:	6010      	str	r0, [r2, #0]
 8000f7c:	b409      	push	{r0, r3}
 8000f7e:	f04f 0050 	mov.w	r0, #80	@ 0x50
 8000f82:	f380 8811 	msr	BASEPRI, r0
 8000f86:	f3bf 8f4f 	dsb	sy
 8000f8a:	f3bf 8f6f 	isb	sy
 8000f8e:	f003 fbb1 	bl	80046f4 <vTaskSwitchContext>
 8000f92:	f04f 0000 	mov.w	r0, #0
 8000f96:	f380 8811 	msr	BASEPRI, r0
 8000f9a:	bc09      	pop	{r0, r3}
 8000f9c:	6819      	ldr	r1, [r3, #0]
 8000f9e:	6808      	ldr	r0, [r1, #0]
 8000fa0:	e8b0 4ff0 	ldmia.w	r0!, {r4, r5, r6, r7, r8, r9, sl, fp, lr}
 8000fa4:	f01e 0f10 	tst.w	lr, #16
 8000fa8:	bf08      	it	eq
 8000faa:	ecb0 8a10 	vldmiaeq	r0!, {s16-s31}
 8000fae:	f380 8809 	msr	PSP, r0
 8000fb2:	f3bf 8f6f 	isb	sy
 8000fb6:	4770      	bx	lr
 8000fb8:	f3af 8000 	nop.w
 8000fbc:	f3af 8000 	nop.w

08000fc0 <pxCurrentTCBConst>:
 8000fc0:	20004c58 	.word	0x20004c58

08000fc4 <SysTick_Handler>:
{
 8000fc4:	b508      	push	{r3, lr}
	__asm volatile
 8000fc6:	f04f 0350 	mov.w	r3, #80	@ 0x50
 8000fca:	f383 8811 	msr	BASEPRI, r3
 8000fce:	f3bf 8f6f 	isb	sy
 8000fd2:	f3bf 8f4f 	dsb	sy
		if( xTaskIncrementTick() != pdFALSE )
 8000fd6:	f003 fa59 	bl	800448c <xTaskIncrementTick>
 8000fda:	b128      	cbz	r0, 8000fe8 <SysTick_Handler+0x24>
			portNVIC_INT_CTRL_REG = portNVIC_PENDSVSET_BIT;
 8000fdc:	f04f 23e0 	mov.w	r3, #3758153728	@ 0xe000e000
 8000fe0:	f04f 5280 	mov.w	r2, #268435456	@ 0x10000000
 8000fe4:	f8c3 2d04 	str.w	r2, [r3, #3332]	@ 0xd04
	__asm volatile
 8000fe8:	2300      	movs	r3, #0
 8000fea:	f383 8811 	msr	BASEPRI, r3
}
 8000fee:	bd08      	pop	{r3, pc}

08000ff0 <vPortSetupTimerInterrupt>:
	portNVIC_SYSTICK_CTRL_REG = 0UL;
 8000ff0:	f04f 22e0 	mov.w	r2, #3758153728	@ 0xe000e000
 8000ff4:	2300      	movs	r3, #0
 8000ff6:	6113      	str	r3, [r2, #16]
	portNVIC_SYSTICK_CURRENT_VALUE_REG = 0UL;
 8000ff8:	6193      	str	r3, [r2, #24]
	portNVIC_SYSTICK_LOAD_REG = ( configSYSTICK_CLOCK_HZ / configTICK_RATE_HZ ) - 1UL;
 8000ffa:	4b05      	ldr	r3, [pc, #20]	@ (8001010 <vPortSetupTimerInterrupt+0x20>)
 8000ffc:	681b      	ldr	r3, [r3, #0]
 8000ffe:	4905      	ldr	r1, [pc, #20]	@ (8001014 <vPortSetupTimerInterrupt+0x24>)
 8001000:	fba1 1303 	umull	r1, r3, r1, r3
 8001004:	099b      	lsrs	r3, r3, #6
 8001006:	3b01      	subs	r3, #1
 8001008:	6153      	str	r3, [r2, #20]
	portNVIC_SYSTICK_CTRL_REG = ( portNVIC_SYSTICK_CLK_BIT | portNVIC_SYSTICK_INT_BIT | portNVIC_SYSTICK_ENABLE_BIT );
 800100a:	2307      	movs	r3, #7
 800100c:	6113      	str	r3, [r2, #16]
}
 800100e:	4770      	bx	lr
 8001010:	20000018 	.word	0x20000018
 8001014:	10624dd3 	.word	0x10624dd3

08001018 <xPortStartScheduler>:
	configASSERT( portCPUID != portCORTEX_M7_r0p1_ID );
 8001018:	f04f 23e0 	mov.w	r3, #3758153728	@ 0xe000e000
 800101c:	f8d3 2d00 	ldr.w	r2, [r3, #3328]	@ 0xd00
 8001020:	4b3e      	ldr	r3, [pc, #248]	@ (800111c <xPortStartScheduler+0x104>)
 8001022:	429a      	cmp	r2, r3
 8001024:	d01c      	beq.n	8001060 <xPortStartScheduler+0x48>
	configASSERT( portCPUID != portCORTEX_M7_r0p0_ID );
 8001026:	f04f 23e0 	mov.w	r3, #3758153728	@ 0xe000e000
 800102a:	f8d3 2d00 	ldr.w	r2, [r3, #3328]	@ 0xd00
 800102e:	4b3c      	ldr	r3, [pc, #240]	@ (8001120 <xPortStartScheduler+0x108>)
 8001030:	429a      	cmp	r2, r3
 8001032:	d01e      	beq.n	8001072 <xPortStartScheduler+0x5a>
{
 8001034:	b510      	push	{r4, lr}
 8001036:	b082      	sub	sp, #8
		ulOriginalPriority = *pucFirstUserPriorityRegister;
 8001038:	4b3a      	ldr	r3, [pc, #232]	@ (8001124 <xPortStartScheduler+0x10c>)
 800103a:	781a      	ldrb	r2, [r3, #0]
 800103c:	b2d2      	uxtb	r2, r2
 800103e:	9201      	str	r2, [sp, #4]
		*pucFirstUserPriorityRegister = portMAX_8_BIT_VALUE;
 8001040:	22ff      	movs	r2, #255	@ 0xff
 8001042:	701a      	strb	r2, [r3, #0]
		ucMaxPriorityValue = *pucFirstUserPriorityRegister;
 8001044:	781b      	ldrb	r3, [r3, #0]
 8001046:	b2db      	uxtb	r3, r3
 8001048:	f88d 3003 	strb.w	r3, [sp, #3]
		ucMaxSysCallPriority = configMAX_SYSCALL_INTERRUPT_PRIORITY & ucMaxPriorityValue;
 800104c:	f89d 3003 	ldrb.w	r3, [sp, #3]
 8001050:	f003 0350 	and.w	r3, r3, #80	@ 0x50
 8001054:	4a34      	ldr	r2, [pc, #208]	@ (8001128 <xPortStartScheduler+0x110>)
 8001056:	7013      	strb	r3, [r2, #0]
		ulMaxPRIGROUPValue = portMAX_PRIGROUP_BITS;
 8001058:	4b34      	ldr	r3, [pc, #208]	@ (800112c <xPortStartScheduler+0x114>)
 800105a:	2207      	movs	r2, #7
 800105c:	601a      	str	r2, [r3, #0]
		while( ( ucMaxPriorityValue & portTOP_BIT_OF_BYTE ) == portTOP_BIT_OF_BYTE )
 800105e:	e01b      	b.n	8001098 <xPortStartScheduler+0x80>
	__asm volatile
 8001060:	f04f 0350 	mov.w	r3, #80	@ 0x50
 8001064:	f383 8811 	msr	BASEPRI, r3
 8001068:	f3bf 8f6f 	isb	sy
 800106c:	f3bf 8f4f 	dsb	sy
	configASSERT( portCPUID != portCORTEX_M7_r0p1_ID );
 8001070:	e7fe      	b.n	8001070 <xPortStartScheduler+0x58>
 8001072:	f04f 0350 	mov.w	r3, #80	@ 0x50
 8001076:	f383 8811 	msr	BASEPRI, r3
 800107a:	f3bf 8f6f 	isb	sy
 800107e:	f3bf 8f4f 	dsb	sy
	configASSERT( portCPUID != portCORTEX_M7_r0p0_ID );
 8001082:	e7fe      	b.n	8001082 <xPortStartScheduler+0x6a>
			ulMaxPRIGROUPValue--;
 8001084:	4a29      	ldr	r2, [pc, #164]	@ (800112c <xPortStartScheduler+0x114>)
 8001086:	6813      	ldr	r3, [r2, #0]
 8001088:	3b01      	subs	r3, #1
 800108a:	6013      	str	r3, [r2, #0]
			ucMaxPriorityValue <<= ( uint8_t ) 0x01;
 800108c:	f89d 3003 	ldrb.w	r3, [sp, #3]
 8001090:	005b      	lsls	r3, r3, #1
 8001092:	b2db      	uxtb	r3, r3
 8001094:	f88d 3003 	strb.w	r3, [sp, #3]
		while( ( ucMaxPriorityValue & portTOP_BIT_OF_BYTE ) == portTOP_BIT_OF_BYTE )
 8001098:	f89d 3003 	ldrb.w	r3, [sp, #3]
 800109c:	f013 0f80 	tst.w	r3, #128	@ 0x80
 80010a0:	d1f0      	bne.n	8001084 <xPortStartScheduler+0x6c>
			configASSERT( ( portMAX_PRIGROUP_BITS - ulMaxPRIGROUPValue ) == configPRIO_BITS );
 80010a2:	4b22      	ldr	r3, [pc, #136]	@ (800112c <xPortStartScheduler+0x114>)
 80010a4:	681b      	ldr	r3, [r3, #0]
 80010a6:	2b03      	cmp	r3, #3
 80010a8:	d008      	beq.n	80010bc <xPortStartScheduler+0xa4>
 80010aa:	f04f 0350 	mov.w	r3, #80	@ 0x50
 80010ae:	f383 8811 	msr	BASEPRI, r3
 80010b2:	f3bf 8f6f 	isb	sy
 80010b6:	f3bf 8f4f 	dsb	sy
 80010ba:	e7fe      	b.n	80010ba <xPortStartScheduler+0xa2>
		ulMaxPRIGROUPValue <<= portPRIGROUP_SHIFT;
 80010bc:	021b      	lsls	r3, r3, #8
 80010be:	4a1b      	ldr	r2, [pc, #108]	@ (800112c <xPortStartScheduler+0x114>)
 80010c0:	6013      	str	r3, [r2, #0]
		ulMaxPRIGROUPValue &= portPRIORITY_GROUP_MASK;
 80010c2:	f403 63e0 	and.w	r3, r3, #1792	@ 0x700
 80010c6:	6013      	str	r3, [r2, #0]
		*pucFirstUserPriorityRegister = ulOriginalPriority;
 80010c8:	9b01      	ldr	r3, [sp, #4]
 80010ca:	b2db      	uxtb	r3, r3
 80010cc:	4a15      	ldr	r2, [pc, #84]	@ (8001124 <xPortStartScheduler+0x10c>)
 80010ce:	7013      	strb	r3, [r2, #0]
	portNVIC_SYSPRI2_REG |= portNVIC_PENDSV_PRI;
 80010d0:	f04f 22e0 	mov.w	r2, #3758153728	@ 0xe000e000
 80010d4:	f8d2 3d20 	ldr.w	r3, [r2, #3360]	@ 0xd20
 80010d8:	f443 0370 	orr.w	r3, r3, #15728640	@ 0xf00000
 80010dc:	f8c2 3d20 	str.w	r3, [r2, #3360]	@ 0xd20
	portNVIC_SYSPRI2_REG |= portNVIC_SYSTICK_PRI;
 80010e0:	f8d2 3d20 	ldr.w	r3, [r2, #3360]	@ 0xd20
 80010e4:	f043 4370 	orr.w	r3, r3, #4026531840	@ 0xf0000000
 80010e8:	4614      	mov	r4, r2
 80010ea:	f8c2 3d20 	str.w	r3, [r2, #3360]	@ 0xd20
	vPortSetupTimerInterrupt();
 80010ee:	f7ff ff7f 	bl	8000ff0 <vPortSetupTimerInterrupt>
	uxCriticalNesting = 0;
 80010f2:	4b0f      	ldr	r3, [pc, #60]	@ (8001130 <xPortStartScheduler+0x118>)
 80010f4:	2200      	movs	r2, #0
 80010f6:	601a      	str	r2, [r3, #0]
	vPortEnableVFP();
 80010f8:	f7ff fec0 	bl	8000e7c <vPortEnableVFP>
	*( portFPCCR ) |= portASPEN_AND_LSPEN_BITS;
 80010fc:	f8d4 3f34 	ldr.w	r3, [r4, #3892]	@ 0xf34
 8001100:	f043 4340 	orr.w	r3, r3, #3221225472	@ 0xc0000000
 8001104:	f8c4 3f34 	str.w	r3, [r4, #3892]	@ 0xf34
	prvPortStartFirstTask();
 8001108:	f7ff fea4 	bl	8000e54 <prvPortStartFirstTask>
	vTaskSwitchContext();
 800110c:	f003 faf2 	bl	80046f4 <vTaskSwitchContext>
	prvTaskExitError();
 8001110:	f7ff fe80 	bl	8000e14 <prvTaskExitError>
}
 8001114:	2000      	movs	r0, #0
 8001116:	b002      	add	sp, #8
 8001118:	bd10      	pop	{r4, pc}
 800111a:	bf00      	nop
 800111c:	410fc271 	.word	0x410fc271
 8001120:	410fc270 	.word	0x410fc270
 8001124:	e000e400 	.word	0xe000e400
 8001128:	20004ae0 	.word	0x20004ae0
 800112c:	20004adc 	.word	0x20004adc
 8001130:	2000000c 	.word	0x2000000c

08001134 <vPortValidateInterruptPriority>:
	{
	uint32_t ulCurrentInterrupt;
	uint8_t ucCurrentPriority;

		/* Obtain the number of the currently executing interrupt. */
		__asm volatile( "mrs %0, ipsr" : "=r"( ulCurrentInterrupt ) :: "memory" );
 8001134:	f3ef 8305 	mrs	r3, IPSR

		/* Is the interrupt number a user defined interrupt? */
		if( ulCurrentInterrupt >= portFIRST_USER_INTERRUPT_NUMBER )
 8001138:	2b0f      	cmp	r3, #15
 800113a:	d90e      	bls.n	800115a <vPortValidateInterruptPriority+0x26>
		{
			/* Look up the interrupt's priority. */
			ucCurrentPriority = pcInterruptPriorityRegisters[ ulCurrentInterrupt ];
 800113c:	4a11      	ldr	r2, [pc, #68]	@ (8001184 <vPortValidateInterruptPriority+0x50>)
 800113e:	5c9a      	ldrb	r2, [r3, r2]
			interrupt entry is as fast and simple as possible.

			The following links provide detailed information:
			http://www.freertos.org/RTOS-Cortex-M3-M4.html
			http://www.freertos.org/FAQHelp.html */
			configASSERT( ucCurrentPriority >= ucMaxSysCallPriority );
 8001140:	4b11      	ldr	r3, [pc, #68]	@ (8001188 <vPortValidateInterruptPriority+0x54>)
 8001142:	781b      	ldrb	r3, [r3, #0]
 8001144:	429a      	cmp	r2, r3
 8001146:	d208      	bcs.n	800115a <vPortValidateInterruptPriority+0x26>
 8001148:	f04f 0350 	mov.w	r3, #80	@ 0x50
 800114c:	f383 8811 	msr	BASEPRI, r3
 8001150:	f3bf 8f6f 	isb	sy
 8001154:	f3bf 8f4f 	dsb	sy
 8001158:	e7fe      	b.n	8001158 <vPortValidateInterruptPriority+0x24>
		configuration then the correct setting can be achieved on all Cortex-M
		devices by calling NVIC_SetPriorityGrouping( 0 ); before starting the
		scheduler.  Note however that some vendor specific peripheral libraries
		assume a non-zero priority group setting, in which cases using a value
		of zero will result in unpredictable behaviour. */
		configASSERT( ( portAIRCR_REG & portPRIORITY_GROUP_MASK ) <= ulMaxPRIGROUPValue );
 800115a:	f04f 23e0 	mov.w	r3, #3758153728	@ 0xe000e000
 800115e:	f8d3 3d0c 	ldr.w	r3, [r3, #3340]	@ 0xd0c
 8001162:	f403 63e0 	and.w	r3, r3, #1792	@ 0x700
 8001166:	4a09      	ldr	r2, [pc, #36]	@ (800118c <vPortValidateInterruptPriority+0x58>)
 8001168:	6812      	ldr	r2, [r2, #0]
 800116a:	4293      	cmp	r3, r2
 800116c:	d908      	bls.n	8001180 <vPortValidateInterruptPriority+0x4c>
 800116e:	f04f 0350 	mov.w	r3, #80	@ 0x50
 8001172:	f383 8811 	msr	BASEPRI, r3
 8001176:	f3bf 8f6f 	isb	sy
 800117a:	f3bf 8f4f 	dsb	sy
 800117e:	e7fe      	b.n	800117e <vPortValidateInterruptPriority+0x4a>
	}
 8001180:	4770      	bx	lr
 8001182:	bf00      	nop
 8001184:	e000e3f0 	.word	0xe000e3f0
 8001188:	20004ae0 	.word	0x20004ae0
 800118c:	20004adc 	.word	0x20004adc

08001190 <prvGetDisinheritPriorityAfterTimeout>:
/*-----------------------------------------------------------*/

#if( configUSE_MUTEXES == 1 )

	static UBaseType_t prvGetDisinheritPriorityAfterTimeout( const Queue_t * const pxQueue )
	{
 8001190:	4603      	mov	r3, r0
		priority, but the waiting task times out, then the holder should
		disinherit the priority - but only down to the highest priority of any
		other tasks that are waiting for the same mutex.  For this purpose,
		return the priority of the highest priority task that is waiting for the
		mutex. */
		if( listCURRENT_LIST_LENGTH( &( pxQueue->xTasksWaitingToReceive ) ) > 0U )
 8001192:	6a40      	ldr	r0, [r0, #36]	@ 0x24
 8001194:	b118      	cbz	r0, 800119e <prvGetDisinheritPriorityAfterTimeout+0xe>
		{
			uxHighestPriorityOfWaitingTasks = ( UBaseType_t ) configMAX_PRIORITIES - ( UBaseType_t ) listGET_ITEM_VALUE_OF_HEAD_ENTRY( &( pxQueue->xTasksWaitingToReceive ) );
 8001196:	6b1b      	ldr	r3, [r3, #48]	@ 0x30
 8001198:	6818      	ldr	r0, [r3, #0]
 800119a:	f1c0 0007 	rsb	r0, r0, #7
		{
			uxHighestPriorityOfWaitingTasks = tskIDLE_PRIORITY;
		}

		return uxHighestPriorityOfWaitingTasks;
	}
 800119e:	4770      	bx	lr

080011a0 <prvIsQueueFull>:
	return xReturn;
} /*lint !e818 xQueue could not be pointer to const because it is a typedef. */
/*-----------------------------------------------------------*/

static BaseType_t prvIsQueueFull( const Queue_t *pxQueue )
{
 80011a0:	b510      	push	{r4, lr}
 80011a2:	4604      	mov	r4, r0
BaseType_t xReturn;

	taskENTER_CRITICAL();
 80011a4:	f7ff fe9e 	bl	8000ee4 <vPortEnterCritical>
	{
		if( pxQueue->uxMessagesWaiting == pxQueue->uxLength )
 80011a8:	6ba2      	ldr	r2, [r4, #56]	@ 0x38
 80011aa:	6be3      	ldr	r3, [r4, #60]	@ 0x3c
 80011ac:	429a      	cmp	r2, r3
 80011ae:	d004      	beq.n	80011ba <prvIsQueueFull+0x1a>
		{
			xReturn = pdTRUE;
		}
		else
		{
			xReturn = pdFALSE;
 80011b0:	2400      	movs	r4, #0
		}
	}
	taskEXIT_CRITICAL();
 80011b2:	f7ff feb9 	bl	8000f28 <vPortExitCritical>

	return xReturn;
}
 80011b6:	4620      	mov	r0, r4
 80011b8:	bd10      	pop	{r4, pc}
			xReturn = pdTRUE;
 80011ba:	2401      	movs	r4, #1
 80011bc:	e7f9      	b.n	80011b2 <prvIsQueueFull+0x12>

080011be <prvIsQueueEmpty>:
{
 80011be:	b510      	push	{r4, lr}
 80011c0:	4604      	mov	r4, r0
	taskENTER_CRITICAL();
 80011c2:	f7ff fe8f 	bl	8000ee4 <vPortEnterCritical>
		if( pxQueue->uxMessagesWaiting == ( UBaseType_t )  0 )
 80011c6:	6ba3      	ldr	r3, [r4, #56]	@ 0x38
 80011c8:	b92b      	cbnz	r3, 80011d6 <prvIsQueueEmpty+0x18>
			xReturn = pdTRUE;
 80011ca:	2301      	movs	r3, #1
 80011cc:	461c      	mov	r4, r3
	taskEXIT_CRITICAL();
 80011ce:	f7ff feab 	bl	8000f28 <vPortExitCritical>
}
 80011d2:	4620      	mov	r0, r4
 80011d4:	bd10      	pop	{r4, pc}
			xReturn = pdFALSE;
 80011d6:	2300      	movs	r3, #0
 80011d8:	461c      	mov	r4, r3
 80011da:	e7f8      	b.n	80011ce <prvIsQueueEmpty+0x10>

080011dc <prvCopyDataToQueue>:
{
 80011dc:	b570      	push	{r4, r5, r6, lr}
 80011de:	4604      	mov	r4, r0
 80011e0:	4616      	mov	r6, r2
	uxMessagesWaiting = pxQueue->uxMessagesWaiting;
 80011e2:	6b85      	ldr	r5, [r0, #56]	@ 0x38
	if( pxQueue->uxItemSize == ( UBaseType_t ) 0 )
 80011e4:	6c02      	ldr	r2, [r0, #64]	@ 0x40
 80011e6:	b95a      	cbnz	r2, 8001200 <prvCopyDataToQueue+0x24>
			if( pxQueue->uxQueueType == queueQUEUE_IS_MUTEX )
 80011e8:	6803      	ldr	r3, [r0, #0]
 80011ea:	b11b      	cbz	r3, 80011f4 <prvCopyDataToQueue+0x18>
BaseType_t xReturn = pdFALSE;
 80011ec:	2000      	movs	r0, #0
	pxQueue->uxMessagesWaiting = uxMessagesWaiting + ( UBaseType_t ) 1;
 80011ee:	3501      	adds	r5, #1
 80011f0:	63a5      	str	r5, [r4, #56]	@ 0x38
}
 80011f2:	bd70      	pop	{r4, r5, r6, pc}
				xReturn = xTaskPriorityDisinherit( pxQueue->u.xSemaphore.xMutexHolder );
 80011f4:	6880      	ldr	r0, [r0, #8]
 80011f6:	f003 fbeb 	bl	80049d0 <xTaskPriorityDisinherit>
				pxQueue->u.xSemaphore.xMutexHolder = NULL;
 80011fa:	2300      	movs	r3, #0
 80011fc:	60a3      	str	r3, [r4, #8]
 80011fe:	e7f6      	b.n	80011ee <prvCopyDataToQueue+0x12>
	else if( xPosition == queueSEND_TO_BACK )
 8001200:	b96e      	cbnz	r6, 800121e <prvCopyDataToQueue+0x42>
		( void ) memcpy( ( void * ) pxQueue->pcWriteTo, pvItemToQueue, ( size_t ) pxQueue->uxItemSize ); /*lint !e961 !e418 !e9087 MISRA exception as the casts are only redundant for some ports, plus previous logic ensures a null pointer can only be passed to memcpy() if the copy size is 0.  Cast to void required by function signature and safe as no alignment requirement and copy length specified in bytes. */
 8001202:	6840      	ldr	r0, [r0, #4]
 8001204:	f003 fe5e 	bl	8004ec4 <memcpy>
		pxQueue->pcWriteTo += pxQueue->uxItemSize; /*lint !e9016 Pointer arithmetic on char types ok, especially in this use case where it is the clearest way of conveying intent. */
 8001208:	6863      	ldr	r3, [r4, #4]
 800120a:	6c22      	ldr	r2, [r4, #64]	@ 0x40
 800120c:	4413      	add	r3, r2
 800120e:	6063      	str	r3, [r4, #4]
		if( pxQueue->pcWriteTo >= pxQueue->u.xQueue.pcTail ) /*lint !e946 MISRA exception justified as comparison of pointers is the cleanest solution. */
 8001210:	68a2      	ldr	r2, [r4, #8]
 8001212:	4293      	cmp	r3, r2
 8001214:	d319      	bcc.n	800124a <prvCopyDataToQueue+0x6e>
			pxQueue->pcWriteTo = pxQueue->pcHead;
 8001216:	6823      	ldr	r3, [r4, #0]
 8001218:	6063      	str	r3, [r4, #4]
BaseType_t xReturn = pdFALSE;
 800121a:	4630      	mov	r0, r6
 800121c:	e7e7      	b.n	80011ee <prvCopyDataToQueue+0x12>
		( void ) memcpy( ( void * ) pxQueue->u.xQueue.pcReadFrom, pvItemToQueue, ( size_t ) pxQueue->uxItemSize ); /*lint !e961 !e9087 !e418 MISRA exception as the casts are only redundant for some ports.  Cast to void required by function signature and safe as no alignment requirement and copy length specified in bytes.  Assert checks null pointer only used when length is 0. */
 800121e:	68c0      	ldr	r0, [r0, #12]
 8001220:	f003 fe50 	bl	8004ec4 <memcpy>
		pxQueue->u.xQueue.pcReadFrom -= pxQueue->uxItemSize;
 8001224:	68e3      	ldr	r3, [r4, #12]
 8001226:	6c22      	ldr	r2, [r4, #64]	@ 0x40
 8001228:	4251      	negs	r1, r2
 800122a:	1a9b      	subs	r3, r3, r2
 800122c:	60e3      	str	r3, [r4, #12]
		if( pxQueue->u.xQueue.pcReadFrom < pxQueue->pcHead ) /*lint !e946 MISRA exception justified as comparison of pointers is the cleanest solution. */
 800122e:	6822      	ldr	r2, [r4, #0]
 8001230:	4293      	cmp	r3, r2
 8001232:	d202      	bcs.n	800123a <prvCopyDataToQueue+0x5e>
			pxQueue->u.xQueue.pcReadFrom = ( pxQueue->u.xQueue.pcTail - pxQueue->uxItemSize );
 8001234:	68a3      	ldr	r3, [r4, #8]
 8001236:	440b      	add	r3, r1
 8001238:	60e3      	str	r3, [r4, #12]
		if( xPosition == queueOVERWRITE )
 800123a:	2e02      	cmp	r6, #2
 800123c:	d001      	beq.n	8001242 <prvCopyDataToQueue+0x66>
BaseType_t xReturn = pdFALSE;
 800123e:	2000      	movs	r0, #0
 8001240:	e7d5      	b.n	80011ee <prvCopyDataToQueue+0x12>
			if( uxMessagesWaiting > ( UBaseType_t ) 0 )
 8001242:	b125      	cbz	r5, 800124e <prvCopyDataToQueue+0x72>
				--uxMessagesWaiting;
 8001244:	3d01      	subs	r5, #1
BaseType_t xReturn = pdFALSE;
 8001246:	2000      	movs	r0, #0
 8001248:	e7d1      	b.n	80011ee <prvCopyDataToQueue+0x12>
 800124a:	4630      	mov	r0, r6
 800124c:	e7cf      	b.n	80011ee <prvCopyDataToQueue+0x12>
 800124e:	4628      	mov	r0, r5
 8001250:	e7cd      	b.n	80011ee <prvCopyDataToQueue+0x12>

08001252 <prvCopyDataFromQueue>:
{
 8001252:	4603      	mov	r3, r0
	if( pxQueue->uxItemSize != ( UBaseType_t ) 0 )
 8001254:	6c02      	ldr	r2, [r0, #64]	@ 0x40
 8001256:	b16a      	cbz	r2, 8001274 <prvCopyDataFromQueue+0x22>
{
 8001258:	b510      	push	{r4, lr}
 800125a:	4608      	mov	r0, r1
		pxQueue->u.xQueue.pcReadFrom += pxQueue->uxItemSize; /*lint !e9016 Pointer arithmetic on char types ok, especially in this use case where it is the clearest way of conveying intent. */
 800125c:	68d9      	ldr	r1, [r3, #12]
 800125e:	4411      	add	r1, r2
 8001260:	60d9      	str	r1, [r3, #12]
		if( pxQueue->u.xQueue.pcReadFrom >= pxQueue->u.xQueue.pcTail ) /*lint !e946 MISRA exception justified as use of the relational operator is the cleanest solutions. */
 8001262:	689c      	ldr	r4, [r3, #8]
 8001264:	42a1      	cmp	r1, r4
 8001266:	d301      	bcc.n	800126c <prvCopyDataFromQueue+0x1a>
			pxQueue->u.xQueue.pcReadFrom = pxQueue->pcHead;
 8001268:	6819      	ldr	r1, [r3, #0]
 800126a:	60d9      	str	r1, [r3, #12]
		( void ) memcpy( ( void * ) pvBuffer, ( void * ) pxQueue->u.xQueue.pcReadFrom, ( size_t ) pxQueue->uxItemSize ); /*lint !e961 !e418 !e9087 MISRA exception as the casts are only redundant for some ports.  Also previous logic ensures a null pointer can only be passed to memcpy() when the count is 0.  Cast to void required by function signature and safe as no alignment requirement and copy length specified in bytes. */
 800126c:	68d9      	ldr	r1, [r3, #12]
 800126e:	f003 fe29 	bl	8004ec4 <memcpy>
}
 8001272:	bd10      	pop	{r4, pc}
 8001274:	4770      	bx	lr

08001276 <prvUnlockQueue>:
{
 8001276:	b538      	push	{r3, r4, r5, lr}
 8001278:	4605      	mov	r5, r0
	taskENTER_CRITICAL();
 800127a:	f7ff fe33 	bl	8000ee4 <vPortEnterCritical>
		int8_t cTxLock = pxQueue->cTxLock;
 800127e:	f895 4045 	ldrb.w	r4, [r5, #69]	@ 0x45
 8001282:	b264      	sxtb	r4, r4
		while( cTxLock > queueLOCKED_UNMODIFIED )
 8001284:	e001      	b.n	800128a <prvUnlockQueue+0x14>
			--cTxLock;
 8001286:	3c01      	subs	r4, #1
 8001288:	b264      	sxtb	r4, r4
		while( cTxLock > queueLOCKED_UNMODIFIED )
 800128a:	2c00      	cmp	r4, #0
 800128c:	dd0a      	ble.n	80012a4 <prvUnlockQueue+0x2e>
				if( listLIST_IS_EMPTY( &( pxQueue->xTasksWaitingToReceive ) ) == pdFALSE )
 800128e:	6a6b      	ldr	r3, [r5, #36]	@ 0x24
 8001290:	b143      	cbz	r3, 80012a4 <prvUnlockQueue+0x2e>
					if( xTaskRemoveFromEventList( &( pxQueue->xTasksWaitingToReceive ) ) != pdFALSE )
 8001292:	f105 0024 	add.w	r0, r5, #36	@ 0x24
 8001296:	f003 fa91 	bl	80047bc <xTaskRemoveFromEventList>
 800129a:	2800      	cmp	r0, #0
 800129c:	d0f3      	beq.n	8001286 <prvUnlockQueue+0x10>
						vTaskMissedYield();
 800129e:	f003 fb25 	bl	80048ec <vTaskMissedYield>
 80012a2:	e7f0      	b.n	8001286 <prvUnlockQueue+0x10>
		pxQueue->cTxLock = queueUNLOCKED;
 80012a4:	23ff      	movs	r3, #255	@ 0xff
 80012a6:	f885 3045 	strb.w	r3, [r5, #69]	@ 0x45
	taskEXIT_CRITICAL();
 80012aa:	f7ff fe3d 	bl	8000f28 <vPortExitCritical>
	taskENTER_CRITICAL();
 80012ae:	f7ff fe19 	bl	8000ee4 <vPortEnterCritical>
		int8_t cRxLock = pxQueue->cRxLock;
 80012b2:	f895 4044 	ldrb.w	r4, [r5, #68]	@ 0x44
 80012b6:	b264      	sxtb	r4, r4
		while( cRxLock > queueLOCKED_UNMODIFIED )
 80012b8:	e001      	b.n	80012be <prvUnlockQueue+0x48>
				--cRxLock;
 80012ba:	3c01      	subs	r4, #1
 80012bc:	b264      	sxtb	r4, r4
		while( cRxLock > queueLOCKED_UNMODIFIED )
 80012be:	2c00      	cmp	r4, #0
 80012c0:	dd0a      	ble.n	80012d8 <prvUnlockQueue+0x62>
			if( listLIST_IS_EMPTY( &( pxQueue->xTasksWaitingToSend ) ) == pdFALSE )
 80012c2:	692b      	ldr	r3, [r5, #16]
 80012c4:	b143      	cbz	r3, 80012d8 <prvUnlockQueue+0x62>
				if( xTaskRemoveFromEventList( &( pxQueue->xTasksWaitingToSend ) ) != pdFALSE )
 80012c6:	f105 0010 	add.w	r0, r5, #16
 80012ca:	f003 fa77 	bl	80047bc <xTaskRemoveFromEventList>
 80012ce:	2800      	cmp	r0, #0
 80012d0:	d0f3      	beq.n	80012ba <prvUnlockQueue+0x44>
					vTaskMissedYield();
 80012d2:	f003 fb0b 	bl	80048ec <vTaskMissedYield>
 80012d6:	e7f0      	b.n	80012ba <prvUnlockQueue+0x44>
		pxQueue->cRxLock = queueUNLOCKED;
 80012d8:	23ff      	movs	r3, #255	@ 0xff
 80012da:	f885 3044 	strb.w	r3, [r5, #68]	@ 0x44
	taskEXIT_CRITICAL();
 80012de:	f7ff fe23 	bl	8000f28 <vPortExitCritical>
}
 80012e2:	bd38      	pop	{r3, r4, r5, pc}

080012e4 <xQueueGenericSend>:
{
 80012e4:	b5f0      	push	{r4, r5, r6, r7, lr}
 80012e6:	b085      	sub	sp, #20
 80012e8:	9201      	str	r2, [sp, #4]
	configASSERT( pxQueue );
 80012ea:	b188      	cbz	r0, 8001310 <xQueueGenericSend+0x2c>
 80012ec:	460f      	mov	r7, r1
 80012ee:	461d      	mov	r5, r3
 80012f0:	4604      	mov	r4, r0
	configASSERT( !( ( pvItemToQueue == NULL ) && ( pxQueue->uxItemSize != ( UBaseType_t ) 0U ) ) );
 80012f2:	b1b1      	cbz	r1, 8001322 <xQueueGenericSend+0x3e>
	configASSERT( !( ( xCopyPosition == queueOVERWRITE ) && ( pxQueue->uxLength != 1 ) ) );
 80012f4:	2d02      	cmp	r5, #2
 80012f6:	d120      	bne.n	800133a <xQueueGenericSend+0x56>
 80012f8:	6be3      	ldr	r3, [r4, #60]	@ 0x3c
 80012fa:	2b01      	cmp	r3, #1
 80012fc:	d01d      	beq.n	800133a <xQueueGenericSend+0x56>
 80012fe:	f04f 0350 	mov.w	r3, #80	@ 0x50
 8001302:	f383 8811 	msr	BASEPRI, r3
 8001306:	f3bf 8f6f 	isb	sy
 800130a:	f3bf 8f4f 	dsb	sy
 800130e:	e7fe      	b.n	800130e <xQueueGenericSend+0x2a>
 8001310:	f04f 0350 	mov.w	r3, #80	@ 0x50
 8001314:	f383 8811 	msr	BASEPRI, r3
 8001318:	f3bf 8f6f 	isb	sy
 800131c:	f3bf 8f4f 	dsb	sy
	configASSERT( pxQueue );
 8001320:	e7fe      	b.n	8001320 <xQueueGenericSend+0x3c>
	configASSERT( !( ( pvItemToQueue == NULL ) && ( pxQueue->uxItemSize != ( UBaseType_t ) 0U ) ) );
 8001322:	6c03      	ldr	r3, [r0, #64]	@ 0x40
 8001324:	2b00      	cmp	r3, #0
 8001326:	d0e5      	beq.n	80012f4 <xQueueGenericSend+0x10>
 8001328:	f04f 0350 	mov.w	r3, #80	@ 0x50
 800132c:	f383 8811 	msr	BASEPRI, r3
 8001330:	f3bf 8f6f 	isb	sy
 8001334:	f3bf 8f4f 	dsb	sy
 8001338:	e7fe      	b.n	8001338 <xQueueGenericSend+0x54>
		configASSERT( !( ( xTaskGetSchedulerState() == taskSCHEDULER_SUSPENDED ) && ( xTicksToWait != 0 ) ) );
 800133a:	f003 fae3 	bl	8004904 <xTaskGetSchedulerState>
 800133e:	4606      	mov	r6, r0
 8001340:	b958      	cbnz	r0, 800135a <xQueueGenericSend+0x76>
 8001342:	9b01      	ldr	r3, [sp, #4]
 8001344:	2b00      	cmp	r3, #0
 8001346:	d048      	beq.n	80013da <xQueueGenericSend+0xf6>
 8001348:	f04f 0350 	mov.w	r3, #80	@ 0x50
 800134c:	f383 8811 	msr	BASEPRI, r3
 8001350:	f3bf 8f6f 	isb	sy
 8001354:	f3bf 8f4f 	dsb	sy
 8001358:	e7fe      	b.n	8001358 <xQueueGenericSend+0x74>
 800135a:	2600      	movs	r6, #0
 800135c:	e03d      	b.n	80013da <xQueueGenericSend+0xf6>
					xYieldRequired = prvCopyDataToQueue( pxQueue, pvItemToQueue, xCopyPosition );
 800135e:	462a      	mov	r2, r5
 8001360:	4639      	mov	r1, r7
 8001362:	4620      	mov	r0, r4
 8001364:	f7ff ff3a 	bl	80011dc <prvCopyDataToQueue>
					if( listLIST_IS_EMPTY( &( pxQueue->xTasksWaitingToReceive ) ) == pdFALSE )
 8001368:	6a63      	ldr	r3, [r4, #36]	@ 0x24
 800136a:	b97b      	cbnz	r3, 800138c <xQueueGenericSend+0xa8>
					else if( xYieldRequired != pdFALSE )
 800136c:	b148      	cbz	r0, 8001382 <xQueueGenericSend+0x9e>
						queueYIELD_IF_USING_PREEMPTION();
 800136e:	f04f 23e0 	mov.w	r3, #3758153728	@ 0xe000e000
 8001372:	f04f 5280 	mov.w	r2, #268435456	@ 0x10000000
 8001376:	f8c3 2d04 	str.w	r2, [r3, #3332]	@ 0xd04
 800137a:	f3bf 8f4f 	dsb	sy
 800137e:	f3bf 8f6f 	isb	sy
				taskEXIT_CRITICAL();
 8001382:	f7ff fdd1 	bl	8000f28 <vPortExitCritical>
				return pdPASS;
 8001386:	2001      	movs	r0, #1
}
 8001388:	b005      	add	sp, #20
 800138a:	bdf0      	pop	{r4, r5, r6, r7, pc}
						if( xTaskRemoveFromEventList( &( pxQueue->xTasksWaitingToReceive ) ) != pdFALSE )
 800138c:	f104 0024 	add.w	r0, r4, #36	@ 0x24
 8001390:	f003 fa14 	bl	80047bc <xTaskRemoveFromEventList>
 8001394:	2800      	cmp	r0, #0
 8001396:	d0f4      	beq.n	8001382 <xQueueGenericSend+0x9e>
							queueYIELD_IF_USING_PREEMPTION();
 8001398:	f04f 23e0 	mov.w	r3, #3758153728	@ 0xe000e000
 800139c:	f04f 5280 	mov.w	r2, #268435456	@ 0x10000000
 80013a0:	f8c3 2d04 	str.w	r2, [r3, #3332]	@ 0xd04
 80013a4:	f3bf 8f4f 	dsb	sy
 80013a8:	f3bf 8f6f 	isb	sy
 80013ac:	e7e9      	b.n	8001382 <xQueueGenericSend+0x9e>
					taskEXIT_CRITICAL();
 80013ae:	f7ff fdbb 	bl	8000f28 <vPortExitCritical>
					return errQUEUE_FULL;
 80013b2:	2000      	movs	r0, #0
 80013b4:	e7e8      	b.n	8001388 <xQueueGenericSend+0xa4>
					vTaskInternalSetTimeOutState( &xTimeOut );
 80013b6:	a802      	add	r0, sp, #8
 80013b8:	f003 fa48 	bl	800484c <vTaskInternalSetTimeOutState>
					xEntryTimeSet = pdTRUE;
 80013bc:	2601      	movs	r6, #1
 80013be:	e019      	b.n	80013f4 <xQueueGenericSend+0x110>
		prvLockQueue( pxQueue );
 80013c0:	2300      	movs	r3, #0
 80013c2:	f884 3044 	strb.w	r3, [r4, #68]	@ 0x44
 80013c6:	e021      	b.n	800140c <xQueueGenericSend+0x128>
 80013c8:	2300      	movs	r3, #0
 80013ca:	f884 3045 	strb.w	r3, [r4, #69]	@ 0x45
 80013ce:	e023      	b.n	8001418 <xQueueGenericSend+0x134>
				prvUnlockQueue( pxQueue );
 80013d0:	4620      	mov	r0, r4
 80013d2:	f7ff ff50 	bl	8001276 <prvUnlockQueue>
				( void ) xTaskResumeAll();
 80013d6:	f003 f8eb 	bl	80045b0 <xTaskResumeAll>
		taskENTER_CRITICAL();
 80013da:	f7ff fd83 	bl	8000ee4 <vPortEnterCritical>
			if( ( pxQueue->uxMessagesWaiting < pxQueue->uxLength ) || ( xCopyPosition == queueOVERWRITE ) )
 80013de:	6ba2      	ldr	r2, [r4, #56]	@ 0x38
 80013e0:	6be3      	ldr	r3, [r4, #60]	@ 0x3c
 80013e2:	429a      	cmp	r2, r3
 80013e4:	d3bb      	bcc.n	800135e <xQueueGenericSend+0x7a>
 80013e6:	2d02      	cmp	r5, #2
 80013e8:	d0b9      	beq.n	800135e <xQueueGenericSend+0x7a>
				if( xTicksToWait == ( TickType_t ) 0 )
 80013ea:	9b01      	ldr	r3, [sp, #4]
 80013ec:	2b00      	cmp	r3, #0
 80013ee:	d0de      	beq.n	80013ae <xQueueGenericSend+0xca>
				else if( xEntryTimeSet == pdFALSE )
 80013f0:	2e00      	cmp	r6, #0
 80013f2:	d0e0      	beq.n	80013b6 <xQueueGenericSend+0xd2>
		taskEXIT_CRITICAL();
 80013f4:	f7ff fd98 	bl	8000f28 <vPortExitCritical>
		vTaskSuspendAll();
 80013f8:	f003 f840 	bl	800447c <vTaskSuspendAll>
		prvLockQueue( pxQueue );
 80013fc:	f7ff fd72 	bl	8000ee4 <vPortEnterCritical>
 8001400:	f894 2044 	ldrb.w	r2, [r4, #68]	@ 0x44
 8001404:	b252      	sxtb	r2, r2
 8001406:	f1b2 3fff 	cmp.w	r2, #4294967295
 800140a:	d0d9      	beq.n	80013c0 <xQueueGenericSend+0xdc>
 800140c:	f894 2045 	ldrb.w	r2, [r4, #69]	@ 0x45
 8001410:	b252      	sxtb	r2, r2
 8001412:	f1b2 3fff 	cmp.w	r2, #4294967295
 8001416:	d0d7      	beq.n	80013c8 <xQueueGenericSend+0xe4>
 8001418:	f7ff fd86 	bl	8000f28 <vPortExitCritical>
		if( xTaskCheckForTimeOut( &xTimeOut, &xTicksToWait ) == pdFALSE )
 800141c:	a901      	add	r1, sp, #4
 800141e:	a802      	add	r0, sp, #8
 8001420:	f003 fa20 	bl	8004864 <xTaskCheckForTimeOut>
 8001424:	b9d8      	cbnz	r0, 800145e <xQueueGenericSend+0x17a>
			if( prvIsQueueFull( pxQueue ) != pdFALSE )
 8001426:	4620      	mov	r0, r4
 8001428:	f7ff feba 	bl	80011a0 <prvIsQueueFull>
 800142c:	2800      	cmp	r0, #0
 800142e:	d0cf      	beq.n	80013d0 <xQueueGenericSend+0xec>
				vTaskPlaceOnEventList( &( pxQueue->xTasksWaitingToSend ), xTicksToWait );
 8001430:	9901      	ldr	r1, [sp, #4]
 8001432:	f104 0010 	add.w	r0, r4, #16
 8001436:	f003 f9a9 	bl	800478c <vTaskPlaceOnEventList>
				prvUnlockQueue( pxQueue );
 800143a:	4620      	mov	r0, r4
 800143c:	f7ff ff1b 	bl	8001276 <prvUnlockQueue>
				if( xTaskResumeAll() == pdFALSE )
 8001440:	f003 f8b6 	bl	80045b0 <xTaskResumeAll>
 8001444:	2800      	cmp	r0, #0
 8001446:	d1c8      	bne.n	80013da <xQueueGenericSend+0xf6>
					portYIELD_WITHIN_API();
 8001448:	f04f 23e0 	mov.w	r3, #3758153728	@ 0xe000e000
 800144c:	f04f 5280 	mov.w	r2, #268435456	@ 0x10000000
 8001450:	f8c3 2d04 	str.w	r2, [r3, #3332]	@ 0xd04
 8001454:	f3bf 8f4f 	dsb	sy
 8001458:	f3bf 8f6f 	isb	sy
 800145c:	e7bd      	b.n	80013da <xQueueGenericSend+0xf6>
			prvUnlockQueue( pxQueue );
 800145e:	4620      	mov	r0, r4
 8001460:	f7ff ff09 	bl	8001276 <prvUnlockQueue>
			( void ) xTaskResumeAll();
 8001464:	f003 f8a4 	bl	80045b0 <xTaskResumeAll>
			return errQUEUE_FULL;
 8001468:	2000      	movs	r0, #0
 800146a:	e78d      	b.n	8001388 <xQueueGenericSend+0xa4>

0800146c <xQueueGiveFromISR>:
	configASSERT( pxQueue );
 800146c:	b168      	cbz	r0, 800148a <xQueueGiveFromISR+0x1e>
{
 800146e:	b570      	push	{r4, r5, r6, lr}
 8001470:	460d      	mov	r5, r1
 8001472:	4604      	mov	r4, r0
	configASSERT( pxQueue->uxItemSize == 0 );
 8001474:	6c03      	ldr	r3, [r0, #64]	@ 0x40
 8001476:	b18b      	cbz	r3, 800149c <xQueueGiveFromISR+0x30>
 8001478:	f04f 0350 	mov.w	r3, #80	@ 0x50
 800147c:	f383 8811 	msr	BASEPRI, r3
 8001480:	f3bf 8f6f 	isb	sy
 8001484:	f3bf 8f4f 	dsb	sy
 8001488:	e7fe      	b.n	8001488 <xQueueGiveFromISR+0x1c>
 800148a:	f04f 0350 	mov.w	r3, #80	@ 0x50
 800148e:	f383 8811 	msr	BASEPRI, r3
 8001492:	f3bf 8f6f 	isb	sy
 8001496:	f3bf 8f4f 	dsb	sy
	configASSERT( pxQueue );
 800149a:	e7fe      	b.n	800149a <xQueueGiveFromISR+0x2e>
	configASSERT( !( ( pxQueue->uxQueueType == queueQUEUE_IS_MUTEX ) && ( pxQueue->u.xSemaphore.xMutexHolder != NULL ) ) );
 800149c:	6803      	ldr	r3, [r0, #0]
 800149e:	b1f3      	cbz	r3, 80014de <xQueueGiveFromISR+0x72>
	portASSERT_IF_INTERRUPT_PRIORITY_INVALID();
 80014a0:	f7ff fe48 	bl	8001134 <vPortValidateInterruptPriority>
	__asm volatile
 80014a4:	f3ef 8311 	mrs	r3, BASEPRI
 80014a8:	f04f 0250 	mov.w	r2, #80	@ 0x50
 80014ac:	f382 8811 	msr	BASEPRI, r2
 80014b0:	f3bf 8f6f 	isb	sy
 80014b4:	f3bf 8f4f 	dsb	sy
 80014b8:	461e      	mov	r6, r3
		const UBaseType_t uxMessagesWaiting = pxQueue->uxMessagesWaiting;
 80014ba:	6ba2      	ldr	r2, [r4, #56]	@ 0x38
		if( uxMessagesWaiting < pxQueue->uxLength )
 80014bc:	6be3      	ldr	r3, [r4, #60]	@ 0x3c
 80014be:	4293      	cmp	r3, r2
 80014c0:	d926      	bls.n	8001510 <xQueueGiveFromISR+0xa4>
			const int8_t cTxLock = pxQueue->cTxLock;
 80014c2:	f894 3045 	ldrb.w	r3, [r4, #69]	@ 0x45
 80014c6:	b25b      	sxtb	r3, r3
			pxQueue->uxMessagesWaiting = uxMessagesWaiting + ( UBaseType_t ) 1;
 80014c8:	3201      	adds	r2, #1
 80014ca:	63a2      	str	r2, [r4, #56]	@ 0x38
			if( cTxLock == queueUNLOCKED )
 80014cc:	f1b3 3fff 	cmp.w	r3, #4294967295
 80014d0:	d011      	beq.n	80014f6 <xQueueGiveFromISR+0x8a>
				pxQueue->cTxLock = ( int8_t ) ( cTxLock + 1 );
 80014d2:	3301      	adds	r3, #1
 80014d4:	b25b      	sxtb	r3, r3
 80014d6:	f884 3045 	strb.w	r3, [r4, #69]	@ 0x45
			xReturn = pdPASS;
 80014da:	2001      	movs	r0, #1
 80014dc:	e019      	b.n	8001512 <xQueueGiveFromISR+0xa6>
	configASSERT( !( ( pxQueue->uxQueueType == queueQUEUE_IS_MUTEX ) && ( pxQueue->u.xSemaphore.xMutexHolder != NULL ) ) );
 80014de:	6883      	ldr	r3, [r0, #8]
 80014e0:	2b00      	cmp	r3, #0
 80014e2:	d0dd      	beq.n	80014a0 <xQueueGiveFromISR+0x34>
	__asm volatile
 80014e4:	f04f 0350 	mov.w	r3, #80	@ 0x50
 80014e8:	f383 8811 	msr	BASEPRI, r3
 80014ec:	f3bf 8f6f 	isb	sy
 80014f0:	f3bf 8f4f 	dsb	sy
 80014f4:	e7fe      	b.n	80014f4 <xQueueGiveFromISR+0x88>
					if( listLIST_IS_EMPTY( &( pxQueue->xTasksWaitingToReceive ) ) == pdFALSE )
 80014f6:	6a63      	ldr	r3, [r4, #36]	@ 0x24
 80014f8:	b90b      	cbnz	r3, 80014fe <xQueueGiveFromISR+0x92>
			xReturn = pdPASS;
 80014fa:	2001      	movs	r0, #1
 80014fc:	e009      	b.n	8001512 <xQueueGiveFromISR+0xa6>
						if( xTaskRemoveFromEventList( &( pxQueue->xTasksWaitingToReceive ) ) != pdFALSE )
 80014fe:	f104 0024 	add.w	r0, r4, #36	@ 0x24
 8001502:	f003 f95b 	bl	80047bc <xTaskRemoveFromEventList>
 8001506:	b138      	cbz	r0, 8001518 <xQueueGiveFromISR+0xac>
							if( pxHigherPriorityTaskWoken != NULL )
 8001508:	b145      	cbz	r5, 800151c <xQueueGiveFromISR+0xb0>
								*pxHigherPriorityTaskWoken = pdTRUE;
 800150a:	2001      	movs	r0, #1
 800150c:	6028      	str	r0, [r5, #0]
 800150e:	e000      	b.n	8001512 <xQueueGiveFromISR+0xa6>
			xReturn = errQUEUE_FULL;
 8001510:	2000      	movs	r0, #0
	__asm volatile
 8001512:	f386 8811 	msr	BASEPRI, r6
}
 8001516:	bd70      	pop	{r4, r5, r6, pc}
			xReturn = pdPASS;
 8001518:	2001      	movs	r0, #1
 800151a:	e7fa      	b.n	8001512 <xQueueGiveFromISR+0xa6>
 800151c:	2001      	movs	r0, #1
 800151e:	e7f8      	b.n	8001512 <xQueueGiveFromISR+0xa6>

08001520 <xQueueSemaphoreTake>:
{
 8001520:	b570      	push	{r4, r5, r6, lr}
 8001522:	b084      	sub	sp, #16
 8001524:	9101      	str	r1, [sp, #4]
	configASSERT( ( pxQueue ) );
 8001526:	b158      	cbz	r0, 8001540 <xQueueSemaphoreTake+0x20>
 8001528:	4604      	mov	r4, r0
	configASSERT( pxQueue->uxItemSize == 0 );
 800152a:	6c03      	ldr	r3, [r0, #64]	@ 0x40
 800152c:	b18b      	cbz	r3, 8001552 <xQueueSemaphoreTake+0x32>
	__asm volatile
 800152e:	f04f 0350 	mov.w	r3, #80	@ 0x50
 8001532:	f383 8811 	msr	BASEPRI, r3
 8001536:	f3bf 8f6f 	isb	sy
 800153a:	f3bf 8f4f 	dsb	sy
 800153e:	e7fe      	b.n	800153e <xQueueSemaphoreTake+0x1e>
 8001540:	f04f 0350 	mov.w	r3, #80	@ 0x50
 8001544:	f383 8811 	msr	BASEPRI, r3
 8001548:	f3bf 8f6f 	isb	sy
 800154c:	f3bf 8f4f 	dsb	sy
	configASSERT( ( pxQueue ) );
 8001550:	e7fe      	b.n	8001550 <xQueueSemaphoreTake+0x30>
		configASSERT( !( ( xTaskGetSchedulerState() == taskSCHEDULER_SUSPENDED ) && ( xTicksToWait != 0 ) ) );
 8001552:	f003 f9d7 	bl	8004904 <xTaskGetSchedulerState>
 8001556:	4605      	mov	r5, r0
 8001558:	b950      	cbnz	r0, 8001570 <xQueueSemaphoreTake+0x50>
 800155a:	9b01      	ldr	r3, [sp, #4]
 800155c:	b163      	cbz	r3, 8001578 <xQueueSemaphoreTake+0x58>
 800155e:	f04f 0350 	mov.w	r3, #80	@ 0x50
 8001562:	f383 8811 	msr	BASEPRI, r3
 8001566:	f3bf 8f6f 	isb	sy
 800156a:	f3bf 8f4f 	dsb	sy
 800156e:	e7fe      	b.n	800156e <xQueueSemaphoreTake+0x4e>
 8001570:	2300      	movs	r3, #0
 8001572:	461e      	mov	r6, r3
 8001574:	461d      	mov	r5, r3
 8001576:	e056      	b.n	8001626 <xQueueSemaphoreTake+0x106>
 8001578:	4606      	mov	r6, r0
 800157a:	e054      	b.n	8001626 <xQueueSemaphoreTake+0x106>
				pxQueue->uxMessagesWaiting = uxSemaphoreCount - ( UBaseType_t ) 1;
 800157c:	3b01      	subs	r3, #1
 800157e:	63a3      	str	r3, [r4, #56]	@ 0x38
					if( pxQueue->uxQueueType == queueQUEUE_IS_MUTEX )
 8001580:	6823      	ldr	r3, [r4, #0]
 8001582:	b143      	cbz	r3, 8001596 <xQueueSemaphoreTake+0x76>
				if( listLIST_IS_EMPTY( &( pxQueue->xTasksWaitingToSend ) ) == pdFALSE )
 8001584:	6923      	ldr	r3, [r4, #16]
 8001586:	b953      	cbnz	r3, 800159e <xQueueSemaphoreTake+0x7e>
				taskEXIT_CRITICAL();
 8001588:	f7ff fcce 	bl	8000f28 <vPortExitCritical>
				return pdPASS;
 800158c:	2301      	movs	r3, #1
 800158e:	461e      	mov	r6, r3
}
 8001590:	4630      	mov	r0, r6
 8001592:	b004      	add	sp, #16
 8001594:	bd70      	pop	{r4, r5, r6, pc}
						pxQueue->u.xSemaphore.xMutexHolder = pvTaskIncrementMutexHeldCount();
 8001596:	f003 facd 	bl	8004b34 <pvTaskIncrementMutexHeldCount>
 800159a:	60a0      	str	r0, [r4, #8]
 800159c:	e7f2      	b.n	8001584 <xQueueSemaphoreTake+0x64>
					if( xTaskRemoveFromEventList( &( pxQueue->xTasksWaitingToSend ) ) != pdFALSE )
 800159e:	f104 0010 	add.w	r0, r4, #16
 80015a2:	f003 f90b 	bl	80047bc <xTaskRemoveFromEventList>
 80015a6:	2800      	cmp	r0, #0
 80015a8:	d0ee      	beq.n	8001588 <xQueueSemaphoreTake+0x68>
						queueYIELD_IF_USING_PREEMPTION();
 80015aa:	f04f 23e0 	mov.w	r3, #3758153728	@ 0xe000e000
 80015ae:	f04f 5280 	mov.w	r2, #268435456	@ 0x10000000
 80015b2:	f8c3 2d04 	str.w	r2, [r3, #3332]	@ 0xd04
 80015b6:	f3bf 8f4f 	dsb	sy
 80015ba:	f3bf 8f6f 	isb	sy
 80015be:	e7e3      	b.n	8001588 <xQueueSemaphoreTake+0x68>
						configASSERT( xInheritanceOccurred == pdFALSE );
 80015c0:	b146      	cbz	r6, 80015d4 <xQueueSemaphoreTake+0xb4>
 80015c2:	f04f 0350 	mov.w	r3, #80	@ 0x50
 80015c6:	f383 8811 	msr	BASEPRI, r3
 80015ca:	f3bf 8f6f 	isb	sy
 80015ce:	f3bf 8f4f 	dsb	sy
 80015d2:	e7fe      	b.n	80015d2 <xQueueSemaphoreTake+0xb2>
					taskEXIT_CRITICAL();
 80015d4:	f7ff fca8 	bl	8000f28 <vPortExitCritical>
					return errQUEUE_EMPTY;
 80015d8:	e7da      	b.n	8001590 <xQueueSemaphoreTake+0x70>
					vTaskInternalSetTimeOutState( &xTimeOut );
 80015da:	a802      	add	r0, sp, #8
 80015dc:	f003 f936 	bl	800484c <vTaskInternalSetTimeOutState>
					xEntryTimeSet = pdTRUE;
 80015e0:	2501      	movs	r5, #1
 80015e2:	e02a      	b.n	800163a <xQueueSemaphoreTake+0x11a>
		prvLockQueue( pxQueue );
 80015e4:	2300      	movs	r3, #0
 80015e6:	f884 3044 	strb.w	r3, [r4, #68]	@ 0x44
 80015ea:	e032      	b.n	8001652 <xQueueSemaphoreTake+0x132>
 80015ec:	2300      	movs	r3, #0
 80015ee:	f884 3045 	strb.w	r3, [r4, #69]	@ 0x45
 80015f2:	e034      	b.n	800165e <xQueueSemaphoreTake+0x13e>
						taskENTER_CRITICAL();
 80015f4:	f7ff fc76 	bl	8000ee4 <vPortEnterCritical>
							xInheritanceOccurred = xTaskPriorityInherit( pxQueue->u.xSemaphore.xMutexHolder );
 80015f8:	68a0      	ldr	r0, [r4, #8]
 80015fa:	f003 f993 	bl	8004924 <xTaskPriorityInherit>
 80015fe:	4606      	mov	r6, r0
						taskEXIT_CRITICAL();
 8001600:	f7ff fc92 	bl	8000f28 <vPortExitCritical>
 8001604:	e03b      	b.n	800167e <xQueueSemaphoreTake+0x15e>
				prvUnlockQueue( pxQueue );
 8001606:	4620      	mov	r0, r4
 8001608:	f7ff fe35 	bl	8001276 <prvUnlockQueue>
				( void ) xTaskResumeAll();
 800160c:	f002 ffd0 	bl	80045b0 <xTaskResumeAll>
 8001610:	e009      	b.n	8001626 <xQueueSemaphoreTake+0x106>
			prvUnlockQueue( pxQueue );
 8001612:	4620      	mov	r0, r4
 8001614:	f7ff fe2f 	bl	8001276 <prvUnlockQueue>
			( void ) xTaskResumeAll();
 8001618:	f002 ffca 	bl	80045b0 <xTaskResumeAll>
			if( prvIsQueueEmpty( pxQueue ) != pdFALSE )
 800161c:	4620      	mov	r0, r4
 800161e:	f7ff fdce 	bl	80011be <prvIsQueueEmpty>
 8001622:	2800      	cmp	r0, #0
 8001624:	d142      	bne.n	80016ac <xQueueSemaphoreTake+0x18c>
		taskENTER_CRITICAL();
 8001626:	f7ff fc5d 	bl	8000ee4 <vPortEnterCritical>
			const UBaseType_t uxSemaphoreCount = pxQueue->uxMessagesWaiting;
 800162a:	6ba3      	ldr	r3, [r4, #56]	@ 0x38
			if( uxSemaphoreCount > ( UBaseType_t ) 0 )
 800162c:	2b00      	cmp	r3, #0
 800162e:	d1a5      	bne.n	800157c <xQueueSemaphoreTake+0x5c>
				if( xTicksToWait == ( TickType_t ) 0 )
 8001630:	9b01      	ldr	r3, [sp, #4]
 8001632:	2b00      	cmp	r3, #0
 8001634:	d0c4      	beq.n	80015c0 <xQueueSemaphoreTake+0xa0>
				else if( xEntryTimeSet == pdFALSE )
 8001636:	2d00      	cmp	r5, #0
 8001638:	d0cf      	beq.n	80015da <xQueueSemaphoreTake+0xba>
		taskEXIT_CRITICAL();
 800163a:	f7ff fc75 	bl	8000f28 <vPortExitCritical>
		vTaskSuspendAll();
 800163e:	f002 ff1d 	bl	800447c <vTaskSuspendAll>
		prvLockQueue( pxQueue );
 8001642:	f7ff fc4f 	bl	8000ee4 <vPortEnterCritical>
 8001646:	f894 3044 	ldrb.w	r3, [r4, #68]	@ 0x44
 800164a:	b25b      	sxtb	r3, r3
 800164c:	f1b3 3fff 	cmp.w	r3, #4294967295
 8001650:	d0c8      	beq.n	80015e4 <xQueueSemaphoreTake+0xc4>
 8001652:	f894 3045 	ldrb.w	r3, [r4, #69]	@ 0x45
 8001656:	b25b      	sxtb	r3, r3
 8001658:	f1b3 3fff 	cmp.w	r3, #4294967295
 800165c:	d0c6      	beq.n	80015ec <xQueueSemaphoreTake+0xcc>
 800165e:	f7ff fc63 	bl	8000f28 <vPortExitCritical>
		if( xTaskCheckForTimeOut( &xTimeOut, &xTicksToWait ) == pdFALSE )
 8001662:	a901      	add	r1, sp, #4
 8001664:	a802      	add	r0, sp, #8
 8001666:	f003 f8fd 	bl	8004864 <xTaskCheckForTimeOut>
 800166a:	2800      	cmp	r0, #0
 800166c:	d1d1      	bne.n	8001612 <xQueueSemaphoreTake+0xf2>
			if( prvIsQueueEmpty( pxQueue ) != pdFALSE )
 800166e:	4620      	mov	r0, r4
 8001670:	f7ff fda5 	bl	80011be <prvIsQueueEmpty>
 8001674:	2800      	cmp	r0, #0
 8001676:	d0c6      	beq.n	8001606 <xQueueSemaphoreTake+0xe6>
					if( pxQueue->uxQueueType == queueQUEUE_IS_MUTEX )
 8001678:	6823      	ldr	r3, [r4, #0]
 800167a:	2b00      	cmp	r3, #0
 800167c:	d0ba      	beq.n	80015f4 <xQueueSemaphoreTake+0xd4>
				vTaskPlaceOnEventList( &( pxQueue->xTasksWaitingToReceive ), xTicksToWait );
 800167e:	9901      	ldr	r1, [sp, #4]
 8001680:	f104 0024 	add.w	r0, r4, #36	@ 0x24
 8001684:	f003 f882 	bl	800478c <vTaskPlaceOnEventList>
				prvUnlockQueue( pxQueue );
 8001688:	4620      	mov	r0, r4
 800168a:	f7ff fdf4 	bl	8001276 <prvUnlockQueue>
				if( xTaskResumeAll() == pdFALSE )
 800168e:	f002 ff8f 	bl	80045b0 <xTaskResumeAll>
 8001692:	2800      	cmp	r0, #0
 8001694:	d1c7      	bne.n	8001626 <xQueueSemaphoreTake+0x106>
					portYIELD_WITHIN_API();
 8001696:	f04f 23e0 	mov.w	r3, #3758153728	@ 0xe000e000
 800169a:	f04f 5280 	mov.w	r2, #268435456	@ 0x10000000
 800169e:	f8c3 2d04 	str.w	r2, [r3, #3332]	@ 0xd04
 80016a2:	f3bf 8f4f 	dsb	sy
 80016a6:	f3bf 8f6f 	isb	sy
 80016aa:	e7bc      	b.n	8001626 <xQueueSemaphoreTake+0x106>
					if( xInheritanceOccurred != pdFALSE )
 80016ac:	b916      	cbnz	r6, 80016b4 <xQueueSemaphoreTake+0x194>
				return errQUEUE_EMPTY;
 80016ae:	2300      	movs	r3, #0
 80016b0:	461e      	mov	r6, r3
 80016b2:	e76d      	b.n	8001590 <xQueueSemaphoreTake+0x70>
						taskENTER_CRITICAL();
 80016b4:	f7ff fc16 	bl	8000ee4 <vPortEnterCritical>
							uxHighestWaitingPriority = prvGetDisinheritPriorityAfterTimeout( pxQueue );
 80016b8:	4620      	mov	r0, r4
 80016ba:	f7ff fd69 	bl	8001190 <prvGetDisinheritPriorityAfterTimeout>
 80016be:	4601      	mov	r1, r0
							vTaskPriorityDisinheritAfterTimeout( pxQueue->u.xSemaphore.xMutexHolder, uxHighestWaitingPriority );
 80016c0:	68a0      	ldr	r0, [r4, #8]
 80016c2:	f003 f9dd 	bl	8004a80 <vTaskPriorityDisinheritAfterTimeout>
						taskEXIT_CRITICAL();
 80016c6:	f7ff fc2f 	bl	8000f28 <vPortExitCritical>
 80016ca:	e7f0      	b.n	80016ae <xQueueSemaphoreTake+0x18e>

080016cc <xQueueReceiveFromISR>:
{
 80016cc:	e92d 43f8 	stmdb	sp!, {r3, r4, r5, r6, r7, r8, r9, lr}
	configASSERT( pxQueue );
 80016d0:	b1c0      	cbz	r0, 8001704 <xQueueReceiveFromISR+0x38>
 80016d2:	460e      	mov	r6, r1
 80016d4:	4690      	mov	r8, r2
 80016d6:	4604      	mov	r4, r0
	configASSERT( !( ( pvBuffer == NULL ) && ( pxQueue->uxItemSize != ( UBaseType_t ) 0U ) ) );
 80016d8:	b1e9      	cbz	r1, 8001716 <xQueueReceiveFromISR+0x4a>
	portASSERT_IF_INTERRUPT_PRIORITY_INVALID();
 80016da:	f7ff fd2b 	bl	8001134 <vPortValidateInterruptPriority>
	__asm volatile
 80016de:	f3ef 8311 	mrs	r3, BASEPRI
 80016e2:	f04f 0250 	mov.w	r2, #80	@ 0x50
 80016e6:	f382 8811 	msr	BASEPRI, r2
 80016ea:	f3bf 8f6f 	isb	sy
 80016ee:	f3bf 8f4f 	dsb	sy
 80016f2:	461f      	mov	r7, r3
		const UBaseType_t uxMessagesWaiting = pxQueue->uxMessagesWaiting;
 80016f4:	6ba3      	ldr	r3, [r4, #56]	@ 0x38
 80016f6:	4699      	mov	r9, r3
		if( uxMessagesWaiting > ( UBaseType_t ) 0 )
 80016f8:	b9cb      	cbnz	r3, 800172e <xQueueReceiveFromISR+0x62>
			xReturn = pdFAIL;
 80016fa:	4618      	mov	r0, r3
	__asm volatile
 80016fc:	f387 8811 	msr	BASEPRI, r7
}
 8001700:	e8bd 83f8 	ldmia.w	sp!, {r3, r4, r5, r6, r7, r8, r9, pc}
	__asm volatile
 8001704:	f04f 0350 	mov.w	r3, #80	@ 0x50
 8001708:	f383 8811 	msr	BASEPRI, r3
 800170c:	f3bf 8f6f 	isb	sy
 8001710:	f3bf 8f4f 	dsb	sy
	configASSERT( pxQueue );
 8001714:	e7fe      	b.n	8001714 <xQueueReceiveFromISR+0x48>
	configASSERT( !( ( pvBuffer == NULL ) && ( pxQueue->uxItemSize != ( UBaseType_t ) 0U ) ) );
 8001716:	6c03      	ldr	r3, [r0, #64]	@ 0x40
 8001718:	2b00      	cmp	r3, #0
 800171a:	d0de      	beq.n	80016da <xQueueReceiveFromISR+0xe>
 800171c:	f04f 0350 	mov.w	r3, #80	@ 0x50
 8001720:	f383 8811 	msr	BASEPRI, r3
 8001724:	f3bf 8f6f 	isb	sy
 8001728:	f3bf 8f4f 	dsb	sy
 800172c:	e7fe      	b.n	800172c <xQueueReceiveFromISR+0x60>
			const int8_t cRxLock = pxQueue->cRxLock;
 800172e:	f894 3044 	ldrb.w	r3, [r4, #68]	@ 0x44
 8001732:	b25d      	sxtb	r5, r3
			prvCopyDataFromQueue( pxQueue, pvBuffer );
 8001734:	4631      	mov	r1, r6
 8001736:	4620      	mov	r0, r4
 8001738:	f7ff fd8b 	bl	8001252 <prvCopyDataFromQueue>
			pxQueue->uxMessagesWaiting = uxMessagesWaiting - ( UBaseType_t ) 1;
 800173c:	f109 33ff 	add.w	r3, r9, #4294967295
 8001740:	63a3      	str	r3, [r4, #56]	@ 0x38
			if( cRxLock == queueUNLOCKED )
 8001742:	f1b5 3fff 	cmp.w	r5, #4294967295
 8001746:	d006      	beq.n	8001756 <xQueueReceiveFromISR+0x8a>
				pxQueue->cRxLock = ( int8_t ) ( cRxLock + 1 );
 8001748:	462b      	mov	r3, r5
 800174a:	3301      	adds	r3, #1
 800174c:	b25b      	sxtb	r3, r3
 800174e:	f884 3044 	strb.w	r3, [r4, #68]	@ 0x44
			xReturn = pdPASS;
 8001752:	2001      	movs	r0, #1
 8001754:	e7d2      	b.n	80016fc <xQueueReceiveFromISR+0x30>
				if( listLIST_IS_EMPTY( &( pxQueue->xTasksWaitingToSend ) ) == pdFALSE )
 8001756:	6923      	ldr	r3, [r4, #16]
 8001758:	b90b      	cbnz	r3, 800175e <xQueueReceiveFromISR+0x92>
			xReturn = pdPASS;
 800175a:	2001      	movs	r0, #1
 800175c:	e7ce      	b.n	80016fc <xQueueReceiveFromISR+0x30>
					if( xTaskRemoveFromEventList( &( pxQueue->xTasksWaitingToSend ) ) != pdFALSE )
 800175e:	f104 0010 	add.w	r0, r4, #16
 8001762:	f003 f82b 	bl	80047bc <xTaskRemoveFromEventList>
 8001766:	b128      	cbz	r0, 8001774 <xQueueReceiveFromISR+0xa8>
						if( pxHigherPriorityTaskWoken != NULL )
 8001768:	4643      	mov	r3, r8
 800176a:	b12b      	cbz	r3, 8001778 <xQueueReceiveFromISR+0xac>
							*pxHigherPriorityTaskWoken = pdTRUE;
 800176c:	2001      	movs	r0, #1
 800176e:	f8c8 0000 	str.w	r0, [r8]
 8001772:	e7c3      	b.n	80016fc <xQueueReceiveFromISR+0x30>
			xReturn = pdPASS;
 8001774:	2001      	movs	r0, #1
 8001776:	e7c1      	b.n	80016fc <xQueueReceiveFromISR+0x30>
 8001778:	2001      	movs	r0, #1
 800177a:	e7bf      	b.n	80016fc <xQueueReceiveFromISR+0x30>

0800177c <StartSPITask>:

   NOTE: SPI2 is configured with software NSS. If you use a hardware CS line from
   the RPi, change hspi2.Init.NSS to SPI_NSS_HARD_INPUT in main.c for reliable
   transaction framing. */
void StartSPITask(void const *argument)
{
 800177c:	b500      	push	{lr}
 800177e:	b083      	sub	sp, #12
 8001780:	e034      	b.n	80017ec <StartSPITask+0x70>
            __HAL_SPI_CLEAR_OVRFLAG(&hspi2);
            osDelay(1);
            continue;
        }

        osMutexWait(g_params_mutex, osWaitForever);
 8001782:	f04f 31ff 	mov.w	r1, #4294967295
 8001786:	4b2b      	ldr	r3, [pc, #172]	@ (8001834 <StartSPITask+0xb8>)
 8001788:	6818      	ldr	r0, [r3, #0]
 800178a:	f7fe fde8 	bl	800035e <osMutexWait>

        switch (pkt[0]) {
 800178e:	f89d 3004 	ldrb.w	r3, [sp, #4]
 8001792:	2b03      	cmp	r3, #3
 8001794:	d03f      	beq.n	8001816 <StartSPITask+0x9a>
 8001796:	d811      	bhi.n	80017bc <StartSPITask+0x40>
 8001798:	2b01      	cmp	r3, #1
 800179a:	d016      	beq.n	80017ca <StartSPITask+0x4e>
 800179c:	2b02      	cmp	r3, #2
 800179e:	d121      	bne.n	80017e4 <StartSPITask+0x68>
            g_audio_params.volume = (float)pkt[1] / 100.0f;
            break;

        case SPI_CMD_SET_LPF:
            /* VAL_HI = 0-255 maps to 0.0-1.0 alpha (0 = max cut, 255 = bypass) */
            g_audio_params.lpf_alpha = (float)pkt[1] / 255.0f;
 80017a0:	f89d 3005 	ldrb.w	r3, [sp, #5]
 80017a4:	ee07 3a90 	vmov	s15, r3
 80017a8:	eef8 7a67 	vcvt.f32.u32	s15, s15
 80017ac:	eddf 6a22 	vldr	s13, [pc, #136]	@ 8001838 <StartSPITask+0xbc>
 80017b0:	ee87 7aa6 	vdiv.f32	s14, s15, s13
 80017b4:	4b21      	ldr	r3, [pc, #132]	@ (800183c <StartSPITask+0xc0>)
 80017b6:	ed83 7a01 	vstr	s14, [r3, #4]
            break;
 80017ba:	e013      	b.n	80017e4 <StartSPITask+0x68>
        switch (pkt[0]) {
 80017bc:	2b04      	cmp	r3, #4
 80017be:	d111      	bne.n	80017e4 <StartSPITask+0x68>
            }
            break;

        case SPI_CMD_SET_EFFECTS:
            /* VAL_HI = bitmask of EFFECT_VOLUME | EFFECT_LPF | EFFECT_DELAY */
            g_audio_params.effects_mask = pkt[1];
 80017c0:	f89d 2005 	ldrb.w	r2, [sp, #5]
 80017c4:	4b1d      	ldr	r3, [pc, #116]	@ (800183c <StartSPITask+0xc0>)
 80017c6:	729a      	strb	r2, [r3, #10]
            break;
 80017c8:	e00c      	b.n	80017e4 <StartSPITask+0x68>
            g_audio_params.volume = (float)pkt[1] / 100.0f;
 80017ca:	f89d 3005 	ldrb.w	r3, [sp, #5]
 80017ce:	ee07 3a90 	vmov	s15, r3
 80017d2:	eef8 7a67 	vcvt.f32.u32	s15, s15
 80017d6:	eddf 6a1a 	vldr	s13, [pc, #104]	@ 8001840 <StartSPITask+0xc4>
 80017da:	ee87 7aa6 	vdiv.f32	s14, s15, s13
 80017de:	4b17      	ldr	r3, [pc, #92]	@ (800183c <StartSPITask+0xc0>)
 80017e0:	ed83 7a00 	vstr	s14, [r3]
        default:
            /* Unknown command: ignore */
            break;
        }

        osMutexRelease(g_params_mutex);
 80017e4:	4b13      	ldr	r3, [pc, #76]	@ (8001834 <StartSPITask+0xb8>)
 80017e6:	6818      	ldr	r0, [r3, #0]
 80017e8:	f7fe fde9 	bl	80003be <osMutexRelease>
        if (HAL_SPI_Receive(&hspi2, pkt, SPI_PKT_SIZE, 100) != HAL_OK) {
 80017ec:	2364      	movs	r3, #100	@ 0x64
 80017ee:	2203      	movs	r2, #3
 80017f0:	a901      	add	r1, sp, #4
 80017f2:	4814      	ldr	r0, [pc, #80]	@ (8001844 <StartSPITask+0xc8>)
 80017f4:	f002 f94b 	bl	8003a8e <HAL_SPI_Receive>
 80017f8:	2800      	cmp	r0, #0
 80017fa:	d0c2      	beq.n	8001782 <StartSPITask+0x6>
            __HAL_SPI_CLEAR_OVRFLAG(&hspi2);
 80017fc:	2300      	movs	r3, #0
 80017fe:	9300      	str	r3, [sp, #0]
 8001800:	4b10      	ldr	r3, [pc, #64]	@ (8001844 <StartSPITask+0xc8>)
 8001802:	681b      	ldr	r3, [r3, #0]
 8001804:	68da      	ldr	r2, [r3, #12]
 8001806:	9200      	str	r2, [sp, #0]
 8001808:	689b      	ldr	r3, [r3, #8]
 800180a:	9300      	str	r3, [sp, #0]
 800180c:	9b00      	ldr	r3, [sp, #0]
            osDelay(1);
 800180e:	2001      	movs	r0, #1
 8001810:	f7fe fd42 	bl	8000298 <osDelay>
            continue;
 8001814:	e7ea      	b.n	80017ec <StartSPITask+0x70>
                uint16_t samples = ((uint16_t)pkt[1] << 8) | pkt[2];
 8001816:	f89d 2005 	ldrb.w	r2, [sp, #5]
 800181a:	f89d 3006 	ldrb.w	r3, [sp, #6]
 800181e:	ea43 2302 	orr.w	r3, r3, r2, lsl #8
                if (samples > DELAY_BUF_SAMPLES)
 8001822:	f5b3 7f00 	cmp.w	r3, #512	@ 0x200
 8001826:	d901      	bls.n	800182c <StartSPITask+0xb0>
                    samples = DELAY_BUF_SAMPLES;
 8001828:	f44f 7300 	mov.w	r3, #512	@ 0x200
                g_audio_params.delay_samples = samples;
 800182c:	4a03      	ldr	r2, [pc, #12]	@ (800183c <StartSPITask+0xc0>)
 800182e:	8113      	strh	r3, [r2, #8]
            break;
 8001830:	e7d8      	b.n	80017e4 <StartSPITask+0x68>
 8001832:	bf00      	nop
 8001834:	20000a4c 	.word	0x20000a4c
 8001838:	437f0000 	.word	0x437f0000
 800183c:	20000000 	.word	0x20000000
 8001840:	42c80000 	.word	0x42c80000
 8001844:	200048d0 	.word	0x200048d0

08001848 <HAL_Init>:
  *         need to ensure that the SysTick time base is always set to 1 millisecond
  *         to have correct HAL operation.
  * @retval HAL status
  */
HAL_StatusTypeDef HAL_Init(void)
{
 8001848:	b508      	push	{r3, lr}
  /* Configure Flash prefetch, Instruction cache, Data cache */ 
#if (INSTRUCTION_CACHE_ENABLE != 0U)
  __HAL_FLASH_INSTRUCTION_CACHE_ENABLE();
 800184a:	4b0b      	ldr	r3, [pc, #44]	@ (8001878 <HAL_Init+0x30>)
 800184c:	681a      	ldr	r2, [r3, #0]
 800184e:	f442 7200 	orr.w	r2, r2, #512	@ 0x200
 8001852:	601a      	str	r2, [r3, #0]
#endif /* INSTRUCTION_CACHE_ENABLE */

#if (DATA_CACHE_ENABLE != 0U)
  __HAL_FLASH_DATA_CACHE_ENABLE();
 8001854:	681a      	ldr	r2, [r3, #0]
 8001856:	f442 6280 	orr.w	r2, r2, #1024	@ 0x400
 800185a:	601a      	str	r2, [r3, #0]
#endif /* DATA_CACHE_ENABLE */

#if (PREFETCH_ENABLE != 0U)
  __HAL_FLASH_PREFETCH_BUFFER_ENABLE();
 800185c:	681a      	ldr	r2, [r3, #0]
 800185e:	f442 7280 	orr.w	r2, r2, #256	@ 0x100
 8001862:	601a      	str	r2, [r3, #0]
#endif /* PREFETCH_ENABLE */

  /* Set Interrupt Group Priority */
  HAL_NVIC_SetPriorityGrouping(NVIC_PRIORITYGROUP_4);
 8001864:	2003      	movs	r0, #3
 8001866:	f000 f861 	bl	800192c <HAL_NVIC_SetPriorityGrouping>

  /* Use systick as time base source and configure 1ms tick (default clock after Reset is HSI) */
  HAL_InitTick(TICK_INT_PRIORITY);
 800186a:	200f      	movs	r0, #15
 800186c:	f002 fb5e 	bl	8003f2c <HAL_InitTick>

  /* Init the low level hardware */
  HAL_MspInit();
 8001870:	f001 f8c4 	bl	80029fc <HAL_MspInit>

  /* Return function status */
  return HAL_OK;
}
 8001874:	2000      	movs	r0, #0
 8001876:	bd08      	pop	{r3, pc}
 8001878:	40023c00 	.word	0x40023c00

0800187c <HAL_IncTick>:
  *      implementations in user file.
  * @retval None
  */
__weak void HAL_IncTick(void)
{
  uwTick += uwTickFreq;
 800187c:	4a03      	ldr	r2, [pc, #12]	@ (800188c <HAL_IncTick+0x10>)
 800187e:	6811      	ldr	r1, [r2, #0]
 8001880:	4b03      	ldr	r3, [pc, #12]	@ (8001890 <HAL_IncTick+0x14>)
 8001882:	781b      	ldrb	r3, [r3, #0]
 8001884:	440b      	add	r3, r1
 8001886:	6013      	str	r3, [r2, #0]
}
 8001888:	4770      	bx	lr
 800188a:	bf00      	nop
 800188c:	20004ae4 	.word	0x20004ae4
 8001890:	20000010 	.word	0x20000010

08001894 <HAL_GetTick>:
  *       implementations in user file.
  * @retval tick value
  */
__weak uint32_t HAL_GetTick(void)
{
  return uwTick;
 8001894:	4b01      	ldr	r3, [pc, #4]	@ (800189c <HAL_GetTick+0x8>)
 8001896:	6818      	ldr	r0, [r3, #0]
}
 8001898:	4770      	bx	lr
 800189a:	bf00      	nop
 800189c:	20004ae4 	.word	0x20004ae4

080018a0 <__NVIC_EnableIRQ>:
  \param [in]      IRQn  Device specific interrupt number.
  \note    IRQn must not be negative.
 */
__STATIC_INLINE void __NVIC_EnableIRQ(IRQn_Type IRQn)
{
  if ((int32_t)(IRQn) >= 0)
 80018a0:	2800      	cmp	r0, #0
 80018a2:	db07      	blt.n	80018b4 <__NVIC_EnableIRQ+0x14>
  {
    __COMPILER_BARRIER();
    NVIC->ISER[(((uint32_t)IRQn) >> 5UL)] = (uint32_t)(1UL << (((uint32_t)IRQn) & 0x1FUL));
 80018a4:	f000 021f 	and.w	r2, r0, #31
 80018a8:	0940      	lsrs	r0, r0, #5
 80018aa:	2301      	movs	r3, #1
 80018ac:	4093      	lsls	r3, r2
 80018ae:	4a02      	ldr	r2, [pc, #8]	@ (80018b8 <__NVIC_EnableIRQ+0x18>)
 80018b0:	f842 3020 	str.w	r3, [r2, r0, lsl #2]
    __COMPILER_BARRIER();
  }
}
 80018b4:	4770      	bx	lr
 80018b6:	bf00      	nop
 80018b8:	e000e100 	.word	0xe000e100

080018bc <__NVIC_SetPriority>:
  \param [in]  priority  Priority to set.
  \note    The priority cannot be set for every processor exception.
 */
__STATIC_INLINE void __NVIC_SetPriority(IRQn_Type IRQn, uint32_t priority)
{
  if ((int32_t)(IRQn) >= 0)
 80018bc:	2800      	cmp	r0, #0
 80018be:	db08      	blt.n	80018d2 <__NVIC_SetPriority+0x16>
  {
    NVIC->IP[((uint32_t)IRQn)]               = (uint8_t)((priority << (8U - __NVIC_PRIO_BITS)) & (uint32_t)0xFFUL);
 80018c0:	0109      	lsls	r1, r1, #4
 80018c2:	b2c9      	uxtb	r1, r1
 80018c4:	f100 4060 	add.w	r0, r0, #3758096384	@ 0xe0000000
 80018c8:	f500 4061 	add.w	r0, r0, #57600	@ 0xe100
 80018cc:	f880 1300 	strb.w	r1, [r0, #768]	@ 0x300
 80018d0:	4770      	bx	lr
  }
  else
  {
    SCB->SHP[(((uint32_t)IRQn) & 0xFUL)-4UL] = (uint8_t)((priority << (8U - __NVIC_PRIO_BITS)) & (uint32_t)0xFFUL);
 80018d2:	f000 000f 	and.w	r0, r0, #15
 80018d6:	0109      	lsls	r1, r1, #4
 80018d8:	b2c9      	uxtb	r1, r1
 80018da:	4b01      	ldr	r3, [pc, #4]	@ (80018e0 <__NVIC_SetPriority+0x24>)
 80018dc:	5419      	strb	r1, [r3, r0]
  }
}
 80018de:	4770      	bx	lr
 80018e0:	e000ed14 	.word	0xe000ed14

080018e4 <NVIC_EncodePriority>:
  \param [in]   PreemptPriority  Preemptive priority value (starting from 0).
  \param [in]       SubPriority  Subpriority value (starting from 0).
  \return                        Encoded priority. Value can be used in the function \ref NVIC_SetPriority().
 */
__STATIC_INLINE uint32_t NVIC_EncodePriority (uint32_t PriorityGroup, uint32_t PreemptPriority, uint32_t SubPriority)
{
 80018e4:	b500      	push	{lr}
  uint32_t PriorityGroupTmp = (PriorityGroup & (uint32_t)0x07UL);   /* only values 0..7 are used          */
 80018e6:	f000 0007 	and.w	r0, r0, #7
  uint32_t PreemptPriorityBits;
  uint32_t SubPriorityBits;

  PreemptPriorityBits = ((7UL - PriorityGroupTmp) > (uint32_t)(__NVIC_PRIO_BITS)) ? (uint32_t)(__NVIC_PRIO_BITS) : (uint32_t)(7UL - PriorityGroupTmp);
 80018ea:	f1a0 0c03 	sub.w	ip, r0, #3
 80018ee:	f1bc 0f04 	cmp.w	ip, #4
 80018f2:	d807      	bhi.n	8001904 <NVIC_EncodePriority+0x20>
 80018f4:	f1c0 0e07 	rsb	lr, r0, #7
  SubPriorityBits     = ((PriorityGroupTmp + (uint32_t)(__NVIC_PRIO_BITS)) < (uint32_t)7UL) ? (uint32_t)0UL : (uint32_t)((PriorityGroupTmp - 7UL) + (uint32_t)(__NVIC_PRIO_BITS));
 80018f8:	3004      	adds	r0, #4
 80018fa:	2806      	cmp	r0, #6
 80018fc:	d806      	bhi.n	800190c <NVIC_EncodePriority+0x28>
 80018fe:	f04f 0c00 	mov.w	ip, #0
 8001902:	e003      	b.n	800190c <NVIC_EncodePriority+0x28>
  PreemptPriorityBits = ((7UL - PriorityGroupTmp) > (uint32_t)(__NVIC_PRIO_BITS)) ? (uint32_t)(__NVIC_PRIO_BITS) : (uint32_t)(7UL - PriorityGroupTmp);
 8001904:	f04f 0e04 	mov.w	lr, #4
  SubPriorityBits     = ((PriorityGroupTmp + (uint32_t)(__NVIC_PRIO_BITS)) < (uint32_t)7UL) ? (uint32_t)0UL : (uint32_t)((PriorityGroupTmp - 7UL) + (uint32_t)(__NVIC_PRIO_BITS));
 8001908:	f04f 0c00 	mov.w	ip, #0

  return (
           ((PreemptPriority & (uint32_t)((1UL << (PreemptPriorityBits)) - 1UL)) << SubPriorityBits) |
 800190c:	f04f 33ff 	mov.w	r3, #4294967295
 8001910:	fa03 f00e 	lsl.w	r0, r3, lr
 8001914:	ea21 0100 	bic.w	r1, r1, r0
 8001918:	fa01 f10c 	lsl.w	r1, r1, ip
           ((SubPriority     & (uint32_t)((1UL << (SubPriorityBits    )) - 1UL)))
 800191c:	fa03 f30c 	lsl.w	r3, r3, ip
 8001920:	ea22 0203 	bic.w	r2, r2, r3
         );
}
 8001924:	ea41 0002 	orr.w	r0, r1, r2
 8001928:	bd00      	pop	{pc}
	...

0800192c <HAL_NVIC_SetPriorityGrouping>:
  reg_value  =  SCB->AIRCR;                                                   /* read old register configuration    */
 800192c:	4a07      	ldr	r2, [pc, #28]	@ (800194c <HAL_NVIC_SetPriorityGrouping+0x20>)
 800192e:	68d3      	ldr	r3, [r2, #12]
  reg_value &= ~((uint32_t)(SCB_AIRCR_VECTKEY_Msk | SCB_AIRCR_PRIGROUP_Msk)); /* clear bits to change               */
 8001930:	f423 63e0 	bic.w	r3, r3, #1792	@ 0x700
 8001934:	041b      	lsls	r3, r3, #16
 8001936:	0c1b      	lsrs	r3, r3, #16
                (PriorityGroupTmp << SCB_AIRCR_PRIGROUP_Pos)  );              /* Insert write key and priority group */
 8001938:	0200      	lsls	r0, r0, #8
 800193a:	f400 60e0 	and.w	r0, r0, #1792	@ 0x700
                ((uint32_t)0x5FAUL << SCB_AIRCR_VECTKEY_Pos) |
 800193e:	4303      	orrs	r3, r0
  reg_value  =  (reg_value                                   |
 8001940:	f043 63bf 	orr.w	r3, r3, #100139008	@ 0x5f80000
 8001944:	f443 3300 	orr.w	r3, r3, #131072	@ 0x20000
  SCB->AIRCR =  reg_value;
 8001948:	60d3      	str	r3, [r2, #12]
  /* Check the parameters */
  assert_param(IS_NVIC_PRIORITY_GROUP(PriorityGroup));
  
  /* Set the PRIGROUP[10:8] bits according to the PriorityGroup parameter value */
  NVIC_SetPriorityGrouping(PriorityGroup);
}
 800194a:	4770      	bx	lr
 800194c:	e000ed00 	.word	0xe000ed00

08001950 <HAL_NVIC_SetPriority>:
  *         This parameter can be a value between 0 and 15
  *         A lower priority value indicates a higher priority.          
  * @retval None
  */
void HAL_NVIC_SetPriority(IRQn_Type IRQn, uint32_t PreemptPriority, uint32_t SubPriority)
{ 
 8001950:	b510      	push	{r4, lr}
 8001952:	4604      	mov	r4, r0
  return ((uint32_t)((SCB->AIRCR & SCB_AIRCR_PRIGROUP_Msk) >> SCB_AIRCR_PRIGROUP_Pos));
 8001954:	4b05      	ldr	r3, [pc, #20]	@ (800196c <HAL_NVIC_SetPriority+0x1c>)
 8001956:	68d8      	ldr	r0, [r3, #12]
  assert_param(IS_NVIC_SUB_PRIORITY(SubPriority));
  assert_param(IS_NVIC_PREEMPTION_PRIORITY(PreemptPriority));
  
  prioritygroup = NVIC_GetPriorityGrouping();
  
  NVIC_SetPriority(IRQn, NVIC_EncodePriority(prioritygroup, PreemptPriority, SubPriority));
 8001958:	f3c0 2002 	ubfx	r0, r0, #8, #3
 800195c:	f7ff ffc2 	bl	80018e4 <NVIC_EncodePriority>
 8001960:	4601      	mov	r1, r0
 8001962:	4620      	mov	r0, r4
 8001964:	f7ff ffaa 	bl	80018bc <__NVIC_SetPriority>
}
 8001968:	bd10      	pop	{r4, pc}
 800196a:	bf00      	nop
 800196c:	e000ed00 	.word	0xe000ed00

08001970 <HAL_NVIC_EnableIRQ>:
  *         This parameter can be an enumerator of IRQn_Type enumeration
  *         (For the complete STM32 Devices IRQ Channels list, please refer to the appropriate CMSIS device file (stm32f4xxxx.h))
  * @retval None
  */
void HAL_NVIC_EnableIRQ(IRQn_Type IRQn)
{
 8001970:	b508      	push	{r3, lr}
  /* Check the parameters */
  assert_param(IS_NVIC_DEVICE_IRQ(IRQn));
  
  /* Enable interrupt */
  NVIC_EnableIRQ(IRQn);
 8001972:	f7ff ff95 	bl	80018a0 <__NVIC_EnableIRQ>
}
 8001976:	bd08      	pop	{r3, pc}

08001978 <DMA_SetConfig>:
  * @param  DstAddress The destination memory Buffer address
  * @param  DataLength The length of data to be transferred from source to destination
  * @retval HAL status
  */
static void DMA_SetConfig(DMA_HandleTypeDef *hdma, uint32_t SrcAddress, uint32_t DstAddress, uint32_t DataLength)
{
 8001978:	b510      	push	{r4, lr}
  /* Clear DBM bit */
  hdma->Instance->CR &= (uint32_t)(~DMA_SxCR_DBM);
 800197a:	f8d0 e000 	ldr.w	lr, [r0]
 800197e:	f8de c000 	ldr.w	ip, [lr]
 8001982:	f42c 2c80 	bic.w	ip, ip, #262144	@ 0x40000
 8001986:	f8ce c000 	str.w	ip, [lr]

  /* Configure DMA Stream data length */
  hdma->Instance->NDTR = DataLength;
 800198a:	6804      	ldr	r4, [r0, #0]
 800198c:	6063      	str	r3, [r4, #4]

  /* Memory to Peripheral */
  if((hdma->Init.Direction) == DMA_MEMORY_TO_PERIPH)
 800198e:	6883      	ldr	r3, [r0, #8]
 8001990:	2b40      	cmp	r3, #64	@ 0x40
 8001992:	d004      	beq.n	800199e <DMA_SetConfig+0x26>
  }
  /* Peripheral to Memory */
  else
  {
    /* Configure DMA Stream source address */
    hdma->Instance->PAR = SrcAddress;
 8001994:	6803      	ldr	r3, [r0, #0]
 8001996:	6099      	str	r1, [r3, #8]

    /* Configure DMA Stream destination address */
    hdma->Instance->M0AR = DstAddress;
 8001998:	6803      	ldr	r3, [r0, #0]
 800199a:	60da      	str	r2, [r3, #12]
  }
}
 800199c:	bd10      	pop	{r4, pc}
    hdma->Instance->PAR = DstAddress;
 800199e:	6803      	ldr	r3, [r0, #0]
 80019a0:	609a      	str	r2, [r3, #8]
    hdma->Instance->M0AR = SrcAddress;
 80019a2:	6803      	ldr	r3, [r0, #0]
 80019a4:	60d9      	str	r1, [r3, #12]
 80019a6:	e7f9      	b.n	800199c <DMA_SetConfig+0x24>

080019a8 <DMA_CalcBaseAndBitshift>:
  *                     the configuration information for the specified DMA Stream. 
  * @retval Stream base address
  */
static uint32_t DMA_CalcBaseAndBitshift(DMA_HandleTypeDef *hdma)
{
  uint32_t stream_number = (((uint32_t)hdma->Instance & 0xFFU) - 16U) / 24U;
 80019a8:	6803      	ldr	r3, [r0, #0]
 80019aa:	b2d9      	uxtb	r1, r3
 80019ac:	3910      	subs	r1, #16
 80019ae:	4a0a      	ldr	r2, [pc, #40]	@ (80019d8 <DMA_CalcBaseAndBitshift+0x30>)
 80019b0:	fba2 c201 	umull	ip, r2, r2, r1
 80019b4:	0912      	lsrs	r2, r2, #4
  
  /* lookup table for necessary bitshift of flags within status registers */
  static const uint8_t flagBitshiftOffset[8U] = {0U, 6U, 16U, 22U, 0U, 6U, 16U, 22U};
  hdma->StreamIndex = flagBitshiftOffset[stream_number];
 80019b6:	f8df c024 	ldr.w	ip, [pc, #36]	@ 80019dc <DMA_CalcBaseAndBitshift+0x34>
 80019ba:	f81c 2002 	ldrb.w	r2, [ip, r2]
 80019be:	65c2      	str	r2, [r0, #92]	@ 0x5c
  
  if (stream_number > 3U)
 80019c0:	295f      	cmp	r1, #95	@ 0x5f
 80019c2:	d905      	bls.n	80019d0 <DMA_CalcBaseAndBitshift+0x28>
  {
    /* return pointer to HISR and HIFCR */
    hdma->StreamBaseAddress = (((uint32_t)hdma->Instance & (uint32_t)(~0x3FFU)) + 4U);
 80019c4:	f36f 0309 	bfc	r3, #0, #10
 80019c8:	3304      	adds	r3, #4
 80019ca:	6583      	str	r3, [r0, #88]	@ 0x58
    /* return pointer to LISR and LIFCR */
    hdma->StreamBaseAddress = ((uint32_t)hdma->Instance & (uint32_t)(~0x3FFU));
  }
  
  return hdma->StreamBaseAddress;
}
 80019cc:	6d80      	ldr	r0, [r0, #88]	@ 0x58
 80019ce:	4770      	bx	lr
    hdma->StreamBaseAddress = ((uint32_t)hdma->Instance & (uint32_t)(~0x3FFU));
 80019d0:	f36f 0309 	bfc	r3, #0, #10
 80019d4:	6583      	str	r3, [r0, #88]	@ 0x58
 80019d6:	e7f9      	b.n	80019cc <DMA_CalcBaseAndBitshift+0x24>
 80019d8:	aaaaaaab 	.word	0xaaaaaaab
 80019dc:	08005290 	.word	0x08005290

080019e0 <DMA_CheckFifoParam>:
  * @retval HAL status
  */
static HAL_StatusTypeDef DMA_CheckFifoParam(DMA_HandleTypeDef *hdma)
{
  HAL_StatusTypeDef status = HAL_OK;
  uint32_t tmp = hdma->Init.FIFOThreshold;
 80019e0:	6a83      	ldr	r3, [r0, #40]	@ 0x28
  
  /* Memory Data size equal to Byte */
  if(hdma->Init.MemDataAlignment == DMA_MDATAALIGN_BYTE)
 80019e2:	6982      	ldr	r2, [r0, #24]
 80019e4:	b992      	cbnz	r2, 8001a0c <DMA_CheckFifoParam+0x2c>
  {
    switch (tmp)
 80019e6:	2b01      	cmp	r3, #1
 80019e8:	d00a      	beq.n	8001a00 <DMA_CheckFifoParam+0x20>
 80019ea:	2b02      	cmp	r3, #2
 80019ec:	d002      	beq.n	80019f4 <DMA_CheckFifoParam+0x14>
 80019ee:	b10b      	cbz	r3, 80019f4 <DMA_CheckFifoParam+0x14>
 80019f0:	2000      	movs	r0, #0
 80019f2:	4770      	bx	lr
    {
    case DMA_FIFO_THRESHOLD_1QUARTERFULL:
    case DMA_FIFO_THRESHOLD_3QUARTERSFULL:
      if ((hdma->Init.MemBurst & DMA_SxCR_MBURST_1) == DMA_SxCR_MBURST_1)
 80019f4:	6ac3      	ldr	r3, [r0, #44]	@ 0x2c
 80019f6:	f013 7f80 	tst.w	r3, #16777216	@ 0x1000000
 80019fa:	d12c      	bne.n	8001a56 <DMA_CheckFifoParam+0x76>
  HAL_StatusTypeDef status = HAL_OK;
 80019fc:	2000      	movs	r0, #0
 80019fe:	4770      	bx	lr
      {
        status = HAL_ERROR;
      }
      break;
    case DMA_FIFO_THRESHOLD_HALFFULL:
      if (hdma->Init.MemBurst == DMA_MBURST_INC16)
 8001a00:	6ac3      	ldr	r3, [r0, #44]	@ 0x2c
 8001a02:	f1b3 7fc0 	cmp.w	r3, #25165824	@ 0x1800000
 8001a06:	d028      	beq.n	8001a5a <DMA_CheckFifoParam+0x7a>
  HAL_StatusTypeDef status = HAL_OK;
 8001a08:	2000      	movs	r0, #0
 8001a0a:	4770      	bx	lr
      break;
    }
  }
  
  /* Memory Data size equal to Half-Word */
  else if (hdma->Init.MemDataAlignment == DMA_MDATAALIGN_HALFWORD)
 8001a0c:	f5b2 5f00 	cmp.w	r2, #8192	@ 0x2000
 8001a10:	d009      	beq.n	8001a26 <DMA_CheckFifoParam+0x46>
  }
  
  /* Memory Data size equal to Word */
  else
  {
    switch (tmp)
 8001a12:	2b02      	cmp	r3, #2
 8001a14:	d92b      	bls.n	8001a6e <DMA_CheckFifoParam+0x8e>
 8001a16:	2b03      	cmp	r3, #3
 8001a18:	d12b      	bne.n	8001a72 <DMA_CheckFifoParam+0x92>
    case DMA_FIFO_THRESHOLD_HALFFULL:
    case DMA_FIFO_THRESHOLD_3QUARTERSFULL:
      status = HAL_ERROR;
      break;
    case DMA_FIFO_THRESHOLD_FULL:
      if ((hdma->Init.MemBurst & DMA_SxCR_MBURST_1) == DMA_SxCR_MBURST_1)
 8001a1a:	6ac3      	ldr	r3, [r0, #44]	@ 0x2c
 8001a1c:	f013 7f80 	tst.w	r3, #16777216	@ 0x1000000
 8001a20:	d129      	bne.n	8001a76 <DMA_CheckFifoParam+0x96>
  HAL_StatusTypeDef status = HAL_OK;
 8001a22:	2000      	movs	r0, #0
 8001a24:	4770      	bx	lr
    switch (tmp)
 8001a26:	2b02      	cmp	r3, #2
 8001a28:	d019      	beq.n	8001a5e <DMA_CheckFifoParam+0x7e>
 8001a2a:	d80a      	bhi.n	8001a42 <DMA_CheckFifoParam+0x62>
 8001a2c:	b1cb      	cbz	r3, 8001a62 <DMA_CheckFifoParam+0x82>
 8001a2e:	2b01      	cmp	r3, #1
 8001a30:	d105      	bne.n	8001a3e <DMA_CheckFifoParam+0x5e>
      if ((hdma->Init.MemBurst & DMA_SxCR_MBURST_1) == DMA_SxCR_MBURST_1)
 8001a32:	6ac3      	ldr	r3, [r0, #44]	@ 0x2c
 8001a34:	f013 7f80 	tst.w	r3, #16777216	@ 0x1000000
 8001a38:	d115      	bne.n	8001a66 <DMA_CheckFifoParam+0x86>
  HAL_StatusTypeDef status = HAL_OK;
 8001a3a:	2000      	movs	r0, #0
 8001a3c:	4770      	bx	lr
    switch (tmp)
 8001a3e:	2000      	movs	r0, #0
 8001a40:	4770      	bx	lr
 8001a42:	2b03      	cmp	r3, #3
 8001a44:	d105      	bne.n	8001a52 <DMA_CheckFifoParam+0x72>
      if (hdma->Init.MemBurst == DMA_MBURST_INC16)
 8001a46:	6ac3      	ldr	r3, [r0, #44]	@ 0x2c
 8001a48:	f1b3 7fc0 	cmp.w	r3, #25165824	@ 0x1800000
 8001a4c:	d00d      	beq.n	8001a6a <DMA_CheckFifoParam+0x8a>
  HAL_StatusTypeDef status = HAL_OK;
 8001a4e:	2000      	movs	r0, #0
 8001a50:	4770      	bx	lr
    switch (tmp)
 8001a52:	2000      	movs	r0, #0
 8001a54:	4770      	bx	lr
        status = HAL_ERROR;
 8001a56:	2001      	movs	r0, #1
 8001a58:	4770      	bx	lr
        status = HAL_ERROR;
 8001a5a:	2001      	movs	r0, #1
 8001a5c:	4770      	bx	lr
      status = HAL_ERROR;
 8001a5e:	2001      	movs	r0, #1
 8001a60:	4770      	bx	lr
 8001a62:	2001      	movs	r0, #1
 8001a64:	4770      	bx	lr
        status = HAL_ERROR;
 8001a66:	2001      	movs	r0, #1
 8001a68:	4770      	bx	lr
        status = HAL_ERROR;
 8001a6a:	2001      	movs	r0, #1
 8001a6c:	4770      	bx	lr
      status = HAL_ERROR;
 8001a6e:	2001      	movs	r0, #1
 8001a70:	4770      	bx	lr
    switch (tmp)
 8001a72:	2000      	movs	r0, #0
 8001a74:	4770      	bx	lr
      {
        status = HAL_ERROR;
 8001a76:	2001      	movs	r0, #1
      break;
    }
  } 
  
  return status; 
}
 8001a78:	4770      	bx	lr
	...

08001a7c <HAL_DMA_Init>:
{
 8001a7c:	b570      	push	{r4, r5, r6, lr}
 8001a7e:	4604      	mov	r4, r0
  uint32_t tickstart = HAL_GetTick();
 8001a80:	f7ff ff08 	bl	8001894 <HAL_GetTick>
  if(hdma == NULL)
 8001a84:	2c00      	cmp	r4, #0
 8001a86:	d05c      	beq.n	8001b42 <HAL_DMA_Init+0xc6>
 8001a88:	4605      	mov	r5, r0
  hdma->State = HAL_DMA_STATE_BUSY;
 8001a8a:	2302      	movs	r3, #2
 8001a8c:	f884 3035 	strb.w	r3, [r4, #53]	@ 0x35
  __HAL_UNLOCK(hdma);
 8001a90:	2300      	movs	r3, #0
 8001a92:	f884 3034 	strb.w	r3, [r4, #52]	@ 0x34
  __HAL_DMA_DISABLE(hdma);
 8001a96:	6822      	ldr	r2, [r4, #0]
 8001a98:	6813      	ldr	r3, [r2, #0]
 8001a9a:	f023 0301 	bic.w	r3, r3, #1
 8001a9e:	6013      	str	r3, [r2, #0]
  while((hdma->Instance->CR & DMA_SxCR_EN) != RESET)
 8001aa0:	6823      	ldr	r3, [r4, #0]
 8001aa2:	681a      	ldr	r2, [r3, #0]
 8001aa4:	f012 0f01 	tst.w	r2, #1
 8001aa8:	d00a      	beq.n	8001ac0 <HAL_DMA_Init+0x44>
    if((HAL_GetTick() - tickstart ) > HAL_TIMEOUT_DMA_ABORT)
 8001aaa:	f7ff fef3 	bl	8001894 <HAL_GetTick>
 8001aae:	1b43      	subs	r3, r0, r5
 8001ab0:	2b05      	cmp	r3, #5
 8001ab2:	d9f5      	bls.n	8001aa0 <HAL_DMA_Init+0x24>
      hdma->ErrorCode = HAL_DMA_ERROR_TIMEOUT;
 8001ab4:	2320      	movs	r3, #32
 8001ab6:	6563      	str	r3, [r4, #84]	@ 0x54
      hdma->State = HAL_DMA_STATE_TIMEOUT;
 8001ab8:	2003      	movs	r0, #3
 8001aba:	f884 0035 	strb.w	r0, [r4, #53]	@ 0x35
}
 8001abe:	bd70      	pop	{r4, r5, r6, pc}
  tmp = hdma->Instance->CR;
 8001ac0:	681a      	ldr	r2, [r3, #0]
  tmp &= ((uint32_t)~(DMA_SxCR_CHSEL | DMA_SxCR_MBURST | DMA_SxCR_PBURST | \
 8001ac2:	4921      	ldr	r1, [pc, #132]	@ (8001b48 <HAL_DMA_Init+0xcc>)
 8001ac4:	4011      	ands	r1, r2
  tmp |=  hdma->Init.Channel             | hdma->Init.Direction        |
 8001ac6:	6862      	ldr	r2, [r4, #4]
 8001ac8:	68a0      	ldr	r0, [r4, #8]
 8001aca:	4302      	orrs	r2, r0
          hdma->Init.PeriphInc           | hdma->Init.MemInc           |
 8001acc:	68e0      	ldr	r0, [r4, #12]
  tmp |=  hdma->Init.Channel             | hdma->Init.Direction        |
 8001ace:	4302      	orrs	r2, r0
          hdma->Init.PeriphInc           | hdma->Init.MemInc           |
 8001ad0:	6920      	ldr	r0, [r4, #16]
 8001ad2:	4302      	orrs	r2, r0
          hdma->Init.PeriphDataAlignment | hdma->Init.MemDataAlignment |
 8001ad4:	6960      	ldr	r0, [r4, #20]
          hdma->Init.PeriphInc           | hdma->Init.MemInc           |
 8001ad6:	4302      	orrs	r2, r0
          hdma->Init.PeriphDataAlignment | hdma->Init.MemDataAlignment |
 8001ad8:	69a0      	ldr	r0, [r4, #24]
 8001ada:	4302      	orrs	r2, r0
          hdma->Init.Mode                | hdma->Init.Priority;
 8001adc:	69e0      	ldr	r0, [r4, #28]
          hdma->Init.PeriphDataAlignment | hdma->Init.MemDataAlignment |
 8001ade:	4302      	orrs	r2, r0
          hdma->Init.Mode                | hdma->Init.Priority;
 8001ae0:	6a20      	ldr	r0, [r4, #32]
 8001ae2:	4302      	orrs	r2, r0
  tmp |=  hdma->Init.Channel             | hdma->Init.Direction        |
 8001ae4:	430a      	orrs	r2, r1
  if(hdma->Init.FIFOMode == DMA_FIFOMODE_ENABLE)
 8001ae6:	6a61      	ldr	r1, [r4, #36]	@ 0x24
 8001ae8:	2904      	cmp	r1, #4
 8001aea:	d01f      	beq.n	8001b2c <HAL_DMA_Init+0xb0>
  hdma->Instance->CR = tmp;  
 8001aec:	601a      	str	r2, [r3, #0]
  tmp = hdma->Instance->FCR;
 8001aee:	6823      	ldr	r3, [r4, #0]
 8001af0:	461e      	mov	r6, r3
 8001af2:	695d      	ldr	r5, [r3, #20]
  tmp &= (uint32_t)~(DMA_SxFCR_DMDIS | DMA_SxFCR_FTH);
 8001af4:	f025 0507 	bic.w	r5, r5, #7
  tmp |= hdma->Init.FIFOMode;
 8001af8:	6a63      	ldr	r3, [r4, #36]	@ 0x24
 8001afa:	431d      	orrs	r5, r3
  if(hdma->Init.FIFOMode == DMA_FIFOMODE_ENABLE)
 8001afc:	2b04      	cmp	r3, #4
 8001afe:	d107      	bne.n	8001b10 <HAL_DMA_Init+0x94>
    tmp |= hdma->Init.FIFOThreshold;
 8001b00:	6aa3      	ldr	r3, [r4, #40]	@ 0x28
 8001b02:	431d      	orrs	r5, r3
    if (hdma->Init.MemBurst != DMA_MBURST_SINGLE)
 8001b04:	6ae3      	ldr	r3, [r4, #44]	@ 0x2c
 8001b06:	b11b      	cbz	r3, 8001b10 <HAL_DMA_Init+0x94>
      if (DMA_CheckFifoParam(hdma) != HAL_OK)
 8001b08:	4620      	mov	r0, r4
 8001b0a:	f7ff ff69 	bl	80019e0 <DMA_CheckFifoParam>
 8001b0e:	b990      	cbnz	r0, 8001b36 <HAL_DMA_Init+0xba>
  hdma->Instance->FCR = tmp;
 8001b10:	6175      	str	r5, [r6, #20]
  regs = (DMA_Base_Registers *)DMA_CalcBaseAndBitshift(hdma);
 8001b12:	4620      	mov	r0, r4
 8001b14:	f7ff ff48 	bl	80019a8 <DMA_CalcBaseAndBitshift>
  regs->IFCR = 0x3FU << hdma->StreamIndex;
 8001b18:	6de2      	ldr	r2, [r4, #92]	@ 0x5c
 8001b1a:	233f      	movs	r3, #63	@ 0x3f
 8001b1c:	4093      	lsls	r3, r2
 8001b1e:	6083      	str	r3, [r0, #8]
  hdma->ErrorCode = HAL_DMA_ERROR_NONE;
 8001b20:	2000      	movs	r0, #0
 8001b22:	6560      	str	r0, [r4, #84]	@ 0x54
  hdma->State = HAL_DMA_STATE_READY;
 8001b24:	2301      	movs	r3, #1
 8001b26:	f884 3035 	strb.w	r3, [r4, #53]	@ 0x35
  return HAL_OK;
 8001b2a:	e7c8      	b.n	8001abe <HAL_DMA_Init+0x42>
    tmp |=  hdma->Init.MemBurst | hdma->Init.PeriphBurst;
 8001b2c:	6ae1      	ldr	r1, [r4, #44]	@ 0x2c
 8001b2e:	6b20      	ldr	r0, [r4, #48]	@ 0x30
 8001b30:	4301      	orrs	r1, r0
 8001b32:	430a      	orrs	r2, r1
 8001b34:	e7da      	b.n	8001aec <HAL_DMA_Init+0x70>
        hdma->ErrorCode = HAL_DMA_ERROR_PARAM;
 8001b36:	2340      	movs	r3, #64	@ 0x40
 8001b38:	6563      	str	r3, [r4, #84]	@ 0x54
        hdma->State = HAL_DMA_STATE_READY;
 8001b3a:	2001      	movs	r0, #1
 8001b3c:	f884 0035 	strb.w	r0, [r4, #53]	@ 0x35
        return HAL_ERROR; 
 8001b40:	e7bd      	b.n	8001abe <HAL_DMA_Init+0x42>
    return HAL_ERROR;
 8001b42:	2001      	movs	r0, #1
 8001b44:	e7bb      	b.n	8001abe <HAL_DMA_Init+0x42>
 8001b46:	bf00      	nop
 8001b48:	f010803f 	.word	0xf010803f

08001b4c <HAL_DMA_Start_IT>:
{
 8001b4c:	b538      	push	{r3, r4, r5, lr}
 8001b4e:	4604      	mov	r4, r0
  DMA_Base_Registers *regs = (DMA_Base_Registers *)hdma->StreamBaseAddress;
 8001b50:	6d80      	ldr	r0, [r0, #88]	@ 0x58
 8001b52:	4605      	mov	r5, r0
  __HAL_LOCK(hdma);
 8001b54:	f894 0034 	ldrb.w	r0, [r4, #52]	@ 0x34
 8001b58:	2801      	cmp	r0, #1
 8001b5a:	d02a      	beq.n	8001bb2 <HAL_DMA_Start_IT+0x66>
 8001b5c:	2001      	movs	r0, #1
 8001b5e:	f884 0034 	strb.w	r0, [r4, #52]	@ 0x34
  if(HAL_DMA_STATE_READY == hdma->State)
 8001b62:	f894 0035 	ldrb.w	r0, [r4, #53]	@ 0x35
 8001b66:	2801      	cmp	r0, #1
 8001b68:	d004      	beq.n	8001b74 <HAL_DMA_Start_IT+0x28>
    __HAL_UNLOCK(hdma);	  
 8001b6a:	2300      	movs	r3, #0
 8001b6c:	f884 3034 	strb.w	r3, [r4, #52]	@ 0x34
    status = HAL_BUSY;
 8001b70:	2002      	movs	r0, #2
}
 8001b72:	bd38      	pop	{r3, r4, r5, pc}
    hdma->State = HAL_DMA_STATE_BUSY;
 8001b74:	2002      	movs	r0, #2
 8001b76:	f884 0035 	strb.w	r0, [r4, #53]	@ 0x35
    hdma->ErrorCode = HAL_DMA_ERROR_NONE;
 8001b7a:	2000      	movs	r0, #0
 8001b7c:	6560      	str	r0, [r4, #84]	@ 0x54
    DMA_SetConfig(hdma, SrcAddress, DstAddress, DataLength);
 8001b7e:	4620      	mov	r0, r4
 8001b80:	f7ff fefa 	bl	8001978 <DMA_SetConfig>
    regs->IFCR = 0x3FU << hdma->StreamIndex;
 8001b84:	6de2      	ldr	r2, [r4, #92]	@ 0x5c
 8001b86:	233f      	movs	r3, #63	@ 0x3f
 8001b88:	4093      	lsls	r3, r2
 8001b8a:	60ab      	str	r3, [r5, #8]
    hdma->Instance->CR  |= DMA_IT_TC | DMA_IT_TE | DMA_IT_DME;
 8001b8c:	6822      	ldr	r2, [r4, #0]
 8001b8e:	6813      	ldr	r3, [r2, #0]
 8001b90:	f043 0316 	orr.w	r3, r3, #22
 8001b94:	6013      	str	r3, [r2, #0]
    if(hdma->XferHalfCpltCallback != NULL)
 8001b96:	6c23      	ldr	r3, [r4, #64]	@ 0x40
 8001b98:	b123      	cbz	r3, 8001ba4 <HAL_DMA_Start_IT+0x58>
      hdma->Instance->CR  |= DMA_IT_HT;
 8001b9a:	6822      	ldr	r2, [r4, #0]
 8001b9c:	6813      	ldr	r3, [r2, #0]
 8001b9e:	f043 0308 	orr.w	r3, r3, #8
 8001ba2:	6013      	str	r3, [r2, #0]
    __HAL_DMA_ENABLE(hdma);
 8001ba4:	6822      	ldr	r2, [r4, #0]
 8001ba6:	6813      	ldr	r3, [r2, #0]
 8001ba8:	f043 0301 	orr.w	r3, r3, #1
 8001bac:	6013      	str	r3, [r2, #0]
  HAL_StatusTypeDef status = HAL_OK;
 8001bae:	2000      	movs	r0, #0
 8001bb0:	e7df      	b.n	8001b72 <HAL_DMA_Start_IT+0x26>
  __HAL_LOCK(hdma);
 8001bb2:	2002      	movs	r0, #2
 8001bb4:	e7dd      	b.n	8001b72 <HAL_DMA_Start_IT+0x26>
	...

08001bb8 <HAL_DMA_IRQHandler>:
{
 8001bb8:	b5f0      	push	{r4, r5, r6, r7, lr}
 8001bba:	b083      	sub	sp, #12
 8001bbc:	4604      	mov	r4, r0
  __IO uint32_t count = 0U;
 8001bbe:	2300      	movs	r3, #0
 8001bc0:	9301      	str	r3, [sp, #4]
  uint32_t timeout = SystemCoreClock / 9600U;
 8001bc2:	4b72      	ldr	r3, [pc, #456]	@ (8001d8c <HAL_DMA_IRQHandler+0x1d4>)
 8001bc4:	681d      	ldr	r5, [r3, #0]
 8001bc6:	4b72      	ldr	r3, [pc, #456]	@ (8001d90 <HAL_DMA_IRQHandler+0x1d8>)
 8001bc8:	fba3 3505 	umull	r3, r5, r3, r5
 8001bcc:	0aad      	lsrs	r5, r5, #10
  DMA_Base_Registers *regs = (DMA_Base_Registers *)hdma->StreamBaseAddress;
 8001bce:	6d87      	ldr	r7, [r0, #88]	@ 0x58
  tmpisr = regs->ISR;
 8001bd0:	683e      	ldr	r6, [r7, #0]
  if ((tmpisr & (DMA_FLAG_TEIF0_4 << hdma->StreamIndex)) != RESET)
 8001bd2:	6dc2      	ldr	r2, [r0, #92]	@ 0x5c
 8001bd4:	2308      	movs	r3, #8
 8001bd6:	4093      	lsls	r3, r2
 8001bd8:	4233      	tst	r3, r6
 8001bda:	d010      	beq.n	8001bfe <HAL_DMA_IRQHandler+0x46>
    if(__HAL_DMA_GET_IT_SOURCE(hdma, DMA_IT_TE) != RESET)
 8001bdc:	6803      	ldr	r3, [r0, #0]
 8001bde:	681a      	ldr	r2, [r3, #0]
 8001be0:	f012 0f04 	tst.w	r2, #4
 8001be4:	d00b      	beq.n	8001bfe <HAL_DMA_IRQHandler+0x46>
      hdma->Instance->CR  &= ~(DMA_IT_TE);
 8001be6:	681a      	ldr	r2, [r3, #0]
 8001be8:	f022 0204 	bic.w	r2, r2, #4
 8001bec:	601a      	str	r2, [r3, #0]
      regs->IFCR = DMA_FLAG_TEIF0_4 << hdma->StreamIndex;
 8001bee:	6dc2      	ldr	r2, [r0, #92]	@ 0x5c
 8001bf0:	2308      	movs	r3, #8
 8001bf2:	4093      	lsls	r3, r2
 8001bf4:	60bb      	str	r3, [r7, #8]
      hdma->ErrorCode |= HAL_DMA_ERROR_TE;
 8001bf6:	6d43      	ldr	r3, [r0, #84]	@ 0x54
 8001bf8:	f043 0301 	orr.w	r3, r3, #1
 8001bfc:	6543      	str	r3, [r0, #84]	@ 0x54
  if ((tmpisr & (DMA_FLAG_FEIF0_4 << hdma->StreamIndex)) != RESET)
 8001bfe:	6de2      	ldr	r2, [r4, #92]	@ 0x5c
 8001c00:	2301      	movs	r3, #1
 8001c02:	4093      	lsls	r3, r2
 8001c04:	4233      	tst	r3, r6
 8001c06:	d009      	beq.n	8001c1c <HAL_DMA_IRQHandler+0x64>
    if(__HAL_DMA_GET_IT_SOURCE(hdma, DMA_IT_FE) != RESET)
 8001c08:	6822      	ldr	r2, [r4, #0]
 8001c0a:	6952      	ldr	r2, [r2, #20]
 8001c0c:	f012 0f80 	tst.w	r2, #128	@ 0x80
 8001c10:	d004      	beq.n	8001c1c <HAL_DMA_IRQHandler+0x64>
      regs->IFCR = DMA_FLAG_FEIF0_4 << hdma->StreamIndex;
 8001c12:	60bb      	str	r3, [r7, #8]
      hdma->ErrorCode |= HAL_DMA_ERROR_FE;
 8001c14:	6d63      	ldr	r3, [r4, #84]	@ 0x54
 8001c16:	f043 0302 	orr.w	r3, r3, #2
 8001c1a:	6563      	str	r3, [r4, #84]	@ 0x54
  if ((tmpisr & (DMA_FLAG_DMEIF0_4 << hdma->StreamIndex)) != RESET)
 8001c1c:	6de2      	ldr	r2, [r4, #92]	@ 0x5c
 8001c1e:	2304      	movs	r3, #4
 8001c20:	4093      	lsls	r3, r2
 8001c22:	4233      	tst	r3, r6
 8001c24:	d009      	beq.n	8001c3a <HAL_DMA_IRQHandler+0x82>
    if(__HAL_DMA_GET_IT_SOURCE(hdma, DMA_IT_DME) != RESET)
 8001c26:	6822      	ldr	r2, [r4, #0]
 8001c28:	6812      	ldr	r2, [r2, #0]
 8001c2a:	f012 0f02 	tst.w	r2, #2
 8001c2e:	d004      	beq.n	8001c3a <HAL_DMA_IRQHandler+0x82>
      regs->IFCR = DMA_FLAG_DMEIF0_4 << hdma->StreamIndex;
 8001c30:	60bb      	str	r3, [r7, #8]
      hdma->ErrorCode |= HAL_DMA_ERROR_DME;
 8001c32:	6d63      	ldr	r3, [r4, #84]	@ 0x54
 8001c34:	f043 0304 	orr.w	r3, r3, #4
 8001c38:	6563      	str	r3, [r4, #84]	@ 0x54
  if ((tmpisr & (DMA_FLAG_HTIF0_4 << hdma->StreamIndex)) != RESET)
 8001c3a:	6de2      	ldr	r2, [r4, #92]	@ 0x5c
 8001c3c:	2310      	movs	r3, #16
 8001c3e:	4093      	lsls	r3, r2
 8001c40:	4233      	tst	r3, r6
 8001c42:	d024      	beq.n	8001c8e <HAL_DMA_IRQHandler+0xd6>
    if(__HAL_DMA_GET_IT_SOURCE(hdma, DMA_IT_HT) != RESET)
 8001c44:	6822      	ldr	r2, [r4, #0]
 8001c46:	6812      	ldr	r2, [r2, #0]
 8001c48:	f012 0f08 	tst.w	r2, #8
 8001c4c:	d01f      	beq.n	8001c8e <HAL_DMA_IRQHandler+0xd6>
      regs->IFCR = DMA_FLAG_HTIF0_4 << hdma->StreamIndex;
 8001c4e:	60bb      	str	r3, [r7, #8]
      if(((hdma->Instance->CR) & (uint32_t)(DMA_SxCR_DBM)) != RESET)
 8001c50:	6823      	ldr	r3, [r4, #0]
 8001c52:	681a      	ldr	r2, [r3, #0]
 8001c54:	f412 2f80 	tst.w	r2, #262144	@ 0x40000
 8001c58:	d00d      	beq.n	8001c76 <HAL_DMA_IRQHandler+0xbe>
        if((hdma->Instance->CR & DMA_SxCR_CT) == RESET)
 8001c5a:	681b      	ldr	r3, [r3, #0]
 8001c5c:	f413 2f00 	tst.w	r3, #524288	@ 0x80000
 8001c60:	d104      	bne.n	8001c6c <HAL_DMA_IRQHandler+0xb4>
          if(hdma->XferHalfCpltCallback != NULL)
 8001c62:	6c23      	ldr	r3, [r4, #64]	@ 0x40
 8001c64:	b19b      	cbz	r3, 8001c8e <HAL_DMA_IRQHandler+0xd6>
            hdma->XferHalfCpltCallback(hdma);
 8001c66:	4620      	mov	r0, r4
 8001c68:	4798      	blx	r3
 8001c6a:	e010      	b.n	8001c8e <HAL_DMA_IRQHandler+0xd6>
          if(hdma->XferM1HalfCpltCallback != NULL)
 8001c6c:	6ca3      	ldr	r3, [r4, #72]	@ 0x48
 8001c6e:	b173      	cbz	r3, 8001c8e <HAL_DMA_IRQHandler+0xd6>
            hdma->XferM1HalfCpltCallback(hdma);
 8001c70:	4620      	mov	r0, r4
 8001c72:	4798      	blx	r3
 8001c74:	e00b      	b.n	8001c8e <HAL_DMA_IRQHandler+0xd6>
        if((hdma->Instance->CR & DMA_SxCR_CIRC) == RESET)
 8001c76:	681a      	ldr	r2, [r3, #0]
 8001c78:	f412 7f80 	tst.w	r2, #256	@ 0x100
 8001c7c:	d103      	bne.n	8001c86 <HAL_DMA_IRQHandler+0xce>
          hdma->Instance->CR  &= ~(DMA_IT_HT);
 8001c7e:	681a      	ldr	r2, [r3, #0]
 8001c80:	f022 0208 	bic.w	r2, r2, #8
 8001c84:	601a      	str	r2, [r3, #0]
        if(hdma->XferHalfCpltCallback != NULL)
 8001c86:	6c23      	ldr	r3, [r4, #64]	@ 0x40
 8001c88:	b10b      	cbz	r3, 8001c8e <HAL_DMA_IRQHandler+0xd6>
          hdma->XferHalfCpltCallback(hdma);
 8001c8a:	4620      	mov	r0, r4
 8001c8c:	4798      	blx	r3
  if ((tmpisr & (DMA_FLAG_TCIF0_4 << hdma->StreamIndex)) != RESET)
 8001c8e:	6de2      	ldr	r2, [r4, #92]	@ 0x5c
 8001c90:	2320      	movs	r3, #32
 8001c92:	4093      	lsls	r3, r2
 8001c94:	4233      	tst	r3, r6
 8001c96:	d054      	beq.n	8001d42 <HAL_DMA_IRQHandler+0x18a>
    if(__HAL_DMA_GET_IT_SOURCE(hdma, DMA_IT_TC) != RESET)
 8001c98:	6822      	ldr	r2, [r4, #0]
 8001c9a:	6812      	ldr	r2, [r2, #0]
 8001c9c:	f012 0f10 	tst.w	r2, #16
 8001ca0:	d04f      	beq.n	8001d42 <HAL_DMA_IRQHandler+0x18a>
      regs->IFCR = DMA_FLAG_TCIF0_4 << hdma->StreamIndex;
 8001ca2:	60bb      	str	r3, [r7, #8]
      if(HAL_DMA_STATE_ABORT == hdma->State)
 8001ca4:	f894 3035 	ldrb.w	r3, [r4, #53]	@ 0x35
 8001ca8:	2b05      	cmp	r3, #5
 8001caa:	d00e      	beq.n	8001cca <HAL_DMA_IRQHandler+0x112>
      if(((hdma->Instance->CR) & (uint32_t)(DMA_SxCR_DBM)) != RESET)
 8001cac:	6823      	ldr	r3, [r4, #0]
 8001cae:	681a      	ldr	r2, [r3, #0]
 8001cb0:	f412 2f80 	tst.w	r2, #262144	@ 0x40000
 8001cb4:	d033      	beq.n	8001d1e <HAL_DMA_IRQHandler+0x166>
        if((hdma->Instance->CR & DMA_SxCR_CT) == RESET)
 8001cb6:	681b      	ldr	r3, [r3, #0]
 8001cb8:	f413 2f00 	tst.w	r3, #524288	@ 0x80000
 8001cbc:	d12a      	bne.n	8001d14 <HAL_DMA_IRQHandler+0x15c>
          if(hdma->XferM1CpltCallback != NULL)
 8001cbe:	6c63      	ldr	r3, [r4, #68]	@ 0x44
 8001cc0:	2b00      	cmp	r3, #0
 8001cc2:	d03e      	beq.n	8001d42 <HAL_DMA_IRQHandler+0x18a>
            hdma->XferM1CpltCallback(hdma);
 8001cc4:	4620      	mov	r0, r4
 8001cc6:	4798      	blx	r3
 8001cc8:	e03b      	b.n	8001d42 <HAL_DMA_IRQHandler+0x18a>
        hdma->Instance->CR  &= ~(DMA_IT_TC | DMA_IT_TE | DMA_IT_DME);
 8001cca:	6822      	ldr	r2, [r4, #0]
 8001ccc:	6813      	ldr	r3, [r2, #0]
 8001cce:	f023 0316 	bic.w	r3, r3, #22
 8001cd2:	6013      	str	r3, [r2, #0]
        hdma->Instance->FCR &= ~(DMA_IT_FE);
 8001cd4:	6822      	ldr	r2, [r4, #0]
 8001cd6:	6953      	ldr	r3, [r2, #20]
 8001cd8:	f023 0380 	bic.w	r3, r3, #128	@ 0x80
 8001cdc:	6153      	str	r3, [r2, #20]
        if((hdma->XferHalfCpltCallback != NULL) || (hdma->XferM1HalfCpltCallback != NULL))
 8001cde:	6c23      	ldr	r3, [r4, #64]	@ 0x40
 8001ce0:	b1a3      	cbz	r3, 8001d0c <HAL_DMA_IRQHandler+0x154>
          hdma->Instance->CR  &= ~(DMA_IT_HT);
 8001ce2:	6822      	ldr	r2, [r4, #0]
 8001ce4:	6813      	ldr	r3, [r2, #0]
 8001ce6:	f023 0308 	bic.w	r3, r3, #8
 8001cea:	6013      	str	r3, [r2, #0]
        regs->IFCR = 0x3FU << hdma->StreamIndex;
 8001cec:	6de2      	ldr	r2, [r4, #92]	@ 0x5c
 8001cee:	233f      	movs	r3, #63	@ 0x3f
 8001cf0:	4093      	lsls	r3, r2
 8001cf2:	60bb      	str	r3, [r7, #8]
        hdma->State = HAL_DMA_STATE_READY;
 8001cf4:	2301      	movs	r3, #1
 8001cf6:	f884 3035 	strb.w	r3, [r4, #53]	@ 0x35
        __HAL_UNLOCK(hdma);
 8001cfa:	2300      	movs	r3, #0
 8001cfc:	f884 3034 	strb.w	r3, [r4, #52]	@ 0x34
        if(hdma->XferAbortCallback != NULL)
 8001d00:	6d23      	ldr	r3, [r4, #80]	@ 0x50
 8001d02:	2b00      	cmp	r3, #0
 8001d04:	d03f      	beq.n	8001d86 <HAL_DMA_IRQHandler+0x1ce>
          hdma->XferAbortCallback(hdma);
 8001d06:	4620      	mov	r0, r4
 8001d08:	4798      	blx	r3
        return;
 8001d0a:	e03c      	b.n	8001d86 <HAL_DMA_IRQHandler+0x1ce>
        if((hdma->XferHalfCpltCallback != NULL) || (hdma->XferM1HalfCpltCallback != NULL))
 8001d0c:	6ca3      	ldr	r3, [r4, #72]	@ 0x48
 8001d0e:	2b00      	cmp	r3, #0
 8001d10:	d1e7      	bne.n	8001ce2 <HAL_DMA_IRQHandler+0x12a>
 8001d12:	e7eb      	b.n	8001cec <HAL_DMA_IRQHandler+0x134>
          if(hdma->XferCpltCallback != NULL)
 8001d14:	6be3      	ldr	r3, [r4, #60]	@ 0x3c
 8001d16:	b1a3      	cbz	r3, 8001d42 <HAL_DMA_IRQHandler+0x18a>
            hdma->XferCpltCallback(hdma);
 8001d18:	4620      	mov	r0, r4
 8001d1a:	4798      	blx	r3
 8001d1c:	e011      	b.n	8001d42 <HAL_DMA_IRQHandler+0x18a>
        if((hdma->Instance->CR & DMA_SxCR_CIRC) == RESET)
 8001d1e:	681a      	ldr	r2, [r3, #0]
 8001d20:	f412 7f80 	tst.w	r2, #256	@ 0x100
 8001d24:	d109      	bne.n	8001d3a <HAL_DMA_IRQHandler+0x182>
          hdma->Instance->CR  &= ~(DMA_IT_TC);
 8001d26:	681a      	ldr	r2, [r3, #0]
 8001d28:	f022 0210 	bic.w	r2, r2, #16
 8001d2c:	601a      	str	r2, [r3, #0]
          hdma->State = HAL_DMA_STATE_READY;
 8001d2e:	2301      	movs	r3, #1
 8001d30:	f884 3035 	strb.w	r3, [r4, #53]	@ 0x35
          __HAL_UNLOCK(hdma);
 8001d34:	2300      	movs	r3, #0
 8001d36:	f884 3034 	strb.w	r3, [r4, #52]	@ 0x34
        if(hdma->XferCpltCallback != NULL)
 8001d3a:	6be3      	ldr	r3, [r4, #60]	@ 0x3c
 8001d3c:	b10b      	cbz	r3, 8001d42 <HAL_DMA_IRQHandler+0x18a>
          hdma->XferCpltCallback(hdma);
 8001d3e:	4620      	mov	r0, r4
 8001d40:	4798      	blx	r3
  if(hdma->ErrorCode != HAL_DMA_ERROR_NONE)
 8001d42:	6d63      	ldr	r3, [r4, #84]	@ 0x54
 8001d44:	b1fb      	cbz	r3, 8001d86 <HAL_DMA_IRQHandler+0x1ce>
    if((hdma->ErrorCode & HAL_DMA_ERROR_TE) != RESET)
 8001d46:	6d63      	ldr	r3, [r4, #84]	@ 0x54
 8001d48:	f013 0f01 	tst.w	r3, #1
 8001d4c:	d017      	beq.n	8001d7e <HAL_DMA_IRQHandler+0x1c6>
      hdma->State = HAL_DMA_STATE_ABORT;
 8001d4e:	2305      	movs	r3, #5
 8001d50:	f884 3035 	strb.w	r3, [r4, #53]	@ 0x35
      __HAL_DMA_DISABLE(hdma);
 8001d54:	6822      	ldr	r2, [r4, #0]
 8001d56:	6813      	ldr	r3, [r2, #0]
 8001d58:	f023 0301 	bic.w	r3, r3, #1
 8001d5c:	6013      	str	r3, [r2, #0]
        if (++count > timeout)
 8001d5e:	9b01      	ldr	r3, [sp, #4]
 8001d60:	3301      	adds	r3, #1
 8001d62:	9301      	str	r3, [sp, #4]
 8001d64:	42ab      	cmp	r3, r5
 8001d66:	d804      	bhi.n	8001d72 <HAL_DMA_IRQHandler+0x1ba>
      while((hdma->Instance->CR & DMA_SxCR_EN) != RESET);
 8001d68:	6823      	ldr	r3, [r4, #0]
 8001d6a:	681b      	ldr	r3, [r3, #0]
 8001d6c:	f013 0f01 	tst.w	r3, #1
 8001d70:	d1f5      	bne.n	8001d5e <HAL_DMA_IRQHandler+0x1a6>
      hdma->State = HAL_DMA_STATE_READY;
 8001d72:	2301      	movs	r3, #1
 8001d74:	f884 3035 	strb.w	r3, [r4, #53]	@ 0x35
      __HAL_UNLOCK(hdma);
 8001d78:	2300      	movs	r3, #0
 8001d7a:	f884 3034 	strb.w	r3, [r4, #52]	@ 0x34
    if(hdma->XferErrorCallback != NULL)
 8001d7e:	6ce3      	ldr	r3, [r4, #76]	@ 0x4c
 8001d80:	b10b      	cbz	r3, 8001d86 <HAL_DMA_IRQHandler+0x1ce>
      hdma->XferErrorCallback(hdma);
 8001d82:	4620      	mov	r0, r4
 8001d84:	4798      	blx	r3
}
 8001d86:	b003      	add	sp, #12
 8001d88:	bdf0      	pop	{r4, r5, r6, r7, pc}
 8001d8a:	bf00      	nop
 8001d8c:	20000018 	.word	0x20000018
 8001d90:	1b4e81b5 	.word	0x1b4e81b5

08001d94 <HAL_GPIO_Init>:
  * @param  GPIO_Init pointer to a GPIO_InitTypeDef structure that contains
  *         the configuration information for the specified GPIO peripheral.
  * @retval None
  */
void HAL_GPIO_Init(GPIO_TypeDef  *GPIOx, GPIO_InitTypeDef *GPIO_Init)
{
 8001d94:	b570      	push	{r4, r5, r6, lr}
 8001d96:	b082      	sub	sp, #8
 8001d98:	468e      	mov	lr, r1
  assert_param(IS_GPIO_ALL_INSTANCE(GPIOx));
  assert_param(IS_GPIO_PIN(GPIO_Init->Pin));
  assert_param(IS_GPIO_MODE(GPIO_Init->Mode));

  /* Configure the port pins */
  for(position = 0U; position < GPIO_NUMBER; position++)
 8001d9a:	2300      	movs	r3, #0
 8001d9c:	e069      	b.n	8001e72 <HAL_GPIO_Init+0xde>
          (GPIO_Init->Mode & GPIO_MODE) == MODE_AF)
      {
        /* Check the Speed parameter */
        assert_param(IS_GPIO_SPEED(GPIO_Init->Speed));
        /* Configure the IO Speed */
        temp = GPIOx->OSPEEDR; 
 8001d9e:	6885      	ldr	r5, [r0, #8]
        temp &= ~(GPIO_OSPEEDER_OSPEEDR0 << (position * 2U));
 8001da0:	ea4f 0c43 	mov.w	ip, r3, lsl #1
 8001da4:	2103      	movs	r1, #3
 8001da6:	fa01 f10c 	lsl.w	r1, r1, ip
 8001daa:	ea25 0501 	bic.w	r5, r5, r1
        temp |= (GPIO_Init->Speed << (position * 2U));
 8001dae:	f8de 100c 	ldr.w	r1, [lr, #12]
 8001db2:	fa01 f10c 	lsl.w	r1, r1, ip
 8001db6:	4329      	orrs	r1, r5
        GPIOx->OSPEEDR = temp;
 8001db8:	6081      	str	r1, [r0, #8]

        /* Configure the IO Output Type */
        temp = GPIOx->OTYPER;
 8001dba:	6841      	ldr	r1, [r0, #4]
        temp &= ~(GPIO_OTYPER_OT_0 << position) ;
 8001dbc:	ea21 0102 	bic.w	r1, r1, r2
        temp |= (((GPIO_Init->Mode & OUTPUT_TYPE) >> OUTPUT_TYPE_Pos) << position);
 8001dc0:	f8de 2004 	ldr.w	r2, [lr, #4]
 8001dc4:	f3c2 1200 	ubfx	r2, r2, #4, #1
 8001dc8:	409a      	lsls	r2, r3
 8001dca:	430a      	orrs	r2, r1
        GPIOx->OTYPER = temp;
 8001dcc:	6042      	str	r2, [r0, #4]
 8001dce:	e065      	b.n	8001e9c <HAL_GPIO_Init+0x108>
      if((GPIO_Init->Mode & GPIO_MODE) == MODE_AF)
      {
        /* Check the Alternate function parameter */
        assert_param(IS_GPIO_AF(GPIO_Init->Alternate));
        /* Configure Alternate function mapped with the current IO */
        temp = GPIOx->AFR[position >> 3U];
 8001dd0:	08d9      	lsrs	r1, r3, #3
 8001dd2:	3108      	adds	r1, #8
 8001dd4:	f850 2021 	ldr.w	r2, [r0, r1, lsl #2]
        temp &= ~(0xFU << ((uint32_t)(position & 0x07U) * 4U)) ;
 8001dd8:	f003 0507 	and.w	r5, r3, #7
 8001ddc:	00ad      	lsls	r5, r5, #2
 8001dde:	f04f 0c0f 	mov.w	ip, #15
 8001de2:	fa0c fc05 	lsl.w	ip, ip, r5
 8001de6:	ea22 0c0c 	bic.w	ip, r2, ip
        temp |= ((uint32_t)(GPIO_Init->Alternate) << (((uint32_t)position & 0x07U) * 4U));
 8001dea:	f8de 2010 	ldr.w	r2, [lr, #16]
 8001dee:	40aa      	lsls	r2, r5
 8001df0:	ea42 020c 	orr.w	r2, r2, ip
        GPIOx->AFR[position >> 3U] = temp;
 8001df4:	f840 2021 	str.w	r2, [r0, r1, lsl #2]
 8001df8:	e067      	b.n	8001eca <HAL_GPIO_Init+0x136>
        /* Enable SYSCFG Clock */
        __HAL_RCC_SYSCFG_CLK_ENABLE();

        temp = SYSCFG->EXTICR[position >> 2U];
        temp &= ~(0x0FU << (4U * (position & 0x03U)));
        temp |= ((uint32_t)(GPIO_GET_INDEX(GPIOx)) << (4U * (position & 0x03U)));
 8001dfa:	2207      	movs	r2, #7
 8001dfc:	e000      	b.n	8001e00 <HAL_GPIO_Init+0x6c>
 8001dfe:	2200      	movs	r2, #0
 8001e00:	fa02 f20c 	lsl.w	r2, r2, ip
 8001e04:	432a      	orrs	r2, r5
        SYSCFG->EXTICR[position >> 2U] = temp;
 8001e06:	3102      	adds	r1, #2
 8001e08:	4d60      	ldr	r5, [pc, #384]	@ (8001f8c <HAL_GPIO_Init+0x1f8>)
 8001e0a:	f845 2021 	str.w	r2, [r5, r1, lsl #2]

        /* Clear Rising Falling edge configuration */
        temp = EXTI->RTSR;
 8001e0e:	4a60      	ldr	r2, [pc, #384]	@ (8001f90 <HAL_GPIO_Init+0x1fc>)
 8001e10:	6891      	ldr	r1, [r2, #8]
        temp &= ~((uint32_t)iocurrent);
 8001e12:	43e2      	mvns	r2, r4
 8001e14:	ea21 0504 	bic.w	r5, r1, r4
        if((GPIO_Init->Mode & TRIGGER_RISING) != 0x00U)
 8001e18:	f8de 6004 	ldr.w	r6, [lr, #4]
 8001e1c:	f416 1f80 	tst.w	r6, #1048576	@ 0x100000
 8001e20:	d001      	beq.n	8001e26 <HAL_GPIO_Init+0x92>
        {
          temp |= iocurrent;
 8001e22:	ea44 0501 	orr.w	r5, r4, r1
        }
        EXTI->RTSR = temp;
 8001e26:	495a      	ldr	r1, [pc, #360]	@ (8001f90 <HAL_GPIO_Init+0x1fc>)
 8001e28:	608d      	str	r5, [r1, #8]

        temp = EXTI->FTSR;
 8001e2a:	68c9      	ldr	r1, [r1, #12]
        temp &= ~((uint32_t)iocurrent);
 8001e2c:	ea02 0501 	and.w	r5, r2, r1
        if((GPIO_Init->Mode & TRIGGER_FALLING) != 0x00U)
 8001e30:	f8de 6004 	ldr.w	r6, [lr, #4]
 8001e34:	f416 1f00 	tst.w	r6, #2097152	@ 0x200000
 8001e38:	d001      	beq.n	8001e3e <HAL_GPIO_Init+0xaa>
        {
          temp |= iocurrent;
 8001e3a:	ea44 0501 	orr.w	r5, r4, r1
        }
        EXTI->FTSR = temp;
 8001e3e:	4954      	ldr	r1, [pc, #336]	@ (8001f90 <HAL_GPIO_Init+0x1fc>)
 8001e40:	60cd      	str	r5, [r1, #12]

        temp = EXTI->EMR;
 8001e42:	6849      	ldr	r1, [r1, #4]
        temp &= ~((uint32_t)iocurrent);
 8001e44:	ea02 0501 	and.w	r5, r2, r1
        if((GPIO_Init->Mode & EXTI_EVT) != 0x00U)
 8001e48:	f8de 6004 	ldr.w	r6, [lr, #4]
 8001e4c:	f416 3f00 	tst.w	r6, #131072	@ 0x20000
 8001e50:	d001      	beq.n	8001e56 <HAL_GPIO_Init+0xc2>
        {
          temp |= iocurrent;
 8001e52:	ea44 0501 	orr.w	r5, r4, r1
        }
        EXTI->EMR = temp;
 8001e56:	494e      	ldr	r1, [pc, #312]	@ (8001f90 <HAL_GPIO_Init+0x1fc>)
 8001e58:	604d      	str	r5, [r1, #4]

        /* Clear EXTI line configuration */
        temp = EXTI->IMR;
 8001e5a:	6809      	ldr	r1, [r1, #0]
        temp &= ~((uint32_t)iocurrent);
 8001e5c:	400a      	ands	r2, r1
        if((GPIO_Init->Mode & EXTI_IT) != 0x00U)
 8001e5e:	f8de 5004 	ldr.w	r5, [lr, #4]
 8001e62:	f415 3f80 	tst.w	r5, #65536	@ 0x10000
 8001e66:	d001      	beq.n	8001e6c <HAL_GPIO_Init+0xd8>
        {
          temp |= iocurrent;
 8001e68:	ea44 0201 	orr.w	r2, r4, r1
        }
        EXTI->IMR = temp;
 8001e6c:	4948      	ldr	r1, [pc, #288]	@ (8001f90 <HAL_GPIO_Init+0x1fc>)
 8001e6e:	600a      	str	r2, [r1, #0]
  for(position = 0U; position < GPIO_NUMBER; position++)
 8001e70:	3301      	adds	r3, #1
 8001e72:	2b0f      	cmp	r3, #15
 8001e74:	f200 8087 	bhi.w	8001f86 <HAL_GPIO_Init+0x1f2>
    ioposition = 0x01U << position;
 8001e78:	2201      	movs	r2, #1
 8001e7a:	409a      	lsls	r2, r3
    iocurrent = (uint32_t)(GPIO_Init->Pin) & ioposition;
 8001e7c:	f8de 1000 	ldr.w	r1, [lr]
 8001e80:	ea01 0402 	and.w	r4, r1, r2
    if(iocurrent == ioposition)
 8001e84:	ea32 0101 	bics.w	r1, r2, r1
 8001e88:	d1f2      	bne.n	8001e70 <HAL_GPIO_Init+0xdc>
      if(((GPIO_Init->Mode & GPIO_MODE) == MODE_OUTPUT) || \
 8001e8a:	f8de 1004 	ldr.w	r1, [lr, #4]
 8001e8e:	f001 0c03 	and.w	ip, r1, #3
 8001e92:	f10c 3cff 	add.w	ip, ip, #4294967295
 8001e96:	f1bc 0f01 	cmp.w	ip, #1
 8001e9a:	d980      	bls.n	8001d9e <HAL_GPIO_Init+0xa>
      if((GPIO_Init->Mode & GPIO_MODE) != MODE_ANALOG)
 8001e9c:	f8de 2004 	ldr.w	r2, [lr, #4]
 8001ea0:	f002 0203 	and.w	r2, r2, #3
 8001ea4:	2a03      	cmp	r2, #3
 8001ea6:	d00a      	beq.n	8001ebe <HAL_GPIO_Init+0x12a>
        temp = GPIOx->PUPDR;
 8001ea8:	68c1      	ldr	r1, [r0, #12]
        temp &= ~(GPIO_PUPDR_PUPDR0 << (position * 2U));
 8001eaa:	005d      	lsls	r5, r3, #1
 8001eac:	2203      	movs	r2, #3
 8001eae:	40aa      	lsls	r2, r5
 8001eb0:	ea21 0102 	bic.w	r1, r1, r2
        temp |= ((GPIO_Init->Pull) << (position * 2U));
 8001eb4:	f8de 2008 	ldr.w	r2, [lr, #8]
 8001eb8:	40aa      	lsls	r2, r5
 8001eba:	430a      	orrs	r2, r1
        GPIOx->PUPDR = temp;
 8001ebc:	60c2      	str	r2, [r0, #12]
      if((GPIO_Init->Mode & GPIO_MODE) == MODE_AF)
 8001ebe:	f8de 2004 	ldr.w	r2, [lr, #4]
 8001ec2:	f002 0203 	and.w	r2, r2, #3
 8001ec6:	2a02      	cmp	r2, #2
 8001ec8:	d082      	beq.n	8001dd0 <HAL_GPIO_Init+0x3c>
      temp = GPIOx->MODER;
 8001eca:	6801      	ldr	r1, [r0, #0]
      temp &= ~(GPIO_MODER_MODER0 << (position * 2U));
 8001ecc:	ea4f 0c43 	mov.w	ip, r3, lsl #1
 8001ed0:	2203      	movs	r2, #3
 8001ed2:	fa02 f20c 	lsl.w	r2, r2, ip
 8001ed6:	ea21 0102 	bic.w	r1, r1, r2
      temp |= ((GPIO_Init->Mode & GPIO_MODE) << (position * 2U));
 8001eda:	f8de 2004 	ldr.w	r2, [lr, #4]
 8001ede:	f002 0203 	and.w	r2, r2, #3
 8001ee2:	fa02 f20c 	lsl.w	r2, r2, ip
 8001ee6:	430a      	orrs	r2, r1
      GPIOx->MODER = temp;
 8001ee8:	6002      	str	r2, [r0, #0]
      if((GPIO_Init->Mode & EXTI_MODE) != 0x00U)
 8001eea:	f8de 2004 	ldr.w	r2, [lr, #4]
 8001eee:	f412 3f40 	tst.w	r2, #196608	@ 0x30000
 8001ef2:	d0bd      	beq.n	8001e70 <HAL_GPIO_Init+0xdc>
        __HAL_RCC_SYSCFG_CLK_ENABLE();
 8001ef4:	2200      	movs	r2, #0
 8001ef6:	9201      	str	r2, [sp, #4]
 8001ef8:	4a26      	ldr	r2, [pc, #152]	@ (8001f94 <HAL_GPIO_Init+0x200>)
 8001efa:	6c51      	ldr	r1, [r2, #68]	@ 0x44
 8001efc:	f441 4180 	orr.w	r1, r1, #16384	@ 0x4000
 8001f00:	6451      	str	r1, [r2, #68]	@ 0x44
 8001f02:	6c52      	ldr	r2, [r2, #68]	@ 0x44
 8001f04:	f402 4280 	and.w	r2, r2, #16384	@ 0x4000
 8001f08:	9201      	str	r2, [sp, #4]
 8001f0a:	9a01      	ldr	r2, [sp, #4]
        temp = SYSCFG->EXTICR[position >> 2U];
 8001f0c:	0899      	lsrs	r1, r3, #2
 8001f0e:	1c8d      	adds	r5, r1, #2
 8001f10:	4a1e      	ldr	r2, [pc, #120]	@ (8001f8c <HAL_GPIO_Init+0x1f8>)
 8001f12:	f852 5025 	ldr.w	r5, [r2, r5, lsl #2]
        temp &= ~(0x0FU << (4U * (position & 0x03U)));
 8001f16:	f003 0c03 	and.w	ip, r3, #3
 8001f1a:	ea4f 0c8c 	mov.w	ip, ip, lsl #2
 8001f1e:	220f      	movs	r2, #15
 8001f20:	fa02 f20c 	lsl.w	r2, r2, ip
 8001f24:	ea25 0502 	bic.w	r5, r5, r2
        temp |= ((uint32_t)(GPIO_GET_INDEX(GPIOx)) << (4U * (position & 0x03U)));
 8001f28:	4a1b      	ldr	r2, [pc, #108]	@ (8001f98 <HAL_GPIO_Init+0x204>)
 8001f2a:	4290      	cmp	r0, r2
 8001f2c:	f43f af67 	beq.w	8001dfe <HAL_GPIO_Init+0x6a>
 8001f30:	f502 6280 	add.w	r2, r2, #1024	@ 0x400
 8001f34:	4290      	cmp	r0, r2
 8001f36:	d01a      	beq.n	8001f6e <HAL_GPIO_Init+0x1da>
 8001f38:	f502 6280 	add.w	r2, r2, #1024	@ 0x400
 8001f3c:	4290      	cmp	r0, r2
 8001f3e:	d018      	beq.n	8001f72 <HAL_GPIO_Init+0x1de>
 8001f40:	f502 6280 	add.w	r2, r2, #1024	@ 0x400
 8001f44:	4290      	cmp	r0, r2
 8001f46:	d016      	beq.n	8001f76 <HAL_GPIO_Init+0x1e2>
 8001f48:	f502 6280 	add.w	r2, r2, #1024	@ 0x400
 8001f4c:	4290      	cmp	r0, r2
 8001f4e:	d014      	beq.n	8001f7a <HAL_GPIO_Init+0x1e6>
 8001f50:	f502 6280 	add.w	r2, r2, #1024	@ 0x400
 8001f54:	4290      	cmp	r0, r2
 8001f56:	d012      	beq.n	8001f7e <HAL_GPIO_Init+0x1ea>
 8001f58:	f502 6280 	add.w	r2, r2, #1024	@ 0x400
 8001f5c:	4290      	cmp	r0, r2
 8001f5e:	d010      	beq.n	8001f82 <HAL_GPIO_Init+0x1ee>
 8001f60:	f502 6280 	add.w	r2, r2, #1024	@ 0x400
 8001f64:	4290      	cmp	r0, r2
 8001f66:	f43f af48 	beq.w	8001dfa <HAL_GPIO_Init+0x66>
 8001f6a:	2208      	movs	r2, #8
 8001f6c:	e748      	b.n	8001e00 <HAL_GPIO_Init+0x6c>
 8001f6e:	2201      	movs	r2, #1
 8001f70:	e746      	b.n	8001e00 <HAL_GPIO_Init+0x6c>
 8001f72:	2202      	movs	r2, #2
 8001f74:	e744      	b.n	8001e00 <HAL_GPIO_Init+0x6c>
 8001f76:	2203      	movs	r2, #3
 8001f78:	e742      	b.n	8001e00 <HAL_GPIO_Init+0x6c>
 8001f7a:	2204      	movs	r2, #4
 8001f7c:	e740      	b.n	8001e00 <HAL_GPIO_Init+0x6c>
 8001f7e:	2205      	movs	r2, #5
 8001f80:	e73e      	b.n	8001e00 <HAL_GPIO_Init+0x6c>
 8001f82:	2206      	movs	r2, #6
 8001f84:	e73c      	b.n	8001e00 <HAL_GPIO_Init+0x6c>
      }
    }
  }
}
 8001f86:	b002      	add	sp, #8
 8001f88:	bd70      	pop	{r4, r5, r6, pc}
 8001f8a:	bf00      	nop
 8001f8c:	40013800 	.word	0x40013800
 8001f90:	40013c00 	.word	0x40013c00
 8001f94:	40023800 	.word	0x40023800
 8001f98:	40020000 	.word	0x40020000

08001f9c <HAL_GPIO_WritePin>:
{
  /* Check the parameters */
  assert_param(IS_GPIO_PIN(GPIO_Pin));
  assert_param(IS_GPIO_PIN_ACTION(PinState));

  if(PinState != GPIO_PIN_RESET)
 8001f9c:	b10a      	cbz	r2, 8001fa2 <HAL_GPIO_WritePin+0x6>
  {
    GPIOx->BSRR = GPIO_Pin;
 8001f9e:	6181      	str	r1, [r0, #24]
 8001fa0:	4770      	bx	lr
  }
  else
  {
    GPIOx->BSRR = (uint32_t)GPIO_Pin << 16U;
 8001fa2:	0409      	lsls	r1, r1, #16
 8001fa4:	6181      	str	r1, [r0, #24]
  }
}
 8001fa6:	4770      	bx	lr

08001fa8 <HAL_I2C_Init>:
{
  uint32_t freqrange;
  uint32_t pclk1;

  /* Check the I2C handle allocation */
  if (hi2c == NULL)
 8001fa8:	2800      	cmp	r0, #0
 8001faa:	f000 80da 	beq.w	8002162 <HAL_I2C_Init+0x1ba>
{
 8001fae:	b538      	push	{r3, r4, r5, lr}
 8001fb0:	4604      	mov	r4, r0
  assert_param(IS_I2C_DUAL_ADDRESS(hi2c->Init.DualAddressMode));
  assert_param(IS_I2C_OWN_ADDRESS2(hi2c->Init.OwnAddress2));
  assert_param(IS_I2C_GENERAL_CALL(hi2c->Init.GeneralCallMode));
  assert_param(IS_I2C_NO_STRETCH(hi2c->Init.NoStretchMode));

  if (hi2c->State == HAL_I2C_STATE_RESET)
 8001fb2:	f890 303d 	ldrb.w	r3, [r0, #61]	@ 0x3d
 8001fb6:	2b00      	cmp	r3, #0
 8001fb8:	d051      	beq.n	800205e <HAL_I2C_Init+0xb6>
    /* Init the low level hardware : GPIO, CLOCK, NVIC */
    HAL_I2C_MspInit(hi2c);
#endif /* USE_HAL_I2C_REGISTER_CALLBACKS */
  }

  hi2c->State = HAL_I2C_STATE_BUSY;
 8001fba:	2324      	movs	r3, #36	@ 0x24
 8001fbc:	f884 303d 	strb.w	r3, [r4, #61]	@ 0x3d

  /* Disable the selected I2C peripheral */
  __HAL_I2C_DISABLE(hi2c);
 8001fc0:	6822      	ldr	r2, [r4, #0]
 8001fc2:	6813      	ldr	r3, [r2, #0]
 8001fc4:	f023 0301 	bic.w	r3, r3, #1
 8001fc8:	6013      	str	r3, [r2, #0]

  /*Reset I2C*/
  hi2c->Instance->CR1 |= I2C_CR1_SWRST;
 8001fca:	6822      	ldr	r2, [r4, #0]
 8001fcc:	6813      	ldr	r3, [r2, #0]
 8001fce:	f443 4300 	orr.w	r3, r3, #32768	@ 0x8000
 8001fd2:	6013      	str	r3, [r2, #0]
  hi2c->Instance->CR1 &= ~I2C_CR1_SWRST;
 8001fd4:	6822      	ldr	r2, [r4, #0]
 8001fd6:	6813      	ldr	r3, [r2, #0]
 8001fd8:	f423 4300 	bic.w	r3, r3, #32768	@ 0x8000
 8001fdc:	6013      	str	r3, [r2, #0]

  /* Get PCLK1 frequency */
  pclk1 = HAL_RCC_GetPCLK1Freq();
 8001fde:	f001 f9b7 	bl	8003350 <HAL_RCC_GetPCLK1Freq>

  /* Check the minimum allowed PCLK1 frequency */
  if (I2C_MIN_PCLK_FREQ(pclk1, hi2c->Init.ClockSpeed) == 1U)
 8001fe2:	6862      	ldr	r2, [r4, #4]
 8001fe4:	4b61      	ldr	r3, [pc, #388]	@ (800216c <HAL_I2C_Init+0x1c4>)
 8001fe6:	429a      	cmp	r2, r3
 8001fe8:	d83e      	bhi.n	8002068 <HAL_I2C_Init+0xc0>
 8001fea:	4b61      	ldr	r3, [pc, #388]	@ (8002170 <HAL_I2C_Init+0x1c8>)
 8001fec:	4298      	cmp	r0, r3
 8001fee:	bf8c      	ite	hi
 8001ff0:	2300      	movhi	r3, #0
 8001ff2:	2301      	movls	r3, #1
 8001ff4:	2b00      	cmp	r3, #0
 8001ff6:	f040 80b6 	bne.w	8002166 <HAL_I2C_Init+0x1be>
  {
    return HAL_ERROR;
  }

  /* Calculate frequency range */
  freqrange = I2C_FREQRANGE(pclk1);
 8001ffa:	495e      	ldr	r1, [pc, #376]	@ (8002174 <HAL_I2C_Init+0x1cc>)
 8001ffc:	fba1 3100 	umull	r3, r1, r1, r0
 8002000:	0c8b      	lsrs	r3, r1, #18

  /*---------------------------- I2Cx CR2 Configuration ----------------------*/
  /* Configure I2Cx: Frequency range */
  MODIFY_REG(hi2c->Instance->CR2, I2C_CR2_FREQ, freqrange);
 8002002:	f8d4 c000 	ldr.w	ip, [r4]
 8002006:	f8dc 2004 	ldr.w	r2, [ip, #4]
 800200a:	f022 023f 	bic.w	r2, r2, #63	@ 0x3f
 800200e:	ea42 4291 	orr.w	r2, r2, r1, lsr #18
 8002012:	f8cc 2004 	str.w	r2, [ip, #4]

  /*---------------------------- I2Cx TRISE Configuration --------------------*/
  /* Configure I2Cx: Rise Time */
  MODIFY_REG(hi2c->Instance->TRISE, I2C_TRISE_TRISE, I2C_RISE_TIME(freqrange, hi2c->Init.ClockSpeed));
 8002016:	6821      	ldr	r1, [r4, #0]
 8002018:	6a0a      	ldr	r2, [r1, #32]
 800201a:	f022 023f 	bic.w	r2, r2, #63	@ 0x3f
 800201e:	f8df c14c 	ldr.w	ip, [pc, #332]	@ 800216c <HAL_I2C_Init+0x1c4>
 8002022:	6865      	ldr	r5, [r4, #4]
 8002024:	4565      	cmp	r5, ip
 8002026:	d825      	bhi.n	8002074 <HAL_I2C_Init+0xcc>
 8002028:	3301      	adds	r3, #1
 800202a:	4313      	orrs	r3, r2
 800202c:	620b      	str	r3, [r1, #32]

  /*---------------------------- I2Cx CCR Configuration ----------------------*/
  /* Configure I2Cx: Speed */
  MODIFY_REG(hi2c->Instance->CCR, (I2C_CCR_FS | I2C_CCR_DUTY | I2C_CCR_CCR), I2C_SPEED(pclk1, hi2c->Init.ClockSpeed, hi2c->Init.DutyCycle));
 800202e:	6821      	ldr	r1, [r4, #0]
 8002030:	69ca      	ldr	r2, [r1, #28]
 8002032:	f422 424f 	bic.w	r2, r2, #52992	@ 0xcf00
 8002036:	f022 02ff 	bic.w	r2, r2, #255	@ 0xff
 800203a:	f8d4 c004 	ldr.w	ip, [r4, #4]
 800203e:	4b4b      	ldr	r3, [pc, #300]	@ (800216c <HAL_I2C_Init+0x1c4>)
 8002040:	459c      	cmp	ip, r3
 8002042:	d822      	bhi.n	800208a <HAL_I2C_Init+0xe2>
 8002044:	1e43      	subs	r3, r0, #1
 8002046:	ea4f 0c4c 	mov.w	ip, ip, lsl #1
 800204a:	fbb3 f3fc 	udiv	r3, r3, ip
 800204e:	3301      	adds	r3, #1
 8002050:	f640 70fc 	movw	r0, #4092	@ 0xffc
 8002054:	4203      	tst	r3, r0
 8002056:	d054      	beq.n	8002102 <HAL_I2C_Init+0x15a>
 8002058:	f3c3 030b 	ubfx	r3, r3, #0, #12
 800205c:	e052      	b.n	8002104 <HAL_I2C_Init+0x15c>
    hi2c->Lock = HAL_UNLOCKED;
 800205e:	f880 303c 	strb.w	r3, [r0, #60]	@ 0x3c
    HAL_I2C_MspInit(hi2c);
 8002062:	f000 fced 	bl	8002a40 <HAL_I2C_MspInit>
 8002066:	e7a8      	b.n	8001fba <HAL_I2C_Init+0x12>
  if (I2C_MIN_PCLK_FREQ(pclk1, hi2c->Init.ClockSpeed) == 1U)
 8002068:	4b43      	ldr	r3, [pc, #268]	@ (8002178 <HAL_I2C_Init+0x1d0>)
 800206a:	4298      	cmp	r0, r3
 800206c:	bf8c      	ite	hi
 800206e:	2300      	movhi	r3, #0
 8002070:	2301      	movls	r3, #1
 8002072:	e7bf      	b.n	8001ff4 <HAL_I2C_Init+0x4c>
  MODIFY_REG(hi2c->Instance->TRISE, I2C_TRISE_TRISE, I2C_RISE_TIME(freqrange, hi2c->Init.ClockSpeed));
 8002074:	f44f 7c96 	mov.w	ip, #300	@ 0x12c
 8002078:	fb0c f303 	mul.w	r3, ip, r3
 800207c:	f8df c0fc 	ldr.w	ip, [pc, #252]	@ 800217c <HAL_I2C_Init+0x1d4>
 8002080:	fbac c303 	umull	ip, r3, ip, r3
 8002084:	099b      	lsrs	r3, r3, #6
 8002086:	3301      	adds	r3, #1
 8002088:	e7cf      	b.n	800202a <HAL_I2C_Init+0x82>
  MODIFY_REG(hi2c->Instance->CCR, (I2C_CCR_FS | I2C_CCR_DUTY | I2C_CCR_CCR), I2C_SPEED(pclk1, hi2c->Init.ClockSpeed, hi2c->Init.DutyCycle));
 800208a:	f8d4 e008 	ldr.w	lr, [r4, #8]
 800208e:	f1be 0f00 	cmp.w	lr, #0
 8002092:	d11a      	bne.n	80020ca <HAL_I2C_Init+0x122>
 8002094:	1e43      	subs	r3, r0, #1
 8002096:	eb0c 054c 	add.w	r5, ip, ip, lsl #1
 800209a:	fbb3 f3f5 	udiv	r3, r3, r5
 800209e:	3301      	adds	r3, #1
 80020a0:	f3c3 030b 	ubfx	r3, r3, #0, #12
 80020a4:	fab3 f383 	clz	r3, r3
 80020a8:	095b      	lsrs	r3, r3, #5
 80020aa:	2b00      	cmp	r3, #0
 80020ac:	d157      	bne.n	800215e <HAL_I2C_Init+0x1b6>
 80020ae:	f1be 0f00 	cmp.w	lr, #0
 80020b2:	d119      	bne.n	80020e8 <HAL_I2C_Init+0x140>
 80020b4:	1e43      	subs	r3, r0, #1
 80020b6:	eb0c 0c4c 	add.w	ip, ip, ip, lsl #1
 80020ba:	fbb3 f3fc 	udiv	r3, r3, ip
 80020be:	3301      	adds	r3, #1
 80020c0:	f3c3 030b 	ubfx	r3, r3, #0, #12
 80020c4:	f443 4300 	orr.w	r3, r3, #32768	@ 0x8000
 80020c8:	e01c      	b.n	8002104 <HAL_I2C_Init+0x15c>
 80020ca:	eb0c 038c 	add.w	r3, ip, ip, lsl #2
 80020ce:	eb03 0383 	add.w	r3, r3, r3, lsl #2
 80020d2:	461d      	mov	r5, r3
 80020d4:	1e43      	subs	r3, r0, #1
 80020d6:	fbb3 f3f5 	udiv	r3, r3, r5
 80020da:	3301      	adds	r3, #1
 80020dc:	f3c3 030b 	ubfx	r3, r3, #0, #12
 80020e0:	fab3 f383 	clz	r3, r3
 80020e4:	095b      	lsrs	r3, r3, #5
 80020e6:	e7e0      	b.n	80020aa <HAL_I2C_Init+0x102>
 80020e8:	1e43      	subs	r3, r0, #1
 80020ea:	eb0c 0c8c 	add.w	ip, ip, ip, lsl #2
 80020ee:	eb0c 0c8c 	add.w	ip, ip, ip, lsl #2
 80020f2:	fbb3 f3fc 	udiv	r3, r3, ip
 80020f6:	3301      	adds	r3, #1
 80020f8:	f3c3 030b 	ubfx	r3, r3, #0, #12
 80020fc:	f443 4340 	orr.w	r3, r3, #49152	@ 0xc000
 8002100:	e000      	b.n	8002104 <HAL_I2C_Init+0x15c>
 8002102:	2304      	movs	r3, #4
 8002104:	431a      	orrs	r2, r3
 8002106:	61ca      	str	r2, [r1, #28]

  /*---------------------------- I2Cx CR1 Configuration ----------------------*/
  /* Configure I2Cx: Generalcall and NoStretch mode */
  MODIFY_REG(hi2c->Instance->CR1, (I2C_CR1_ENGC | I2C_CR1_NOSTRETCH), (hi2c->Init.GeneralCallMode | hi2c->Init.NoStretchMode));
 8002108:	6821      	ldr	r1, [r4, #0]
 800210a:	680b      	ldr	r3, [r1, #0]
 800210c:	f023 03c0 	bic.w	r3, r3, #192	@ 0xc0
 8002110:	69e2      	ldr	r2, [r4, #28]
 8002112:	6a20      	ldr	r0, [r4, #32]
 8002114:	4302      	orrs	r2, r0
 8002116:	4313      	orrs	r3, r2
 8002118:	600b      	str	r3, [r1, #0]

  /*---------------------------- I2Cx OAR1 Configuration ---------------------*/
  /* Configure I2Cx: Own Address1 and addressing mode */
  MODIFY_REG(hi2c->Instance->OAR1, (I2C_OAR1_ADDMODE | I2C_OAR1_ADD8_9 | I2C_OAR1_ADD1_7 | I2C_OAR1_ADD0), (hi2c->Init.AddressingMode | hi2c->Init.OwnAddress1));
 800211a:	6821      	ldr	r1, [r4, #0]
 800211c:	688b      	ldr	r3, [r1, #8]
 800211e:	f423 4303 	bic.w	r3, r3, #33536	@ 0x8300
 8002122:	f023 03ff 	bic.w	r3, r3, #255	@ 0xff
 8002126:	6922      	ldr	r2, [r4, #16]
 8002128:	68e0      	ldr	r0, [r4, #12]
 800212a:	4302      	orrs	r2, r0
 800212c:	4313      	orrs	r3, r2
 800212e:	608b      	str	r3, [r1, #8]

  /*---------------------------- I2Cx OAR2 Configuration ---------------------*/
  /* Configure I2Cx: Dual mode and Own Address2 */
  MODIFY_REG(hi2c->Instance->OAR2, (I2C_OAR2_ENDUAL | I2C_OAR2_ADD2), (hi2c->Init.DualAddressMode | hi2c->Init.OwnAddress2));
 8002130:	6821      	ldr	r1, [r4, #0]
 8002132:	68cb      	ldr	r3, [r1, #12]
 8002134:	f023 03ff 	bic.w	r3, r3, #255	@ 0xff
 8002138:	6962      	ldr	r2, [r4, #20]
 800213a:	69a0      	ldr	r0, [r4, #24]
 800213c:	4302      	orrs	r2, r0
 800213e:	4313      	orrs	r3, r2
 8002140:	60cb      	str	r3, [r1, #12]

  /* Enable the selected I2C peripheral */
  __HAL_I2C_ENABLE(hi2c);
 8002142:	6822      	ldr	r2, [r4, #0]
 8002144:	6813      	ldr	r3, [r2, #0]
 8002146:	f043 0301 	orr.w	r3, r3, #1
 800214a:	6013      	str	r3, [r2, #0]

  hi2c->ErrorCode = HAL_I2C_ERROR_NONE;
 800214c:	2000      	movs	r0, #0
 800214e:	6420      	str	r0, [r4, #64]	@ 0x40
  hi2c->State = HAL_I2C_STATE_READY;
 8002150:	2320      	movs	r3, #32
 8002152:	f884 303d 	strb.w	r3, [r4, #61]	@ 0x3d
  hi2c->PreviousState = I2C_STATE_NONE;
 8002156:	6320      	str	r0, [r4, #48]	@ 0x30
  hi2c->Mode = HAL_I2C_MODE_NONE;
 8002158:	f884 003e 	strb.w	r0, [r4, #62]	@ 0x3e

  return HAL_OK;
}
 800215c:	bd38      	pop	{r3, r4, r5, pc}
  MODIFY_REG(hi2c->Instance->CCR, (I2C_CCR_FS | I2C_CCR_DUTY | I2C_CCR_CCR), I2C_SPEED(pclk1, hi2c->Init.ClockSpeed, hi2c->Init.DutyCycle));
 800215e:	2301      	movs	r3, #1
 8002160:	e7d0      	b.n	8002104 <HAL_I2C_Init+0x15c>
    return HAL_ERROR;
 8002162:	2001      	movs	r0, #1
}
 8002164:	4770      	bx	lr
    return HAL_ERROR;
 8002166:	2001      	movs	r0, #1
 8002168:	e7f8      	b.n	800215c <HAL_I2C_Init+0x1b4>
 800216a:	bf00      	nop
 800216c:	000186a0 	.word	0x000186a0
 8002170:	001e847f 	.word	0x001e847f
 8002174:	431bde83 	.word	0x431bde83
 8002178:	003d08ff 	.word	0x003d08ff
 800217c:	10624dd3 	.word	0x10624dd3

08002180 <HAL_I2S_Init>:
#if defined (SPI_I2S_FULLDUPLEX_SUPPORT)
  uint16_t tmpreg;
#endif

  /* Check the I2S handle allocation */
  if (hi2s == NULL)
 8002180:	2800      	cmp	r0, #0
 8002182:	f000 80c4 	beq.w	800230e <HAL_I2S_Init+0x18e>
{
 8002186:	b538      	push	{r3, r4, r5, lr}
 8002188:	4604      	mov	r4, r0
  assert_param(IS_I2S_MCLK_OUTPUT(hi2s->Init.MCLKOutput));
  assert_param(IS_I2S_AUDIO_FREQ(hi2s->Init.AudioFreq));
  assert_param(IS_I2S_CPOL(hi2s->Init.CPOL));
  assert_param(IS_I2S_CLOCKSOURCE(hi2s->Init.ClockSource));

  if (hi2s->State == HAL_I2S_STATE_RESET)
 800218a:	f890 3041 	ldrb.w	r3, [r0, #65]	@ 0x41
 800218e:	2b00      	cmp	r3, #0
 8002190:	d053      	beq.n	800223a <HAL_I2S_Init+0xba>
    /* Init the low level hardware : GPIO, CLOCK, CORTEX...etc */
    HAL_I2S_MspInit(hi2s);
#endif /* USE_HAL_I2S_REGISTER_CALLBACKS */
  }

  hi2s->State = HAL_I2S_STATE_BUSY;
 8002192:	2202      	movs	r2, #2
 8002194:	f884 2041 	strb.w	r2, [r4, #65]	@ 0x41

  /*----------------------- SPIx I2SCFGR & I2SPR Configuration ----------------*/
  /* Clear I2SMOD, I2SE, I2SCFG, PCMSYNC, I2SSTD, CKPOL, DATLEN and CHLEN bits */
  CLEAR_BIT(hi2s->Instance->I2SCFGR, (SPI_I2SCFGR_CHLEN | SPI_I2SCFGR_DATLEN | SPI_I2SCFGR_CKPOL | \
 8002198:	6821      	ldr	r1, [r4, #0]
 800219a:	69cb      	ldr	r3, [r1, #28]
 800219c:	f423 637b 	bic.w	r3, r3, #4016	@ 0xfb0
 80021a0:	f023 030f 	bic.w	r3, r3, #15
 80021a4:	61cb      	str	r3, [r1, #28]
                                      SPI_I2SCFGR_I2SSTD | SPI_I2SCFGR_PCMSYNC | SPI_I2SCFGR_I2SCFG | \
                                      SPI_I2SCFGR_I2SE | SPI_I2SCFGR_I2SMOD));
  hi2s->Instance->I2SPR = 0x0002U;
 80021a6:	6823      	ldr	r3, [r4, #0]
 80021a8:	621a      	str	r2, [r3, #32]

  /*----------------------- I2SPR: I2SDIV and ODD Calculation -----------------*/
  /* If the requested audio frequency is not the default, compute the prescaler */
  if (hi2s->Init.AudioFreq != I2S_AUDIOFREQ_DEFAULT)
 80021aa:	6963      	ldr	r3, [r4, #20]
 80021ac:	4293      	cmp	r3, r2
 80021ae:	d06c      	beq.n	800228a <HAL_I2S_Init+0x10a>
  {
    /* Check the frame length (For the Prescaler computing) ********************/
    if (hi2s->Init.DataFormat == I2S_DATAFORMAT_16B)
 80021b0:	68e3      	ldr	r3, [r4, #12]
 80021b2:	2b00      	cmp	r3, #0
 80021b4:	d148      	bne.n	8002248 <HAL_I2S_Init+0xc8>
    {
      /* Packet length is 16 bits */
      packetlength = 16U;
 80021b6:	2310      	movs	r3, #16
 80021b8:	461d      	mov	r5, r3
      /* Packet length is 32 bits */
      packetlength = 32U;
    }

    /* I2S standard */
    if (hi2s->Init.Standard <= I2S_STANDARD_LSB)
 80021ba:	68a3      	ldr	r3, [r4, #8]
 80021bc:	2b20      	cmp	r3, #32
 80021be:	d801      	bhi.n	80021c4 <HAL_I2S_Init+0x44>
    {
      /* In I2S standard packet length is multiplied by 2 */
      packetlength = packetlength * 2U;
 80021c0:	006b      	lsls	r3, r5, #1
 80021c2:	461d      	mov	r5, r3
    else
    {
      i2sclk = HAL_RCCEx_GetPeriphCLKFreq(RCC_PERIPHCLK_I2S_APB2);
    }
#else
    i2sclk = HAL_RCCEx_GetPeriphCLKFreq(RCC_PERIPHCLK_I2S);
 80021c4:	2001      	movs	r0, #1
 80021c6:	f001 f9af 	bl	8003528 <HAL_RCCEx_GetPeriphCLKFreq>
#endif /* I2S_APB1_APB2_FEATURE */

    /* Compute the Real divider depending on the MCLK output state, with a floating point */
    if (hi2s->Init.MCLKOutput == I2S_MCLKOUTPUT_ENABLE)
 80021ca:	6923      	ldr	r3, [r4, #16]
 80021cc:	f5b3 7f00 	cmp.w	r3, #512	@ 0x200
 80021d0:	d03d      	beq.n	800224e <HAL_I2S_Init+0xce>
      }
    }
    else
    {
      /* MCLK output is disabled */
      tmp = (uint32_t)(((((i2sclk / packetlength) * 10U) / hi2s->Init.AudioFreq)) + 5U);
 80021d2:	fbb0 f0f5 	udiv	r0, r0, r5
 80021d6:	eb00 0080 	add.w	r0, r0, r0, lsl #2
 80021da:	0043      	lsls	r3, r0, #1
 80021dc:	6962      	ldr	r2, [r4, #20]
 80021de:	fbb3 f3f2 	udiv	r3, r3, r2
 80021e2:	3305      	adds	r3, #5
    }

    /* Remove the flatting point */
    tmp = tmp / 10U;
 80021e4:	4a4b      	ldr	r2, [pc, #300]	@ (8002314 <HAL_I2S_Init+0x194>)
 80021e6:	fba2 2303 	umull	r2, r3, r2, r3

    /* Check the parity of the divider */
    i2sodd = (uint32_t)(tmp & (uint32_t)1U);
 80021ea:	f3c3 02c0 	ubfx	r2, r3, #3, #1

    /* Compute the i2sdiv prescaler */
    i2sdiv = (uint32_t)((tmp - i2sodd) / 2U);
 80021ee:	ebc2 03d3 	rsb	r3, r2, r3, lsr #3
 80021f2:	085b      	lsrs	r3, r3, #1

    /* Get the Mask for the Odd bit (SPI_I2SPR[8]) register */
    i2sodd = (uint32_t)(i2sodd << 8U);
 80021f4:	0211      	lsls	r1, r2, #8
    i2sdiv = 2U;
    i2sodd = 0U;
  }

  /* Test if the divider is 1 or 0 or greater than 0xFF */
  if ((i2sdiv < 2U) || (i2sdiv > 0xFFU))
 80021f6:	1e9a      	subs	r2, r3, #2
 80021f8:	2afd      	cmp	r2, #253	@ 0xfd
 80021fa:	d840      	bhi.n	800227e <HAL_I2S_Init+0xfe>
  }

  /*----------------------- SPIx I2SCFGR & I2SPR Configuration ----------------*/

  /* Write to SPIx I2SPR register the computed value */
  hi2s->Instance->I2SPR = (uint32_t)((uint32_t)i2sdiv | (uint32_t)(i2sodd | (uint32_t)hi2s->Init.MCLKOutput));
 80021fc:	6922      	ldr	r2, [r4, #16]
 80021fe:	430a      	orrs	r2, r1
 8002200:	6821      	ldr	r1, [r4, #0]
 8002202:	431a      	orrs	r2, r3
 8002204:	620a      	str	r2, [r1, #32]

  /* Clear I2SMOD, I2SE, I2SCFG, PCMSYNC, I2SSTD, CKPOL, DATLEN and CHLEN bits */
  /* And configure the I2S with the I2S_InitStruct values                      */
  MODIFY_REG(hi2s->Instance->I2SCFGR, (SPI_I2SCFGR_CHLEN | SPI_I2SCFGR_DATLEN | \
 8002206:	6821      	ldr	r1, [r4, #0]
 8002208:	69cb      	ldr	r3, [r1, #28]
 800220a:	f423 637b 	bic.w	r3, r3, #4016	@ 0xfb0
 800220e:	f023 030f 	bic.w	r3, r3, #15
 8002212:	6862      	ldr	r2, [r4, #4]
 8002214:	68a0      	ldr	r0, [r4, #8]
 8002216:	4302      	orrs	r2, r0
 8002218:	68e0      	ldr	r0, [r4, #12]
 800221a:	4302      	orrs	r2, r0
 800221c:	69a0      	ldr	r0, [r4, #24]
 800221e:	4302      	orrs	r2, r0
 8002220:	4313      	orrs	r3, r2
 8002222:	f443 6300 	orr.w	r3, r3, #2048	@ 0x800
 8002226:	61cb      	str	r3, [r1, #28]
#if defined (SPI_I2S_FULLDUPLEX_SUPPORT)

  /* Configure the I2S extended if the full duplex mode is enabled */
  assert_param(IS_I2S_FULLDUPLEX_MODE(hi2s->Init.FullDuplexMode));

  if (hi2s->Init.FullDuplexMode == I2S_FULLDUPLEXMODE_ENABLE)
 8002228:	6a23      	ldr	r3, [r4, #32]
 800222a:	2b01      	cmp	r3, #1
 800222c:	d02f      	beq.n	800228e <HAL_I2S_Init+0x10e>
    /* Write to SPIx I2SCFGR */
    WRITE_REG(I2SxEXT(hi2s->Instance)->I2SCFGR, tmpreg);
  }
#endif /* SPI_I2S_FULLDUPLEX_SUPPORT */

  hi2s->ErrorCode = HAL_I2S_ERROR_NONE;
 800222e:	2000      	movs	r0, #0
 8002230:	6460      	str	r0, [r4, #68]	@ 0x44
  hi2s->State     = HAL_I2S_STATE_READY;
 8002232:	2301      	movs	r3, #1
 8002234:	f884 3041 	strb.w	r3, [r4, #65]	@ 0x41

  return HAL_OK;
}
 8002238:	bd38      	pop	{r3, r4, r5, pc}
    hi2s->Lock = HAL_UNLOCKED;
 800223a:	f880 3040 	strb.w	r3, [r0, #64]	@ 0x40
    hi2s->IrqHandlerISR = I2S_IRQHandler;
 800223e:	4b36      	ldr	r3, [pc, #216]	@ (8002318 <HAL_I2S_Init+0x198>)
 8002240:	6343      	str	r3, [r0, #52]	@ 0x34
    HAL_I2S_MspInit(hi2s);
 8002242:	f000 fc35 	bl	8002ab0 <HAL_I2S_MspInit>
 8002246:	e7a4      	b.n	8002192 <HAL_I2S_Init+0x12>
      packetlength = 32U;
 8002248:	2320      	movs	r3, #32
 800224a:	461d      	mov	r5, r3
 800224c:	e7b5      	b.n	80021ba <HAL_I2S_Init+0x3a>
      if (hi2s->Init.DataFormat != I2S_DATAFORMAT_16B)
 800224e:	68e3      	ldr	r3, [r4, #12]
 8002250:	b153      	cbz	r3, 8002268 <HAL_I2S_Init+0xe8>
        tmp = (uint32_t)(((((i2sclk / (packetlength * 4U)) * 10U) / hi2s->Init.AudioFreq)) + 5U);
 8002252:	00ab      	lsls	r3, r5, #2
 8002254:	fbb0 f0f3 	udiv	r0, r0, r3
 8002258:	eb00 0080 	add.w	r0, r0, r0, lsl #2
 800225c:	0043      	lsls	r3, r0, #1
 800225e:	6962      	ldr	r2, [r4, #20]
 8002260:	fbb3 f3f2 	udiv	r3, r3, r2
 8002264:	3305      	adds	r3, #5
 8002266:	e7bd      	b.n	80021e4 <HAL_I2S_Init+0x64>
        tmp = (uint32_t)(((((i2sclk / (packetlength * 8U)) * 10U) / hi2s->Init.AudioFreq)) + 5U);
 8002268:	00eb      	lsls	r3, r5, #3
 800226a:	fbb0 f0f3 	udiv	r0, r0, r3
 800226e:	eb00 0080 	add.w	r0, r0, r0, lsl #2
 8002272:	0043      	lsls	r3, r0, #1
 8002274:	6962      	ldr	r2, [r4, #20]
 8002276:	fbb3 f3f2 	udiv	r3, r3, r2
 800227a:	3305      	adds	r3, #5
 800227c:	e7b2      	b.n	80021e4 <HAL_I2S_Init+0x64>
    SET_BIT(hi2s->ErrorCode, HAL_I2S_ERROR_PRESCALER);
 800227e:	6c63      	ldr	r3, [r4, #68]	@ 0x44
 8002280:	f043 0310 	orr.w	r3, r3, #16
 8002284:	6463      	str	r3, [r4, #68]	@ 0x44
    return  HAL_ERROR;
 8002286:	2001      	movs	r0, #1
 8002288:	e7d6      	b.n	8002238 <HAL_I2S_Init+0xb8>
    i2sodd = 0U;
 800228a:	2100      	movs	r1, #0
 800228c:	e7b6      	b.n	80021fc <HAL_I2S_Init+0x7c>
    hi2s->IrqHandlerISR = HAL_I2SEx_FullDuplex_IRQHandler;
 800228e:	4b23      	ldr	r3, [pc, #140]	@ (800231c <HAL_I2S_Init+0x19c>)
 8002290:	6363      	str	r3, [r4, #52]	@ 0x34
    CLEAR_BIT(I2SxEXT(hi2s->Instance)->I2SCFGR, (SPI_I2SCFGR_CHLEN | SPI_I2SCFGR_DATLEN | SPI_I2SCFGR_CKPOL | \
 8002292:	6822      	ldr	r2, [r4, #0]
 8002294:	4b22      	ldr	r3, [pc, #136]	@ (8002320 <HAL_I2S_Init+0x1a0>)
 8002296:	429a      	cmp	r2, r3
 8002298:	d020      	beq.n	80022dc <HAL_I2S_Init+0x15c>
 800229a:	f04f 2240 	mov.w	r2, #1073758208	@ 0x40004000
 800229e:	69d3      	ldr	r3, [r2, #28]
 80022a0:	f423 637b 	bic.w	r3, r3, #4016	@ 0xfb0
 80022a4:	f023 030f 	bic.w	r3, r3, #15
 80022a8:	61d3      	str	r3, [r2, #28]
    I2SxEXT(hi2s->Instance)->I2SPR = 2U;
 80022aa:	6822      	ldr	r2, [r4, #0]
 80022ac:	4b1c      	ldr	r3, [pc, #112]	@ (8002320 <HAL_I2S_Init+0x1a0>)
 80022ae:	429a      	cmp	r2, r3
 80022b0:	d016      	beq.n	80022e0 <HAL_I2S_Init+0x160>
 80022b2:	f04f 2240 	mov.w	r2, #1073758208	@ 0x40004000
 80022b6:	2302      	movs	r3, #2
 80022b8:	6213      	str	r3, [r2, #32]
    tmpreg = I2SxEXT(hi2s->Instance)->I2SCFGR;
 80022ba:	6822      	ldr	r2, [r4, #0]
 80022bc:	4b18      	ldr	r3, [pc, #96]	@ (8002320 <HAL_I2S_Init+0x1a0>)
 80022be:	429a      	cmp	r2, r3
 80022c0:	d010      	beq.n	80022e4 <HAL_I2S_Init+0x164>
 80022c2:	f04f 2c40 	mov.w	ip, #1073758208	@ 0x40004000
 80022c6:	f8dc 301c 	ldr.w	r3, [ip, #28]
 80022ca:	b29b      	uxth	r3, r3
    if ((hi2s->Init.Mode == I2S_MODE_MASTER_TX) || (hi2s->Init.Mode == I2S_MODE_SLAVE_TX))
 80022cc:	6862      	ldr	r2, [r4, #4]
 80022ce:	f5b2 7f00 	cmp.w	r2, #512	@ 0x200
 80022d2:	d00a      	beq.n	80022ea <HAL_I2S_Init+0x16a>
 80022d4:	b9ca      	cbnz	r2, 800230a <HAL_I2S_Init+0x18a>
      tmp = I2S_MODE_SLAVE_RX;
 80022d6:	f44f 7080 	mov.w	r0, #256	@ 0x100
 80022da:	e008      	b.n	80022ee <HAL_I2S_Init+0x16e>
    CLEAR_BIT(I2SxEXT(hi2s->Instance)->I2SCFGR, (SPI_I2SCFGR_CHLEN | SPI_I2SCFGR_DATLEN | SPI_I2SCFGR_CKPOL | \
 80022dc:	4a11      	ldr	r2, [pc, #68]	@ (8002324 <HAL_I2S_Init+0x1a4>)
 80022de:	e7de      	b.n	800229e <HAL_I2S_Init+0x11e>
    I2SxEXT(hi2s->Instance)->I2SPR = 2U;
 80022e0:	4a10      	ldr	r2, [pc, #64]	@ (8002324 <HAL_I2S_Init+0x1a4>)
 80022e2:	e7e8      	b.n	80022b6 <HAL_I2S_Init+0x136>
    tmpreg = I2SxEXT(hi2s->Instance)->I2SCFGR;
 80022e4:	f8df c03c 	ldr.w	ip, [pc, #60]	@ 8002324 <HAL_I2S_Init+0x1a4>
 80022e8:	e7ed      	b.n	80022c6 <HAL_I2S_Init+0x146>
      tmp = I2S_MODE_SLAVE_RX;
 80022ea:	f44f 7080 	mov.w	r0, #256	@ 0x100
                         (uint16_t)hi2s->Init.Standard   | \
 80022ee:	f8b4 e008 	ldrh.w	lr, [r4, #8]
                         (uint16_t)hi2s->Init.DataFormat | \
 80022f2:	89a1      	ldrh	r1, [r4, #12]
                         (uint16_t)hi2s->Init.CPOL);
 80022f4:	8b22      	ldrh	r2, [r4, #24]
    tmpreg |= (uint16_t)((uint16_t)SPI_I2SCFGR_I2SMOD    | \
 80022f6:	ea40 000e 	orr.w	r0, r0, lr
 80022fa:	4301      	orrs	r1, r0
 80022fc:	430a      	orrs	r2, r1
 80022fe:	4313      	orrs	r3, r2
 8002300:	f443 6300 	orr.w	r3, r3, #2048	@ 0x800
    WRITE_REG(I2SxEXT(hi2s->Instance)->I2SCFGR, tmpreg);
 8002304:	f8cc 301c 	str.w	r3, [ip, #28]
 8002308:	e791      	b.n	800222e <HAL_I2S_Init+0xae>
      tmp = I2S_MODE_SLAVE_TX;
 800230a:	2000      	movs	r0, #0
 800230c:	e7ef      	b.n	80022ee <HAL_I2S_Init+0x16e>
    return HAL_ERROR;
 800230e:	2001      	movs	r0, #1
}
 8002310:	4770      	bx	lr
 8002312:	bf00      	nop
 8002314:	cccccccd 	.word	0xcccccccd
 8002318:	0800239f 	.word	0x0800239f
 800231c:	08002825 	.word	0x08002825
 8002320:	40003800 	.word	0x40003800
 8002324:	40003400 	.word	0x40003400

08002328 <HAL_I2S_TxCpltCallback>:
  UNUSED(hi2s);

  /* NOTE : This function Should not be modified, when the callback is needed,
            the HAL_I2S_TxCpltCallback could be implemented in the user file
   */
}
 8002328:	4770      	bx	lr

0800232a <I2S_Transmit_IT>:
  * @param  hi2s pointer to a I2S_HandleTypeDef structure that contains
  *         the configuration information for I2S module
  * @retval None
  */
static void I2S_Transmit_IT(I2S_HandleTypeDef *hi2s)
{
 800232a:	b508      	push	{r3, lr}
  /* Transmit data */
  hi2s->Instance->DR = (*hi2s->pTxBuffPtr);
 800232c:	6a42      	ldr	r2, [r0, #36]	@ 0x24
 800232e:	6803      	ldr	r3, [r0, #0]
 8002330:	8812      	ldrh	r2, [r2, #0]
 8002332:	60da      	str	r2, [r3, #12]
  hi2s->pTxBuffPtr++;
 8002334:	6a43      	ldr	r3, [r0, #36]	@ 0x24
 8002336:	3302      	adds	r3, #2
 8002338:	6243      	str	r3, [r0, #36]	@ 0x24
  hi2s->TxXferCount--;
 800233a:	8d43      	ldrh	r3, [r0, #42]	@ 0x2a
 800233c:	b29b      	uxth	r3, r3
 800233e:	3b01      	subs	r3, #1
 8002340:	b29b      	uxth	r3, r3
 8002342:	8543      	strh	r3, [r0, #42]	@ 0x2a

  if (hi2s->TxXferCount == 0U)
 8002344:	8d43      	ldrh	r3, [r0, #42]	@ 0x2a
 8002346:	b29b      	uxth	r3, r3
 8002348:	b103      	cbz	r3, 800234c <I2S_Transmit_IT+0x22>
    hi2s->TxCpltCallback(hi2s);
#else
    HAL_I2S_TxCpltCallback(hi2s);
#endif /* USE_HAL_I2S_REGISTER_CALLBACKS */
  }
}
 800234a:	bd08      	pop	{r3, pc}
    __HAL_I2S_DISABLE_IT(hi2s, (I2S_IT_TXE | I2S_IT_ERR));
 800234c:	6802      	ldr	r2, [r0, #0]
 800234e:	6853      	ldr	r3, [r2, #4]
 8002350:	f023 03a0 	bic.w	r3, r3, #160	@ 0xa0
 8002354:	6053      	str	r3, [r2, #4]
    hi2s->State = HAL_I2S_STATE_READY;
 8002356:	2301      	movs	r3, #1
 8002358:	f880 3041 	strb.w	r3, [r0, #65]	@ 0x41
    HAL_I2S_TxCpltCallback(hi2s);
 800235c:	f7ff ffe4 	bl	8002328 <HAL_I2S_TxCpltCallback>
}
 8002360:	e7f3      	b.n	800234a <I2S_Transmit_IT+0x20>

08002362 <HAL_I2S_RxCpltCallback>:
}
 8002362:	4770      	bx	lr

08002364 <I2S_Receive_IT>:
  * @param  hi2s pointer to a I2S_HandleTypeDef structure that contains
  *         the configuration information for I2S module
  * @retval None
  */
static void I2S_Receive_IT(I2S_HandleTypeDef *hi2s)
{
 8002364:	b508      	push	{r3, lr}
  /* Receive data */
  (*hi2s->pRxBuffPtr) = (uint16_t)hi2s->Instance->DR;
 8002366:	6803      	ldr	r3, [r0, #0]
 8002368:	68da      	ldr	r2, [r3, #12]
 800236a:	6ac3      	ldr	r3, [r0, #44]	@ 0x2c
 800236c:	801a      	strh	r2, [r3, #0]
  hi2s->pRxBuffPtr++;
 800236e:	6ac3      	ldr	r3, [r0, #44]	@ 0x2c
 8002370:	3302      	adds	r3, #2
 8002372:	62c3      	str	r3, [r0, #44]	@ 0x2c
  hi2s->RxXferCount--;
 8002374:	8e43      	ldrh	r3, [r0, #50]	@ 0x32
 8002376:	b29b      	uxth	r3, r3
 8002378:	3b01      	subs	r3, #1
 800237a:	b29b      	uxth	r3, r3
 800237c:	8643      	strh	r3, [r0, #50]	@ 0x32

  if (hi2s->RxXferCount == 0U)
 800237e:	8e43      	ldrh	r3, [r0, #50]	@ 0x32
 8002380:	b29b      	uxth	r3, r3
 8002382:	b103      	cbz	r3, 8002386 <I2S_Receive_IT+0x22>
    hi2s->RxCpltCallback(hi2s);
#else
    HAL_I2S_RxCpltCallback(hi2s);
#endif /* USE_HAL_I2S_REGISTER_CALLBACKS */
  }
}
 8002384:	bd08      	pop	{r3, pc}
    __HAL_I2S_DISABLE_IT(hi2s, (I2S_IT_RXNE | I2S_IT_ERR));
 8002386:	6802      	ldr	r2, [r0, #0]
 8002388:	6853      	ldr	r3, [r2, #4]
 800238a:	f023 0360 	bic.w	r3, r3, #96	@ 0x60
 800238e:	6053      	str	r3, [r2, #4]
    hi2s->State = HAL_I2S_STATE_READY;
 8002390:	2301      	movs	r3, #1
 8002392:	f880 3041 	strb.w	r3, [r0, #65]	@ 0x41
    HAL_I2S_RxCpltCallback(hi2s);
 8002396:	f7ff ffe4 	bl	8002362 <HAL_I2S_RxCpltCallback>
}
 800239a:	e7f3      	b.n	8002384 <I2S_Receive_IT+0x20>

0800239c <HAL_I2S_ErrorCallback>:
}
 800239c:	4770      	bx	lr

0800239e <I2S_IRQHandler>:
  * @param  hi2s: pointer to a I2S_HandleTypeDef structure that contains
  *         the configuration information for I2S module
  * @retval None
  */
static void I2S_IRQHandler(I2S_HandleTypeDef *hi2s)
{
 800239e:	b510      	push	{r4, lr}
 80023a0:	b084      	sub	sp, #16
 80023a2:	4604      	mov	r4, r0
  __IO uint32_t i2ssr = hi2s->Instance->SR;
 80023a4:	6803      	ldr	r3, [r0, #0]
 80023a6:	689a      	ldr	r2, [r3, #8]
 80023a8:	9203      	str	r2, [sp, #12]

  if (hi2s->State == HAL_I2S_STATE_BUSY_RX)
 80023aa:	f890 2041 	ldrb.w	r2, [r0, #65]	@ 0x41
 80023ae:	2a04      	cmp	r2, #4
 80023b0:	d005      	beq.n	80023be <I2S_IRQHandler+0x20>
      HAL_I2S_ErrorCallback(hi2s);
#endif /* USE_HAL_I2S_REGISTER_CALLBACKS */
    }
  }

  if (hi2s->State == HAL_I2S_STATE_BUSY_TX)
 80023b2:	f894 3041 	ldrb.w	r3, [r4, #65]	@ 0x41
 80023b6:	2b03      	cmp	r3, #3
 80023b8:	d02c      	beq.n	8002414 <I2S_IRQHandler+0x76>
#else
      HAL_I2S_ErrorCallback(hi2s);
#endif /* USE_HAL_I2S_REGISTER_CALLBACKS */
    }
  }
}
 80023ba:	b004      	add	sp, #16
 80023bc:	bd10      	pop	{r4, pc}
    if (((i2ssr & I2S_FLAG_RXNE) == I2S_FLAG_RXNE) && (__HAL_I2S_GET_IT_SOURCE(hi2s, I2S_IT_RXNE) != RESET))
 80023be:	9a03      	ldr	r2, [sp, #12]
 80023c0:	f012 0f01 	tst.w	r2, #1
 80023c4:	d003      	beq.n	80023ce <I2S_IRQHandler+0x30>
 80023c6:	685b      	ldr	r3, [r3, #4]
 80023c8:	f013 0f40 	tst.w	r3, #64	@ 0x40
 80023cc:	d11f      	bne.n	800240e <I2S_IRQHandler+0x70>
    if (((i2ssr & I2S_FLAG_OVR) == I2S_FLAG_OVR) && (__HAL_I2S_GET_IT_SOURCE(hi2s, I2S_IT_ERR) != RESET))
 80023ce:	9b03      	ldr	r3, [sp, #12]
 80023d0:	f013 0f40 	tst.w	r3, #64	@ 0x40
 80023d4:	d0ed      	beq.n	80023b2 <I2S_IRQHandler+0x14>
 80023d6:	6823      	ldr	r3, [r4, #0]
 80023d8:	685a      	ldr	r2, [r3, #4]
 80023da:	f012 0f20 	tst.w	r2, #32
 80023de:	d0e8      	beq.n	80023b2 <I2S_IRQHandler+0x14>
      __HAL_I2S_DISABLE_IT(hi2s, (I2S_IT_RXNE | I2S_IT_ERR));
 80023e0:	685a      	ldr	r2, [r3, #4]
 80023e2:	f022 0260 	bic.w	r2, r2, #96	@ 0x60
 80023e6:	605a      	str	r2, [r3, #4]
      __HAL_I2S_CLEAR_OVRFLAG(hi2s);
 80023e8:	2300      	movs	r3, #0
 80023ea:	9301      	str	r3, [sp, #4]
 80023ec:	6823      	ldr	r3, [r4, #0]
 80023ee:	68da      	ldr	r2, [r3, #12]
 80023f0:	9201      	str	r2, [sp, #4]
 80023f2:	689b      	ldr	r3, [r3, #8]
 80023f4:	9301      	str	r3, [sp, #4]
 80023f6:	9b01      	ldr	r3, [sp, #4]
      hi2s->State = HAL_I2S_STATE_READY;
 80023f8:	2301      	movs	r3, #1
 80023fa:	f884 3041 	strb.w	r3, [r4, #65]	@ 0x41
      SET_BIT(hi2s->ErrorCode, HAL_I2S_ERROR_OVR);
 80023fe:	6c63      	ldr	r3, [r4, #68]	@ 0x44
 8002400:	f043 0302 	orr.w	r3, r3, #2
 8002404:	6463      	str	r3, [r4, #68]	@ 0x44
      HAL_I2S_ErrorCallback(hi2s);
 8002406:	4620      	mov	r0, r4
 8002408:	f7ff ffc8 	bl	800239c <HAL_I2S_ErrorCallback>
 800240c:	e7d1      	b.n	80023b2 <I2S_IRQHandler+0x14>
      I2S_Receive_IT(hi2s);
 800240e:	f7ff ffa9 	bl	8002364 <I2S_Receive_IT>
 8002412:	e7dc      	b.n	80023ce <I2S_IRQHandler+0x30>
    if (((i2ssr & I2S_FLAG_TXE) == I2S_FLAG_TXE) && (__HAL_I2S_GET_IT_SOURCE(hi2s, I2S_IT_TXE) != RESET))
 8002414:	9b03      	ldr	r3, [sp, #12]
 8002416:	f013 0f02 	tst.w	r3, #2
 800241a:	d004      	beq.n	8002426 <I2S_IRQHandler+0x88>
 800241c:	6823      	ldr	r3, [r4, #0]
 800241e:	685b      	ldr	r3, [r3, #4]
 8002420:	f013 0f80 	tst.w	r3, #128	@ 0x80
 8002424:	d11d      	bne.n	8002462 <I2S_IRQHandler+0xc4>
    if (((i2ssr & I2S_FLAG_UDR) == I2S_FLAG_UDR) && (__HAL_I2S_GET_IT_SOURCE(hi2s, I2S_IT_ERR) != RESET))
 8002426:	9b03      	ldr	r3, [sp, #12]
 8002428:	f013 0f08 	tst.w	r3, #8
 800242c:	d0c5      	beq.n	80023ba <I2S_IRQHandler+0x1c>
 800242e:	6823      	ldr	r3, [r4, #0]
 8002430:	685a      	ldr	r2, [r3, #4]
 8002432:	f012 0f20 	tst.w	r2, #32
 8002436:	d0c0      	beq.n	80023ba <I2S_IRQHandler+0x1c>
      __HAL_I2S_DISABLE_IT(hi2s, (I2S_IT_TXE | I2S_IT_ERR));
 8002438:	685a      	ldr	r2, [r3, #4]
 800243a:	f022 02a0 	bic.w	r2, r2, #160	@ 0xa0
 800243e:	605a      	str	r2, [r3, #4]
      __HAL_I2S_CLEAR_UDRFLAG(hi2s);
 8002440:	2300      	movs	r3, #0
 8002442:	9302      	str	r3, [sp, #8]
 8002444:	6823      	ldr	r3, [r4, #0]
 8002446:	689b      	ldr	r3, [r3, #8]
 8002448:	9302      	str	r3, [sp, #8]
 800244a:	9b02      	ldr	r3, [sp, #8]
      hi2s->State = HAL_I2S_STATE_READY;
 800244c:	2301      	movs	r3, #1
 800244e:	f884 3041 	strb.w	r3, [r4, #65]	@ 0x41
      SET_BIT(hi2s->ErrorCode, HAL_I2S_ERROR_UDR);
 8002452:	6c63      	ldr	r3, [r4, #68]	@ 0x44
 8002454:	f043 0304 	orr.w	r3, r3, #4
 8002458:	6463      	str	r3, [r4, #68]	@ 0x44
      HAL_I2S_ErrorCallback(hi2s);
 800245a:	4620      	mov	r0, r4
 800245c:	f7ff ff9e 	bl	800239c <HAL_I2S_ErrorCallback>
}
 8002460:	e7ab      	b.n	80023ba <I2S_IRQHandler+0x1c>
      I2S_Transmit_IT(hi2s);
 8002462:	4620      	mov	r0, r4
 8002464:	f7ff ff61 	bl	800232a <I2S_Transmit_IT>
 8002468:	e7dd      	b.n	8002426 <I2S_IRQHandler+0x88>
	...

0800246c <I2SEx_TxRxDMAError>:
  * @brief  DMA I2S communication error callback
  * @param  hdma DMA handle
  * @retval None
  */
static void I2SEx_TxRxDMAError(DMA_HandleTypeDef *hdma)
{
 800246c:	b508      	push	{r3, lr}
  I2S_HandleTypeDef *hi2s = (I2S_HandleTypeDef *)((DMA_HandleTypeDef *)hdma)->Parent;
 800246e:	6b80      	ldr	r0, [r0, #56]	@ 0x38

  /* Disable Rx and Tx DMA Request */
  CLEAR_BIT(hi2s->Instance->CR2, (SPI_CR2_RXDMAEN | SPI_CR2_TXDMAEN));
 8002470:	6802      	ldr	r2, [r0, #0]
 8002472:	6853      	ldr	r3, [r2, #4]
 8002474:	f023 0303 	bic.w	r3, r3, #3
 8002478:	6053      	str	r3, [r2, #4]
  CLEAR_BIT(I2SxEXT(hi2s->Instance)->CR2, (SPI_CR2_RXDMAEN | SPI_CR2_TXDMAEN));
 800247a:	6802      	ldr	r2, [r0, #0]
 800247c:	4b0b      	ldr	r3, [pc, #44]	@ (80024ac <I2SEx_TxRxDMAError+0x40>)
 800247e:	429a      	cmp	r2, r3
 8002480:	d012      	beq.n	80024a8 <I2SEx_TxRxDMAError+0x3c>
 8002482:	f04f 2240 	mov.w	r2, #1073758208	@ 0x40004000
 8002486:	6853      	ldr	r3, [r2, #4]
 8002488:	f023 0303 	bic.w	r3, r3, #3
 800248c:	6053      	str	r3, [r2, #4]

  hi2s->TxXferCount = 0U;
 800248e:	2300      	movs	r3, #0
 8002490:	8543      	strh	r3, [r0, #42]	@ 0x2a
  hi2s->RxXferCount = 0U;
 8002492:	8643      	strh	r3, [r0, #50]	@ 0x32

  hi2s->State = HAL_I2S_STATE_READY;
 8002494:	2301      	movs	r3, #1
 8002496:	f880 3041 	strb.w	r3, [r0, #65]	@ 0x41

  /* Set the error code and execute error callback*/
  SET_BIT(hi2s->ErrorCode, HAL_I2S_ERROR_DMA);
 800249a:	6c43      	ldr	r3, [r0, #68]	@ 0x44
 800249c:	f043 0308 	orr.w	r3, r3, #8
 80024a0:	6443      	str	r3, [r0, #68]	@ 0x44
  /* Call user error callback */
#if (USE_HAL_I2S_REGISTER_CALLBACKS == 1U)
  hi2s->ErrorCallback(hi2s);
#else
  HAL_I2S_ErrorCallback(hi2s);
 80024a2:	f7ff ff7b 	bl	800239c <HAL_I2S_ErrorCallback>
#endif /* USE_HAL_I2S_REGISTER_CALLBACKS */
}
 80024a6:	bd08      	pop	{r3, pc}
  CLEAR_BIT(I2SxEXT(hi2s->Instance)->CR2, (SPI_CR2_RXDMAEN | SPI_CR2_TXDMAEN));
 80024a8:	4a01      	ldr	r2, [pc, #4]	@ (80024b0 <I2SEx_TxRxDMAError+0x44>)
 80024aa:	e7ec      	b.n	8002486 <I2SEx_TxRxDMAError+0x1a>
 80024ac:	40003800 	.word	0x40003800
 80024b0:	40003400 	.word	0x40003400

080024b4 <HAL_I2SEx_TransmitReceive_DMA>:
{
 80024b4:	b570      	push	{r4, r5, r6, lr}
 80024b6:	b082      	sub	sp, #8
 80024b8:	4615      	mov	r5, r2
  if (hi2s->State != HAL_I2S_STATE_READY)
 80024ba:	f890 2041 	ldrb.w	r2, [r0, #65]	@ 0x41
 80024be:	2a01      	cmp	r2, #1
 80024c0:	f040 80bd 	bne.w	800263e <HAL_I2SEx_TransmitReceive_DMA+0x18a>
 80024c4:	4604      	mov	r4, r0
 80024c6:	460e      	mov	r6, r1
 80024c8:	b2d0      	uxtb	r0, r2
  if ((pTxData == NULL) || (pRxData == NULL) || (Size == 0U))
 80024ca:	2900      	cmp	r1, #0
 80024cc:	f000 80b8 	beq.w	8002640 <HAL_I2SEx_TransmitReceive_DMA+0x18c>
 80024d0:	2d00      	cmp	r5, #0
 80024d2:	f000 80b5 	beq.w	8002640 <HAL_I2SEx_TransmitReceive_DMA+0x18c>
 80024d6:	2b00      	cmp	r3, #0
 80024d8:	f000 80b2 	beq.w	8002640 <HAL_I2SEx_TransmitReceive_DMA+0x18c>
  __HAL_LOCK(hi2s);
 80024dc:	f894 2040 	ldrb.w	r2, [r4, #64]	@ 0x40
 80024e0:	2a01      	cmp	r2, #1
 80024e2:	f000 80af 	beq.w	8002644 <HAL_I2SEx_TransmitReceive_DMA+0x190>
 80024e6:	2201      	movs	r2, #1
 80024e8:	f884 2040 	strb.w	r2, [r4, #64]	@ 0x40
  hi2s->pTxBuffPtr = pTxData;
 80024ec:	6261      	str	r1, [r4, #36]	@ 0x24
  hi2s->pRxBuffPtr = pRxData;
 80024ee:	62e5      	str	r5, [r4, #44]	@ 0x2c
  tmp1 = hi2s->Instance->I2SCFGR & (SPI_I2SCFGR_DATLEN | SPI_I2SCFGR_CHLEN);
 80024f0:	6822      	ldr	r2, [r4, #0]
 80024f2:	69d2      	ldr	r2, [r2, #28]
 80024f4:	f002 0207 	and.w	r2, r2, #7
  if ((tmp1 == I2S_DATAFORMAT_24B) || (tmp1 == I2S_DATAFORMAT_32B))
 80024f8:	2a03      	cmp	r2, #3
 80024fa:	d006      	beq.n	800250a <HAL_I2SEx_TransmitReceive_DMA+0x56>
 80024fc:	2a05      	cmp	r2, #5
 80024fe:	d004      	beq.n	800250a <HAL_I2SEx_TransmitReceive_DMA+0x56>
    hi2s->TxXferSize  = Size;
 8002500:	8523      	strh	r3, [r4, #40]	@ 0x28
    hi2s->TxXferCount = Size;
 8002502:	8563      	strh	r3, [r4, #42]	@ 0x2a
    hi2s->RxXferSize  = Size;
 8002504:	8623      	strh	r3, [r4, #48]	@ 0x30
    hi2s->RxXferCount = Size;
 8002506:	8663      	strh	r3, [r4, #50]	@ 0x32
 8002508:	e005      	b.n	8002516 <HAL_I2SEx_TransmitReceive_DMA+0x62>
    hi2s->TxXferSize  = (Size << 1U);
 800250a:	005b      	lsls	r3, r3, #1
 800250c:	b29b      	uxth	r3, r3
 800250e:	8523      	strh	r3, [r4, #40]	@ 0x28
    hi2s->TxXferCount = (Size << 1U);
 8002510:	8563      	strh	r3, [r4, #42]	@ 0x2a
    hi2s->RxXferSize  = (Size << 1U);
 8002512:	8623      	strh	r3, [r4, #48]	@ 0x30
    hi2s->RxXferCount = (Size << 1U);
 8002514:	8663      	strh	r3, [r4, #50]	@ 0x32
  hi2s->ErrorCode = HAL_I2S_ERROR_NONE;
 8002516:	2300      	movs	r3, #0
 8002518:	6463      	str	r3, [r4, #68]	@ 0x44
  hi2s->State     = HAL_I2S_STATE_BUSY_TX_RX;
 800251a:	2205      	movs	r2, #5
 800251c:	f884 2041 	strb.w	r2, [r4, #65]	@ 0x41
  hi2s->hdmarx->XferHalfCpltCallback = I2SEx_TxRxDMAHalfCplt;
 8002520:	6be2      	ldr	r2, [r4, #60]	@ 0x3c
 8002522:	4949      	ldr	r1, [pc, #292]	@ (8002648 <HAL_I2SEx_TransmitReceive_DMA+0x194>)
 8002524:	6411      	str	r1, [r2, #64]	@ 0x40
  hi2s->hdmarx->XferCpltCallback  = I2SEx_TxRxDMACplt;
 8002526:	6be2      	ldr	r2, [r4, #60]	@ 0x3c
 8002528:	4948      	ldr	r1, [pc, #288]	@ (800264c <HAL_I2SEx_TransmitReceive_DMA+0x198>)
 800252a:	63d1      	str	r1, [r2, #60]	@ 0x3c
  hi2s->hdmarx->XferErrorCallback = I2SEx_TxRxDMAError;
 800252c:	6be1      	ldr	r1, [r4, #60]	@ 0x3c
 800252e:	4a48      	ldr	r2, [pc, #288]	@ (8002650 <HAL_I2SEx_TransmitReceive_DMA+0x19c>)
 8002530:	64ca      	str	r2, [r1, #76]	@ 0x4c
  hi2s->hdmatx->XferHalfCpltCallback  = NULL;
 8002532:	6ba1      	ldr	r1, [r4, #56]	@ 0x38
 8002534:	640b      	str	r3, [r1, #64]	@ 0x40
  hi2s->hdmatx->XferCpltCallback  = NULL;
 8002536:	6ba1      	ldr	r1, [r4, #56]	@ 0x38
 8002538:	63cb      	str	r3, [r1, #60]	@ 0x3c
  hi2s->hdmatx->XferErrorCallback = I2SEx_TxRxDMAError;
 800253a:	6ba3      	ldr	r3, [r4, #56]	@ 0x38
 800253c:	64da      	str	r2, [r3, #76]	@ 0x4c
  tmp1 = hi2s->Instance->I2SCFGR & SPI_I2SCFGR_I2SCFG;
 800253e:	6822      	ldr	r2, [r4, #0]
 8002540:	69d3      	ldr	r3, [r2, #28]
 8002542:	f403 7340 	and.w	r3, r3, #768	@ 0x300
  if ((tmp1 == I2S_MODE_MASTER_TX) || (tmp1 == I2S_MODE_SLAVE_TX))
 8002546:	f5b3 7f00 	cmp.w	r3, #512	@ 0x200
 800254a:	d001      	beq.n	8002550 <HAL_I2SEx_TransmitReceive_DMA+0x9c>
 800254c:	2b00      	cmp	r3, #0
 800254e:	d13d      	bne.n	80025cc <HAL_I2SEx_TransmitReceive_DMA+0x118>
    status = HAL_DMA_Start_IT(hi2s->hdmarx, (uint32_t)&I2SxEXT(hi2s->Instance)->DR, *(uint32_t *)tmp, hi2s->RxXferSize);
 8002550:	6be0      	ldr	r0, [r4, #60]	@ 0x3c
 8002552:	4b40      	ldr	r3, [pc, #256]	@ (8002654 <HAL_I2SEx_TransmitReceive_DMA+0x1a0>)
 8002554:	429a      	cmp	r2, r3
 8002556:	d035      	beq.n	80025c4 <HAL_I2SEx_TransmitReceive_DMA+0x110>
 8002558:	f04f 2140 	mov.w	r1, #1073758208	@ 0x40004000
 800255c:	8e23      	ldrh	r3, [r4, #48]	@ 0x30
 800255e:	b29b      	uxth	r3, r3
 8002560:	462a      	mov	r2, r5
 8002562:	310c      	adds	r1, #12
 8002564:	f7ff faf2 	bl	8001b4c <HAL_DMA_Start_IT>
    SET_BIT(I2SxEXT(hi2s->Instance)->CR2, SPI_CR2_RXDMAEN);
 8002568:	6822      	ldr	r2, [r4, #0]
 800256a:	4b3a      	ldr	r3, [pc, #232]	@ (8002654 <HAL_I2SEx_TransmitReceive_DMA+0x1a0>)
 800256c:	429a      	cmp	r2, r3
 800256e:	d02b      	beq.n	80025c8 <HAL_I2SEx_TransmitReceive_DMA+0x114>
 8002570:	f04f 2240 	mov.w	r2, #1073758208	@ 0x40004000
 8002574:	6853      	ldr	r3, [r2, #4]
 8002576:	f043 0301 	orr.w	r3, r3, #1
 800257a:	6053      	str	r3, [r2, #4]
    status = HAL_DMA_Start_IT(hi2s->hdmatx, *(uint32_t *)tmp, (uint32_t)&hi2s->Instance->DR, hi2s->TxXferSize);
 800257c:	6822      	ldr	r2, [r4, #0]
 800257e:	8d23      	ldrh	r3, [r4, #40]	@ 0x28
 8002580:	b29b      	uxth	r3, r3
 8002582:	320c      	adds	r2, #12
 8002584:	4631      	mov	r1, r6
 8002586:	6ba0      	ldr	r0, [r4, #56]	@ 0x38
 8002588:	f7ff fae0 	bl	8001b4c <HAL_DMA_Start_IT>
    SET_BIT(hi2s->Instance->CR2, SPI_CR2_TXDMAEN);
 800258c:	6822      	ldr	r2, [r4, #0]
 800258e:	6853      	ldr	r3, [r2, #4]
 8002590:	f043 0302 	orr.w	r3, r3, #2
 8002594:	6053      	str	r3, [r2, #4]
  __HAL_UNLOCK(hi2s);
 8002596:	2300      	movs	r3, #0
 8002598:	f884 3040 	strb.w	r3, [r4, #64]	@ 0x40
  if ((hi2s->Instance->I2SCFGR & SPI_I2SCFGR_I2SE) != SPI_I2SCFGR_I2SE)
 800259c:	6823      	ldr	r3, [r4, #0]
 800259e:	69da      	ldr	r2, [r3, #28]
 80025a0:	f412 6f80 	tst.w	r2, #1024	@ 0x400
 80025a4:	d14c      	bne.n	8002640 <HAL_I2SEx_TransmitReceive_DMA+0x18c>
    __HAL_I2SEXT_ENABLE(hi2s);
 80025a6:	4a2b      	ldr	r2, [pc, #172]	@ (8002654 <HAL_I2SEx_TransmitReceive_DMA+0x1a0>)
 80025a8:	4293      	cmp	r3, r2
 80025aa:	d045      	beq.n	8002638 <HAL_I2SEx_TransmitReceive_DMA+0x184>
 80025ac:	f04f 2240 	mov.w	r2, #1073758208	@ 0x40004000
 80025b0:	69d3      	ldr	r3, [r2, #28]
 80025b2:	f443 6380 	orr.w	r3, r3, #1024	@ 0x400
 80025b6:	61d3      	str	r3, [r2, #28]
    __HAL_I2S_ENABLE(hi2s);
 80025b8:	6822      	ldr	r2, [r4, #0]
 80025ba:	69d3      	ldr	r3, [r2, #28]
 80025bc:	f443 6380 	orr.w	r3, r3, #1024	@ 0x400
 80025c0:	61d3      	str	r3, [r2, #28]
 80025c2:	e03d      	b.n	8002640 <HAL_I2SEx_TransmitReceive_DMA+0x18c>
    status = HAL_DMA_Start_IT(hi2s->hdmarx, (uint32_t)&I2SxEXT(hi2s->Instance)->DR, *(uint32_t *)tmp, hi2s->RxXferSize);
 80025c4:	4924      	ldr	r1, [pc, #144]	@ (8002658 <HAL_I2SEx_TransmitReceive_DMA+0x1a4>)
 80025c6:	e7c9      	b.n	800255c <HAL_I2SEx_TransmitReceive_DMA+0xa8>
    SET_BIT(I2SxEXT(hi2s->Instance)->CR2, SPI_CR2_RXDMAEN);
 80025c8:	4a23      	ldr	r2, [pc, #140]	@ (8002658 <HAL_I2SEx_TransmitReceive_DMA+0x1a4>)
 80025ca:	e7d3      	b.n	8002574 <HAL_I2SEx_TransmitReceive_DMA+0xc0>
    if ((hi2s->Instance->I2SCFGR & SPI_I2SCFGR_I2SCFG) == I2S_MODE_MASTER_RX)
 80025cc:	69d3      	ldr	r3, [r2, #28]
 80025ce:	f403 7340 	and.w	r3, r3, #768	@ 0x300
 80025d2:	f5b3 7f40 	cmp.w	r3, #768	@ 0x300
 80025d6:	d023      	beq.n	8002620 <HAL_I2SEx_TransmitReceive_DMA+0x16c>
    status = HAL_DMA_Start_IT(hi2s->hdmatx, *(uint32_t *)tmp, (uint32_t)&I2SxEXT(hi2s->Instance)->DR, hi2s->TxXferSize);
 80025d8:	6ba0      	ldr	r0, [r4, #56]	@ 0x38
 80025da:	4b1e      	ldr	r3, [pc, #120]	@ (8002654 <HAL_I2SEx_TransmitReceive_DMA+0x1a0>)
 80025dc:	429a      	cmp	r2, r3
 80025de:	d027      	beq.n	8002630 <HAL_I2SEx_TransmitReceive_DMA+0x17c>
 80025e0:	f04f 2240 	mov.w	r2, #1073758208	@ 0x40004000
 80025e4:	8d23      	ldrh	r3, [r4, #40]	@ 0x28
 80025e6:	b29b      	uxth	r3, r3
 80025e8:	320c      	adds	r2, #12
 80025ea:	4631      	mov	r1, r6
 80025ec:	f7ff faae 	bl	8001b4c <HAL_DMA_Start_IT>
    SET_BIT(I2SxEXT(hi2s->Instance)->CR2, SPI_CR2_TXDMAEN);
 80025f0:	6822      	ldr	r2, [r4, #0]
 80025f2:	4b18      	ldr	r3, [pc, #96]	@ (8002654 <HAL_I2SEx_TransmitReceive_DMA+0x1a0>)
 80025f4:	429a      	cmp	r2, r3
 80025f6:	d01d      	beq.n	8002634 <HAL_I2SEx_TransmitReceive_DMA+0x180>
 80025f8:	f04f 2240 	mov.w	r2, #1073758208	@ 0x40004000
 80025fc:	6853      	ldr	r3, [r2, #4]
 80025fe:	f043 0302 	orr.w	r3, r3, #2
 8002602:	6053      	str	r3, [r2, #4]
    status = HAL_DMA_Start_IT(hi2s->hdmarx, (uint32_t)&hi2s->Instance->DR, *(uint32_t *)tmp, hi2s->RxXferSize);
 8002604:	6821      	ldr	r1, [r4, #0]
 8002606:	8e23      	ldrh	r3, [r4, #48]	@ 0x30
 8002608:	b29b      	uxth	r3, r3
 800260a:	462a      	mov	r2, r5
 800260c:	310c      	adds	r1, #12
 800260e:	6be0      	ldr	r0, [r4, #60]	@ 0x3c
 8002610:	f7ff fa9c 	bl	8001b4c <HAL_DMA_Start_IT>
    SET_BIT(hi2s->Instance->CR2, SPI_CR2_RXDMAEN);
 8002614:	6822      	ldr	r2, [r4, #0]
 8002616:	6853      	ldr	r3, [r2, #4]
 8002618:	f043 0301 	orr.w	r3, r3, #1
 800261c:	6053      	str	r3, [r2, #4]
 800261e:	e7ba      	b.n	8002596 <HAL_I2SEx_TransmitReceive_DMA+0xe2>
      __HAL_I2S_CLEAR_OVRFLAG(hi2s);
 8002620:	2300      	movs	r3, #0
 8002622:	9301      	str	r3, [sp, #4]
 8002624:	68d3      	ldr	r3, [r2, #12]
 8002626:	9301      	str	r3, [sp, #4]
 8002628:	6893      	ldr	r3, [r2, #8]
 800262a:	9301      	str	r3, [sp, #4]
 800262c:	9b01      	ldr	r3, [sp, #4]
 800262e:	e7d3      	b.n	80025d8 <HAL_I2SEx_TransmitReceive_DMA+0x124>
    status = HAL_DMA_Start_IT(hi2s->hdmatx, *(uint32_t *)tmp, (uint32_t)&I2SxEXT(hi2s->Instance)->DR, hi2s->TxXferSize);
 8002630:	4a09      	ldr	r2, [pc, #36]	@ (8002658 <HAL_I2SEx_TransmitReceive_DMA+0x1a4>)
 8002632:	e7d7      	b.n	80025e4 <HAL_I2SEx_TransmitReceive_DMA+0x130>
    SET_BIT(I2SxEXT(hi2s->Instance)->CR2, SPI_CR2_TXDMAEN);
 8002634:	4a08      	ldr	r2, [pc, #32]	@ (8002658 <HAL_I2SEx_TransmitReceive_DMA+0x1a4>)
 8002636:	e7e1      	b.n	80025fc <HAL_I2SEx_TransmitReceive_DMA+0x148>
    __HAL_I2SEXT_ENABLE(hi2s);
 8002638:	f5a2 6280 	sub.w	r2, r2, #1024	@ 0x400
 800263c:	e7b8      	b.n	80025b0 <HAL_I2SEx_TransmitReceive_DMA+0xfc>
    return HAL_BUSY;
 800263e:	2002      	movs	r0, #2
}
 8002640:	b002      	add	sp, #8
 8002642:	bd70      	pop	{r4, r5, r6, pc}
  __HAL_LOCK(hi2s);
 8002644:	2002      	movs	r0, #2
 8002646:	e7fb      	b.n	8002640 <HAL_I2SEx_TransmitReceive_DMA+0x18c>
 8002648:	0800265d 	.word	0x0800265d
 800264c:	08002669 	.word	0x08002669
 8002650:	0800246d 	.word	0x0800246d
 8002654:	40003800 	.word	0x40003800
 8002658:	40003400 	.word	0x40003400

0800265c <I2SEx_TxRxDMAHalfCplt>:
{
 800265c:	b508      	push	{r3, lr}
  HAL_I2SEx_TxRxHalfCpltCallback(hi2s);
 800265e:	6b80      	ldr	r0, [r0, #56]	@ 0x38
 8002660:	f7fd ffae 	bl	80005c0 <HAL_I2SEx_TxRxHalfCpltCallback>
}
 8002664:	bd08      	pop	{r3, pc}
	...

08002668 <I2SEx_TxRxDMACplt>:
{
 8002668:	b508      	push	{r3, lr}
 800266a:	4603      	mov	r3, r0
  I2S_HandleTypeDef *hi2s = (I2S_HandleTypeDef *)((DMA_HandleTypeDef *)hdma)->Parent;
 800266c:	6b80      	ldr	r0, [r0, #56]	@ 0x38
  if (hdma->Init.Mode == DMA_NORMAL)
 800266e:	69db      	ldr	r3, [r3, #28]
 8002670:	b9f3      	cbnz	r3, 80026b0 <I2SEx_TxRxDMACplt+0x48>
    if (((hi2s->Instance->I2SCFGR & SPI_I2SCFGR_I2SCFG) == I2S_MODE_MASTER_TX) || \
 8002672:	6802      	ldr	r2, [r0, #0]
 8002674:	69d3      	ldr	r3, [r2, #28]
 8002676:	f403 7340 	and.w	r3, r3, #768	@ 0x300
 800267a:	f5b3 7f00 	cmp.w	r3, #512	@ 0x200
 800267e:	d003      	beq.n	8002688 <I2SEx_TxRxDMACplt+0x20>
        ((hi2s->Instance->I2SCFGR & SPI_I2SCFGR_I2SCFG) == I2S_MODE_SLAVE_TX))
 8002680:	69d3      	ldr	r3, [r2, #28]
    if (((hi2s->Instance->I2SCFGR & SPI_I2SCFGR_I2SCFG) == I2S_MODE_MASTER_TX) || \
 8002682:	f413 7f40 	tst.w	r3, #768	@ 0x300
 8002686:	d118      	bne.n	80026ba <I2SEx_TxRxDMACplt+0x52>
      CLEAR_BIT(I2SxEXT(hi2s->Instance)->CR2, SPI_CR2_RXDMAEN);
 8002688:	4b14      	ldr	r3, [pc, #80]	@ (80026dc <I2SEx_TxRxDMACplt+0x74>)
 800268a:	429a      	cmp	r2, r3
 800268c:	d013      	beq.n	80026b6 <I2SEx_TxRxDMACplt+0x4e>
 800268e:	f04f 2240 	mov.w	r2, #1073758208	@ 0x40004000
 8002692:	6853      	ldr	r3, [r2, #4]
 8002694:	f023 0301 	bic.w	r3, r3, #1
 8002698:	6053      	str	r3, [r2, #4]
      CLEAR_BIT(hi2s->Instance->CR2, SPI_CR2_TXDMAEN);
 800269a:	6802      	ldr	r2, [r0, #0]
 800269c:	6853      	ldr	r3, [r2, #4]
 800269e:	f023 0302 	bic.w	r3, r3, #2
 80026a2:	6053      	str	r3, [r2, #4]
    hi2s->RxXferCount = 0U;
 80026a4:	2300      	movs	r3, #0
 80026a6:	8643      	strh	r3, [r0, #50]	@ 0x32
    hi2s->TxXferCount = 0U;
 80026a8:	8543      	strh	r3, [r0, #42]	@ 0x2a
    hi2s->State = HAL_I2S_STATE_READY;
 80026aa:	2301      	movs	r3, #1
 80026ac:	f880 3041 	strb.w	r3, [r0, #65]	@ 0x41
  HAL_I2SEx_TxRxCpltCallback(hi2s);
 80026b0:	f7fd ff94 	bl	80005dc <HAL_I2SEx_TxRxCpltCallback>
}
 80026b4:	bd08      	pop	{r3, pc}
      CLEAR_BIT(I2SxEXT(hi2s->Instance)->CR2, SPI_CR2_RXDMAEN);
 80026b6:	4a0a      	ldr	r2, [pc, #40]	@ (80026e0 <I2SEx_TxRxDMACplt+0x78>)
 80026b8:	e7eb      	b.n	8002692 <I2SEx_TxRxDMACplt+0x2a>
      CLEAR_BIT(hi2s->Instance->CR2, SPI_CR2_RXDMAEN);
 80026ba:	6853      	ldr	r3, [r2, #4]
 80026bc:	f023 0301 	bic.w	r3, r3, #1
 80026c0:	6053      	str	r3, [r2, #4]
      CLEAR_BIT(I2SxEXT(hi2s->Instance)->CR2, SPI_CR2_TXDMAEN);
 80026c2:	6802      	ldr	r2, [r0, #0]
 80026c4:	4b05      	ldr	r3, [pc, #20]	@ (80026dc <I2SEx_TxRxDMACplt+0x74>)
 80026c6:	429a      	cmp	r2, r3
 80026c8:	d006      	beq.n	80026d8 <I2SEx_TxRxDMACplt+0x70>
 80026ca:	f04f 2240 	mov.w	r2, #1073758208	@ 0x40004000
 80026ce:	6853      	ldr	r3, [r2, #4]
 80026d0:	f023 0302 	bic.w	r3, r3, #2
 80026d4:	6053      	str	r3, [r2, #4]
 80026d6:	e7e5      	b.n	80026a4 <I2SEx_TxRxDMACplt+0x3c>
 80026d8:	4a01      	ldr	r2, [pc, #4]	@ (80026e0 <I2SEx_TxRxDMACplt+0x78>)
 80026da:	e7f8      	b.n	80026ce <I2SEx_TxRxDMACplt+0x66>
 80026dc:	40003800 	.word	0x40003800
 80026e0:	40003400 	.word	0x40003400

080026e4 <I2SEx_TxISR_I2S>:
  * @brief  I2S Full-Duplex IT handler transmit function
  * @param  hi2s I2S handle
  * @retval None
  */
static void I2SEx_TxISR_I2S(I2S_HandleTypeDef *hi2s)
{
 80026e4:	b508      	push	{r3, lr}
  /* Write Data on DR register */
  hi2s->Instance->DR = (*hi2s->pTxBuffPtr++);
 80026e6:	6a43      	ldr	r3, [r0, #36]	@ 0x24
 80026e8:	1c9a      	adds	r2, r3, #2
 80026ea:	6242      	str	r2, [r0, #36]	@ 0x24
 80026ec:	6802      	ldr	r2, [r0, #0]
 80026ee:	881b      	ldrh	r3, [r3, #0]
 80026f0:	60d3      	str	r3, [r2, #12]
  hi2s->TxXferCount--;
 80026f2:	8d43      	ldrh	r3, [r0, #42]	@ 0x2a
 80026f4:	b29b      	uxth	r3, r3
 80026f6:	3b01      	subs	r3, #1
 80026f8:	b29b      	uxth	r3, r3
 80026fa:	8543      	strh	r3, [r0, #42]	@ 0x2a

  if (hi2s->TxXferCount == 0U)
 80026fc:	8d43      	ldrh	r3, [r0, #42]	@ 0x2a
 80026fe:	b29b      	uxth	r3, r3
 8002700:	b93b      	cbnz	r3, 8002712 <I2SEx_TxISR_I2S+0x2e>
  {
    /* Disable TXE and ERR interrupt */
    __HAL_I2S_DISABLE_IT(hi2s, (I2S_IT_TXE | I2S_IT_ERR));
 8002702:	6802      	ldr	r2, [r0, #0]
 8002704:	6853      	ldr	r3, [r2, #4]
 8002706:	f023 03a0 	bic.w	r3, r3, #160	@ 0xa0
 800270a:	6053      	str	r3, [r2, #4]

    if (hi2s->RxXferCount == 0U)
 800270c:	8e43      	ldrh	r3, [r0, #50]	@ 0x32
 800270e:	b29b      	uxth	r3, r3
 8002710:	b103      	cbz	r3, 8002714 <I2SEx_TxISR_I2S+0x30>
#else
      HAL_I2SEx_TxRxCpltCallback(hi2s);
#endif /* USE_HAL_I2S_REGISTER_CALLBACKS */
    }
  }
}
 8002712:	bd08      	pop	{r3, pc}
      hi2s->State = HAL_I2S_STATE_READY;
 8002714:	2301      	movs	r3, #1
 8002716:	f880 3041 	strb.w	r3, [r0, #65]	@ 0x41
      HAL_I2SEx_TxRxCpltCallback(hi2s);
 800271a:	f7fd ff5f 	bl	80005dc <HAL_I2SEx_TxRxCpltCallback>
}
 800271e:	e7f8      	b.n	8002712 <I2SEx_TxISR_I2S+0x2e>

08002720 <I2SEx_RxISR_I2SExt>:
  * @brief  I2SExt Full-Duplex IT handler receive function
  * @param  hi2s I2S handle
  * @retval None
  */
static void I2SEx_RxISR_I2SExt(I2S_HandleTypeDef *hi2s)
{
 8002720:	b508      	push	{r3, lr}
  /* Read Data from DR register */
  (*hi2s->pRxBuffPtr++) = I2SxEXT(hi2s->Instance)->DR;
 8002722:	6802      	ldr	r2, [r0, #0]
 8002724:	4b15      	ldr	r3, [pc, #84]	@ (800277c <I2SEx_RxISR_I2SExt+0x5c>)
 8002726:	429a      	cmp	r2, r3
 8002728:	d01c      	beq.n	8002764 <I2SEx_RxISR_I2SExt+0x44>
 800272a:	f04f 2340 	mov.w	r3, #1073758208	@ 0x40004000
 800272e:	68da      	ldr	r2, [r3, #12]
 8002730:	6ac3      	ldr	r3, [r0, #44]	@ 0x2c
 8002732:	1c99      	adds	r1, r3, #2
 8002734:	62c1      	str	r1, [r0, #44]	@ 0x2c
 8002736:	801a      	strh	r2, [r3, #0]
  hi2s->RxXferCount--;
 8002738:	8e43      	ldrh	r3, [r0, #50]	@ 0x32
 800273a:	b29b      	uxth	r3, r3
 800273c:	3b01      	subs	r3, #1
 800273e:	b29b      	uxth	r3, r3
 8002740:	8643      	strh	r3, [r0, #50]	@ 0x32

  if (hi2s->RxXferCount == 0U)
 8002742:	8e43      	ldrh	r3, [r0, #50]	@ 0x32
 8002744:	b29b      	uxth	r3, r3
 8002746:	b963      	cbnz	r3, 8002762 <I2SEx_RxISR_I2SExt+0x42>
  {
    /* Disable I2Sext RXNE and ERR interrupt */
    __HAL_I2SEXT_DISABLE_IT(hi2s, (I2S_IT_RXNE | I2S_IT_ERR));
 8002748:	6802      	ldr	r2, [r0, #0]
 800274a:	4b0c      	ldr	r3, [pc, #48]	@ (800277c <I2SEx_RxISR_I2SExt+0x5c>)
 800274c:	429a      	cmp	r2, r3
 800274e:	d00c      	beq.n	800276a <I2SEx_RxISR_I2SExt+0x4a>
 8002750:	f04f 2240 	mov.w	r2, #1073758208	@ 0x40004000
 8002754:	6853      	ldr	r3, [r2, #4]
 8002756:	f023 0360 	bic.w	r3, r3, #96	@ 0x60
 800275a:	6053      	str	r3, [r2, #4]

    if (hi2s->TxXferCount == 0U)
 800275c:	8d43      	ldrh	r3, [r0, #42]	@ 0x2a
 800275e:	b29b      	uxth	r3, r3
 8002760:	b12b      	cbz	r3, 800276e <I2SEx_RxISR_I2SExt+0x4e>
#else
      HAL_I2SEx_TxRxCpltCallback(hi2s);
#endif /* USE_HAL_I2S_REGISTER_CALLBACKS */
    }
  }
}
 8002762:	bd08      	pop	{r3, pc}
  (*hi2s->pRxBuffPtr++) = I2SxEXT(hi2s->Instance)->DR;
 8002764:	f5a3 6380 	sub.w	r3, r3, #1024	@ 0x400
 8002768:	e7e1      	b.n	800272e <I2SEx_RxISR_I2SExt+0xe>
    __HAL_I2SEXT_DISABLE_IT(hi2s, (I2S_IT_RXNE | I2S_IT_ERR));
 800276a:	4a05      	ldr	r2, [pc, #20]	@ (8002780 <I2SEx_RxISR_I2SExt+0x60>)
 800276c:	e7f2      	b.n	8002754 <I2SEx_RxISR_I2SExt+0x34>
      hi2s->State = HAL_I2S_STATE_READY;
 800276e:	2301      	movs	r3, #1
 8002770:	f880 3041 	strb.w	r3, [r0, #65]	@ 0x41
      HAL_I2SEx_TxRxCpltCallback(hi2s);
 8002774:	f7fd ff32 	bl	80005dc <HAL_I2SEx_TxRxCpltCallback>
}
 8002778:	e7f3      	b.n	8002762 <I2SEx_RxISR_I2SExt+0x42>
 800277a:	bf00      	nop
 800277c:	40003800 	.word	0x40003800
 8002780:	40003400 	.word	0x40003400

08002784 <I2SEx_TxISR_I2SExt>:
{
 8002784:	b508      	push	{r3, lr}
  I2SxEXT(hi2s->Instance)->DR = (*hi2s->pTxBuffPtr++);
 8002786:	6a43      	ldr	r3, [r0, #36]	@ 0x24
 8002788:	1c9a      	adds	r2, r3, #2
 800278a:	6242      	str	r2, [r0, #36]	@ 0x24
 800278c:	881a      	ldrh	r2, [r3, #0]
 800278e:	6801      	ldr	r1, [r0, #0]
 8002790:	4b13      	ldr	r3, [pc, #76]	@ (80027e0 <I2SEx_TxISR_I2SExt+0x5c>)
 8002792:	4299      	cmp	r1, r3
 8002794:	d018      	beq.n	80027c8 <I2SEx_TxISR_I2SExt+0x44>
 8002796:	f04f 2340 	mov.w	r3, #1073758208	@ 0x40004000
 800279a:	60da      	str	r2, [r3, #12]
  hi2s->TxXferCount--;
 800279c:	8d43      	ldrh	r3, [r0, #42]	@ 0x2a
 800279e:	b29b      	uxth	r3, r3
 80027a0:	3b01      	subs	r3, #1
 80027a2:	b29b      	uxth	r3, r3
 80027a4:	8543      	strh	r3, [r0, #42]	@ 0x2a
  if (hi2s->TxXferCount == 0U)
 80027a6:	8d43      	ldrh	r3, [r0, #42]	@ 0x2a
 80027a8:	b29b      	uxth	r3, r3
 80027aa:	b963      	cbnz	r3, 80027c6 <I2SEx_TxISR_I2SExt+0x42>
    __HAL_I2SEXT_DISABLE_IT(hi2s, (I2S_IT_TXE | I2S_IT_ERR));
 80027ac:	6802      	ldr	r2, [r0, #0]
 80027ae:	4b0c      	ldr	r3, [pc, #48]	@ (80027e0 <I2SEx_TxISR_I2SExt+0x5c>)
 80027b0:	429a      	cmp	r2, r3
 80027b2:	d00c      	beq.n	80027ce <I2SEx_TxISR_I2SExt+0x4a>
 80027b4:	f04f 2240 	mov.w	r2, #1073758208	@ 0x40004000
 80027b8:	6853      	ldr	r3, [r2, #4]
 80027ba:	f023 03a0 	bic.w	r3, r3, #160	@ 0xa0
 80027be:	6053      	str	r3, [r2, #4]
    if (hi2s->RxXferCount == 0U)
 80027c0:	8e43      	ldrh	r3, [r0, #50]	@ 0x32
 80027c2:	b29b      	uxth	r3, r3
 80027c4:	b12b      	cbz	r3, 80027d2 <I2SEx_TxISR_I2SExt+0x4e>
}
 80027c6:	bd08      	pop	{r3, pc}
  I2SxEXT(hi2s->Instance)->DR = (*hi2s->pTxBuffPtr++);
 80027c8:	f5a3 6380 	sub.w	r3, r3, #1024	@ 0x400
 80027cc:	e7e5      	b.n	800279a <I2SEx_TxISR_I2SExt+0x16>
    __HAL_I2SEXT_DISABLE_IT(hi2s, (I2S_IT_TXE | I2S_IT_ERR));
 80027ce:	4a05      	ldr	r2, [pc, #20]	@ (80027e4 <I2SEx_TxISR_I2SExt+0x60>)
 80027d0:	e7f2      	b.n	80027b8 <I2SEx_TxISR_I2SExt+0x34>
      hi2s->State = HAL_I2S_STATE_READY;
 80027d2:	2301      	movs	r3, #1
 80027d4:	f880 3041 	strb.w	r3, [r0, #65]	@ 0x41
      HAL_I2SEx_TxRxCpltCallback(hi2s);
 80027d8:	f7fd ff00 	bl	80005dc <HAL_I2SEx_TxRxCpltCallback>
}
 80027dc:	e7f3      	b.n	80027c6 <I2SEx_TxISR_I2SExt+0x42>
 80027de:	bf00      	nop
 80027e0:	40003800 	.word	0x40003800
 80027e4:	40003400 	.word	0x40003400

080027e8 <I2SEx_RxISR_I2S>:
{
 80027e8:	b508      	push	{r3, lr}
  (*hi2s->pRxBuffPtr++) = hi2s->Instance->DR;
 80027ea:	6803      	ldr	r3, [r0, #0]
 80027ec:	68da      	ldr	r2, [r3, #12]
 80027ee:	6ac3      	ldr	r3, [r0, #44]	@ 0x2c
 80027f0:	1c99      	adds	r1, r3, #2
 80027f2:	62c1      	str	r1, [r0, #44]	@ 0x2c
 80027f4:	801a      	strh	r2, [r3, #0]
  hi2s->RxXferCount--;
 80027f6:	8e43      	ldrh	r3, [r0, #50]	@ 0x32
 80027f8:	b29b      	uxth	r3, r3
 80027fa:	3b01      	subs	r3, #1
 80027fc:	b29b      	uxth	r3, r3
 80027fe:	8643      	strh	r3, [r0, #50]	@ 0x32
  if (hi2s->RxXferCount == 0U)
 8002800:	8e43      	ldrh	r3, [r0, #50]	@ 0x32
 8002802:	b29b      	uxth	r3, r3
 8002804:	b93b      	cbnz	r3, 8002816 <I2SEx_RxISR_I2S+0x2e>
    __HAL_I2S_DISABLE_IT(hi2s, (I2S_IT_RXNE | I2S_IT_ERR));
 8002806:	6802      	ldr	r2, [r0, #0]
 8002808:	6853      	ldr	r3, [r2, #4]
 800280a:	f023 0360 	bic.w	r3, r3, #96	@ 0x60
 800280e:	6053      	str	r3, [r2, #4]
    if (hi2s->TxXferCount == 0U)
 8002810:	8d43      	ldrh	r3, [r0, #42]	@ 0x2a
 8002812:	b29b      	uxth	r3, r3
 8002814:	b103      	cbz	r3, 8002818 <I2SEx_RxISR_I2S+0x30>
}
 8002816:	bd08      	pop	{r3, pc}
      hi2s->State = HAL_I2S_STATE_READY;
 8002818:	2301      	movs	r3, #1
 800281a:	f880 3041 	strb.w	r3, [r0, #65]	@ 0x41
      HAL_I2SEx_TxRxCpltCallback(hi2s);
 800281e:	f7fd fedd 	bl	80005dc <HAL_I2SEx_TxRxCpltCallback>
}
 8002822:	e7f8      	b.n	8002816 <I2SEx_RxISR_I2S+0x2e>

08002824 <HAL_I2SEx_FullDuplex_IRQHandler>:
{
 8002824:	b510      	push	{r4, lr}
 8002826:	b086      	sub	sp, #24
 8002828:	4604      	mov	r4, r0
  __IO uint32_t i2ssr     = hi2s->Instance->SR;
 800282a:	6803      	ldr	r3, [r0, #0]
 800282c:	689a      	ldr	r2, [r3, #8]
 800282e:	9205      	str	r2, [sp, #20]
  __IO uint32_t i2sextsr  = I2SxEXT(hi2s->Instance)->SR;
 8002830:	4a70      	ldr	r2, [pc, #448]	@ (80029f4 <HAL_I2SEx_FullDuplex_IRQHandler+0x1d0>)
 8002832:	4293      	cmp	r3, r2
 8002834:	d06f      	beq.n	8002916 <HAL_I2SEx_FullDuplex_IRQHandler+0xf2>
 8002836:	f04f 2240 	mov.w	r2, #1073758208	@ 0x40004000
 800283a:	6891      	ldr	r1, [r2, #8]
 800283c:	9104      	str	r1, [sp, #16]
  __IO uint32_t i2scr2    = hi2s->Instance->CR2;
 800283e:	685b      	ldr	r3, [r3, #4]
 8002840:	9303      	str	r3, [sp, #12]
  __IO uint32_t i2sextcr2 = I2SxEXT(hi2s->Instance)->CR2;
 8002842:	6853      	ldr	r3, [r2, #4]
 8002844:	9302      	str	r3, [sp, #8]
  if ((hi2s->Init.Mode == I2S_MODE_MASTER_TX) || (hi2s->Init.Mode == I2S_MODE_SLAVE_TX))
 8002846:	6863      	ldr	r3, [r4, #4]
 8002848:	f5b3 7f00 	cmp.w	r3, #512	@ 0x200
 800284c:	d001      	beq.n	8002852 <HAL_I2SEx_FullDuplex_IRQHandler+0x2e>
 800284e:	2b00      	cmp	r3, #0
 8002850:	d170      	bne.n	8002934 <HAL_I2SEx_FullDuplex_IRQHandler+0x110>
    if (((i2ssr & I2S_FLAG_TXE) == I2S_FLAG_TXE) && ((i2scr2 & I2S_IT_TXE) != RESET))
 8002852:	9b05      	ldr	r3, [sp, #20]
 8002854:	f013 0f02 	tst.w	r3, #2
 8002858:	d003      	beq.n	8002862 <HAL_I2SEx_FullDuplex_IRQHandler+0x3e>
 800285a:	9b03      	ldr	r3, [sp, #12]
 800285c:	f013 0f80 	tst.w	r3, #128	@ 0x80
 8002860:	d15c      	bne.n	800291c <HAL_I2SEx_FullDuplex_IRQHandler+0xf8>
    if (((i2sextsr & I2S_FLAG_RXNE) == I2S_FLAG_RXNE) && ((i2sextcr2 & I2S_IT_RXNE) != RESET))
 8002862:	9b04      	ldr	r3, [sp, #16]
 8002864:	f013 0f01 	tst.w	r3, #1
 8002868:	d003      	beq.n	8002872 <HAL_I2SEx_FullDuplex_IRQHandler+0x4e>
 800286a:	9b02      	ldr	r3, [sp, #8]
 800286c:	f013 0f40 	tst.w	r3, #64	@ 0x40
 8002870:	d158      	bne.n	8002924 <HAL_I2SEx_FullDuplex_IRQHandler+0x100>
    if (((i2sextsr & I2S_FLAG_OVR) == I2S_FLAG_OVR) && ((i2sextcr2 & I2S_IT_ERR) != RESET))
 8002872:	9b04      	ldr	r3, [sp, #16]
 8002874:	f013 0f40 	tst.w	r3, #64	@ 0x40
 8002878:	d024      	beq.n	80028c4 <HAL_I2SEx_FullDuplex_IRQHandler+0xa0>
 800287a:	9b02      	ldr	r3, [sp, #8]
 800287c:	f013 0f20 	tst.w	r3, #32
 8002880:	d020      	beq.n	80028c4 <HAL_I2SEx_FullDuplex_IRQHandler+0xa0>
      __HAL_I2SEXT_DISABLE_IT(hi2s, (I2S_IT_RXNE | I2S_IT_ERR));
 8002882:	6822      	ldr	r2, [r4, #0]
 8002884:	4b5b      	ldr	r3, [pc, #364]	@ (80029f4 <HAL_I2SEx_FullDuplex_IRQHandler+0x1d0>)
 8002886:	429a      	cmp	r2, r3
 8002888:	d050      	beq.n	800292c <HAL_I2SEx_FullDuplex_IRQHandler+0x108>
 800288a:	f04f 2240 	mov.w	r2, #1073758208	@ 0x40004000
 800288e:	6853      	ldr	r3, [r2, #4]
 8002890:	f023 0360 	bic.w	r3, r3, #96	@ 0x60
 8002894:	6053      	str	r3, [r2, #4]
      __HAL_I2S_DISABLE_IT(hi2s, (I2S_IT_TXE | I2S_IT_ERR));
 8002896:	6822      	ldr	r2, [r4, #0]
 8002898:	6853      	ldr	r3, [r2, #4]
 800289a:	f023 03a0 	bic.w	r3, r3, #160	@ 0xa0
 800289e:	6053      	str	r3, [r2, #4]
      __HAL_I2S_CLEAR_OVRFLAG(hi2s);
 80028a0:	2300      	movs	r3, #0
 80028a2:	9300      	str	r3, [sp, #0]
 80028a4:	6823      	ldr	r3, [r4, #0]
 80028a6:	68da      	ldr	r2, [r3, #12]
 80028a8:	9200      	str	r2, [sp, #0]
 80028aa:	689b      	ldr	r3, [r3, #8]
 80028ac:	9300      	str	r3, [sp, #0]
 80028ae:	9b00      	ldr	r3, [sp, #0]
      hi2s->State = HAL_I2S_STATE_READY;
 80028b0:	2301      	movs	r3, #1
 80028b2:	f884 3041 	strb.w	r3, [r4, #65]	@ 0x41
      SET_BIT(hi2s->ErrorCode, HAL_I2S_ERROR_OVR);
 80028b6:	6c63      	ldr	r3, [r4, #68]	@ 0x44
 80028b8:	f043 0302 	orr.w	r3, r3, #2
 80028bc:	6463      	str	r3, [r4, #68]	@ 0x44
      HAL_I2S_ErrorCallback(hi2s);
 80028be:	4620      	mov	r0, r4
 80028c0:	f7ff fd6c 	bl	800239c <HAL_I2S_ErrorCallback>
    if (((i2ssr & I2S_FLAG_UDR) == I2S_FLAG_UDR) && ((i2scr2 & I2S_IT_ERR) != RESET))
 80028c4:	9b05      	ldr	r3, [sp, #20]
 80028c6:	f013 0f08 	tst.w	r3, #8
 80028ca:	d022      	beq.n	8002912 <HAL_I2SEx_FullDuplex_IRQHandler+0xee>
 80028cc:	9b03      	ldr	r3, [sp, #12]
 80028ce:	f013 0f20 	tst.w	r3, #32
 80028d2:	d01e      	beq.n	8002912 <HAL_I2SEx_FullDuplex_IRQHandler+0xee>
      __HAL_I2S_DISABLE_IT(hi2s, (I2S_IT_TXE | I2S_IT_ERR));
 80028d4:	6822      	ldr	r2, [r4, #0]
 80028d6:	6853      	ldr	r3, [r2, #4]
 80028d8:	f023 03a0 	bic.w	r3, r3, #160	@ 0xa0
 80028dc:	6053      	str	r3, [r2, #4]
      __HAL_I2SEXT_DISABLE_IT(hi2s, (I2S_IT_RXNE | I2S_IT_ERR));
 80028de:	6822      	ldr	r2, [r4, #0]
 80028e0:	4b44      	ldr	r3, [pc, #272]	@ (80029f4 <HAL_I2SEx_FullDuplex_IRQHandler+0x1d0>)
 80028e2:	429a      	cmp	r2, r3
 80028e4:	d024      	beq.n	8002930 <HAL_I2SEx_FullDuplex_IRQHandler+0x10c>
 80028e6:	f04f 2240 	mov.w	r2, #1073758208	@ 0x40004000
 80028ea:	6853      	ldr	r3, [r2, #4]
 80028ec:	f023 0360 	bic.w	r3, r3, #96	@ 0x60
 80028f0:	6053      	str	r3, [r2, #4]
      __HAL_I2S_CLEAR_UDRFLAG(hi2s);
 80028f2:	2300      	movs	r3, #0
 80028f4:	9301      	str	r3, [sp, #4]
 80028f6:	6823      	ldr	r3, [r4, #0]
 80028f8:	689b      	ldr	r3, [r3, #8]
 80028fa:	9301      	str	r3, [sp, #4]
 80028fc:	9b01      	ldr	r3, [sp, #4]
      hi2s->State = HAL_I2S_STATE_READY;
 80028fe:	2301      	movs	r3, #1
 8002900:	f884 3041 	strb.w	r3, [r4, #65]	@ 0x41
      SET_BIT(hi2s->ErrorCode, HAL_I2S_ERROR_UDR);
 8002904:	6c63      	ldr	r3, [r4, #68]	@ 0x44
 8002906:	f043 0304 	orr.w	r3, r3, #4
 800290a:	6463      	str	r3, [r4, #68]	@ 0x44
      HAL_I2S_ErrorCallback(hi2s);
 800290c:	4620      	mov	r0, r4
 800290e:	f7ff fd45 	bl	800239c <HAL_I2S_ErrorCallback>
}
 8002912:	b006      	add	sp, #24
 8002914:	bd10      	pop	{r4, pc}
  __IO uint32_t i2sextsr  = I2SxEXT(hi2s->Instance)->SR;
 8002916:	f5a2 6280 	sub.w	r2, r2, #1024	@ 0x400
 800291a:	e78e      	b.n	800283a <HAL_I2SEx_FullDuplex_IRQHandler+0x16>
      I2SEx_TxISR_I2S(hi2s);
 800291c:	4620      	mov	r0, r4
 800291e:	f7ff fee1 	bl	80026e4 <I2SEx_TxISR_I2S>
 8002922:	e79e      	b.n	8002862 <HAL_I2SEx_FullDuplex_IRQHandler+0x3e>
      I2SEx_RxISR_I2SExt(hi2s);
 8002924:	4620      	mov	r0, r4
 8002926:	f7ff fefb 	bl	8002720 <I2SEx_RxISR_I2SExt>
 800292a:	e7a2      	b.n	8002872 <HAL_I2SEx_FullDuplex_IRQHandler+0x4e>
      __HAL_I2SEXT_DISABLE_IT(hi2s, (I2S_IT_RXNE | I2S_IT_ERR));
 800292c:	4a32      	ldr	r2, [pc, #200]	@ (80029f8 <HAL_I2SEx_FullDuplex_IRQHandler+0x1d4>)
 800292e:	e7ae      	b.n	800288e <HAL_I2SEx_FullDuplex_IRQHandler+0x6a>
      __HAL_I2SEXT_DISABLE_IT(hi2s, (I2S_IT_RXNE | I2S_IT_ERR));
 8002930:	4a31      	ldr	r2, [pc, #196]	@ (80029f8 <HAL_I2SEx_FullDuplex_IRQHandler+0x1d4>)
 8002932:	e7da      	b.n	80028ea <HAL_I2SEx_FullDuplex_IRQHandler+0xc6>
    if (((i2sextsr & I2S_FLAG_TXE) == I2S_FLAG_TXE) && ((i2sextcr2 & I2S_IT_TXE) != RESET))
 8002934:	9b04      	ldr	r3, [sp, #16]
 8002936:	f013 0f02 	tst.w	r3, #2
 800293a:	d003      	beq.n	8002944 <HAL_I2SEx_FullDuplex_IRQHandler+0x120>
 800293c:	9b02      	ldr	r3, [sp, #8]
 800293e:	f013 0f80 	tst.w	r3, #128	@ 0x80
 8002942:	d14a      	bne.n	80029da <HAL_I2SEx_FullDuplex_IRQHandler+0x1b6>
    if (((i2ssr & I2S_FLAG_RXNE) == I2S_FLAG_RXNE) && ((i2scr2 & I2S_IT_RXNE) != RESET))
 8002944:	9b05      	ldr	r3, [sp, #20]
 8002946:	f013 0f01 	tst.w	r3, #1
 800294a:	d003      	beq.n	8002954 <HAL_I2SEx_FullDuplex_IRQHandler+0x130>
 800294c:	9b03      	ldr	r3, [sp, #12]
 800294e:	f013 0f40 	tst.w	r3, #64	@ 0x40
 8002952:	d146      	bne.n	80029e2 <HAL_I2SEx_FullDuplex_IRQHandler+0x1be>
    if (((i2ssr & I2S_FLAG_OVR) == I2S_FLAG_OVR) && ((i2scr2 & I2S_IT_ERR) != RESET))
 8002954:	9b05      	ldr	r3, [sp, #20]
 8002956:	f013 0f40 	tst.w	r3, #64	@ 0x40
 800295a:	d01c      	beq.n	8002996 <HAL_I2SEx_FullDuplex_IRQHandler+0x172>
 800295c:	9b03      	ldr	r3, [sp, #12]
 800295e:	f013 0f20 	tst.w	r3, #32
 8002962:	d018      	beq.n	8002996 <HAL_I2SEx_FullDuplex_IRQHandler+0x172>
      __HAL_I2S_DISABLE_IT(hi2s, (I2S_IT_RXNE | I2S_IT_ERR));
 8002964:	6822      	ldr	r2, [r4, #0]
 8002966:	6853      	ldr	r3, [r2, #4]
 8002968:	f023 0360 	bic.w	r3, r3, #96	@ 0x60
 800296c:	6053      	str	r3, [r2, #4]
      __HAL_I2SEXT_DISABLE_IT(hi2s, (I2S_IT_TXE | I2S_IT_ERR));
 800296e:	6822      	ldr	r2, [r4, #0]
 8002970:	4b20      	ldr	r3, [pc, #128]	@ (80029f4 <HAL_I2SEx_FullDuplex_IRQHandler+0x1d0>)
 8002972:	429a      	cmp	r2, r3
 8002974:	d039      	beq.n	80029ea <HAL_I2SEx_FullDuplex_IRQHandler+0x1c6>
 8002976:	f04f 2240 	mov.w	r2, #1073758208	@ 0x40004000
 800297a:	6853      	ldr	r3, [r2, #4]
 800297c:	f023 03a0 	bic.w	r3, r3, #160	@ 0xa0
 8002980:	6053      	str	r3, [r2, #4]
      hi2s->State = HAL_I2S_STATE_READY;
 8002982:	2301      	movs	r3, #1
 8002984:	f884 3041 	strb.w	r3, [r4, #65]	@ 0x41
      SET_BIT(hi2s->ErrorCode, HAL_I2S_ERROR_OVR);
 8002988:	6c63      	ldr	r3, [r4, #68]	@ 0x44
 800298a:	f043 0302 	orr.w	r3, r3, #2
 800298e:	6463      	str	r3, [r4, #68]	@ 0x44
      HAL_I2S_ErrorCallback(hi2s);
 8002990:	4620      	mov	r0, r4
 8002992:	f7ff fd03 	bl	800239c <HAL_I2S_ErrorCallback>
    if (((i2sextsr & I2S_FLAG_UDR) == I2S_FLAG_UDR) && ((i2sextcr2 & I2S_IT_ERR) != RESET))
 8002996:	9b04      	ldr	r3, [sp, #16]
 8002998:	f013 0f08 	tst.w	r3, #8
 800299c:	d0b9      	beq.n	8002912 <HAL_I2SEx_FullDuplex_IRQHandler+0xee>
 800299e:	9b02      	ldr	r3, [sp, #8]
 80029a0:	f013 0f20 	tst.w	r3, #32
 80029a4:	d0b5      	beq.n	8002912 <HAL_I2SEx_FullDuplex_IRQHandler+0xee>
      __HAL_I2SEXT_DISABLE_IT(hi2s, (I2S_IT_TXE | I2S_IT_ERR));
 80029a6:	6822      	ldr	r2, [r4, #0]
 80029a8:	4b12      	ldr	r3, [pc, #72]	@ (80029f4 <HAL_I2SEx_FullDuplex_IRQHandler+0x1d0>)
 80029aa:	429a      	cmp	r2, r3
 80029ac:	d01f      	beq.n	80029ee <HAL_I2SEx_FullDuplex_IRQHandler+0x1ca>
 80029ae:	f04f 2240 	mov.w	r2, #1073758208	@ 0x40004000
 80029b2:	6853      	ldr	r3, [r2, #4]
 80029b4:	f023 03a0 	bic.w	r3, r3, #160	@ 0xa0
 80029b8:	6053      	str	r3, [r2, #4]
      __HAL_I2S_DISABLE_IT(hi2s, (I2S_IT_RXNE | I2S_IT_ERR));
 80029ba:	6822      	ldr	r2, [r4, #0]
 80029bc:	6853      	ldr	r3, [r2, #4]
 80029be:	f023 0360 	bic.w	r3, r3, #96	@ 0x60
 80029c2:	6053      	str	r3, [r2, #4]
      hi2s->State = HAL_I2S_STATE_READY;
 80029c4:	2301      	movs	r3, #1
 80029c6:	f884 3041 	strb.w	r3, [r4, #65]	@ 0x41
      SET_BIT(hi2s->ErrorCode, HAL_I2S_ERROR_UDR);
 80029ca:	6c63      	ldr	r3, [r4, #68]	@ 0x44
 80029cc:	f043 0304 	orr.w	r3, r3, #4
 80029d0:	6463      	str	r3, [r4, #68]	@ 0x44
      HAL_I2S_ErrorCallback(hi2s);
 80029d2:	4620      	mov	r0, r4
 80029d4:	f7ff fce2 	bl	800239c <HAL_I2S_ErrorCallback>
}
 80029d8:	e79b      	b.n	8002912 <HAL_I2SEx_FullDuplex_IRQHandler+0xee>
      I2SEx_TxISR_I2SExt(hi2s);
 80029da:	4620      	mov	r0, r4
 80029dc:	f7ff fed2 	bl	8002784 <I2SEx_TxISR_I2SExt>
 80029e0:	e7b0      	b.n	8002944 <HAL_I2SEx_FullDuplex_IRQHandler+0x120>
      I2SEx_RxISR_I2S(hi2s);
 80029e2:	4620      	mov	r0, r4
 80029e4:	f7ff ff00 	bl	80027e8 <I2SEx_RxISR_I2S>
 80029e8:	e7b4      	b.n	8002954 <HAL_I2SEx_FullDuplex_IRQHandler+0x130>
      __HAL_I2SEXT_DISABLE_IT(hi2s, (I2S_IT_TXE | I2S_IT_ERR));
 80029ea:	4a03      	ldr	r2, [pc, #12]	@ (80029f8 <HAL_I2SEx_FullDuplex_IRQHandler+0x1d4>)
 80029ec:	e7c5      	b.n	800297a <HAL_I2SEx_FullDuplex_IRQHandler+0x156>
      __HAL_I2SEXT_DISABLE_IT(hi2s, (I2S_IT_TXE | I2S_IT_ERR));
 80029ee:	4a02      	ldr	r2, [pc, #8]	@ (80029f8 <HAL_I2SEx_FullDuplex_IRQHandler+0x1d4>)
 80029f0:	e7df      	b.n	80029b2 <HAL_I2SEx_FullDuplex_IRQHandler+0x18e>
 80029f2:	bf00      	nop
 80029f4:	40003800 	.word	0x40003800
 80029f8:	40003400 	.word	0x40003400

080029fc <HAL_MspInit>:
/* USER CODE END 0 */
/**
  * Initializes the Global MSP.
  */
void HAL_MspInit(void)
{
 80029fc:	b500      	push	{lr}
 80029fe:	b083      	sub	sp, #12

  /* USER CODE BEGIN MspInit 0 */

  /* USER CODE END MspInit 0 */

  __HAL_RCC_SYSCFG_CLK_ENABLE();
 8002a00:	2200      	movs	r2, #0
 8002a02:	9200      	str	r2, [sp, #0]
 8002a04:	4b0d      	ldr	r3, [pc, #52]	@ (8002a3c <HAL_MspInit+0x40>)
 8002a06:	6c59      	ldr	r1, [r3, #68]	@ 0x44
 8002a08:	f441 4180 	orr.w	r1, r1, #16384	@ 0x4000
 8002a0c:	6459      	str	r1, [r3, #68]	@ 0x44
 8002a0e:	6c59      	ldr	r1, [r3, #68]	@ 0x44
 8002a10:	f401 4180 	and.w	r1, r1, #16384	@ 0x4000
 8002a14:	9100      	str	r1, [sp, #0]
 8002a16:	9900      	ldr	r1, [sp, #0]
  __HAL_RCC_PWR_CLK_ENABLE();
 8002a18:	9201      	str	r2, [sp, #4]
 8002a1a:	6c19      	ldr	r1, [r3, #64]	@ 0x40
 8002a1c:	f041 5180 	orr.w	r1, r1, #268435456	@ 0x10000000
 8002a20:	6419      	str	r1, [r3, #64]	@ 0x40
 8002a22:	6c1b      	ldr	r3, [r3, #64]	@ 0x40
 8002a24:	f003 5380 	and.w	r3, r3, #268435456	@ 0x10000000
 8002a28:	9301      	str	r3, [sp, #4]
 8002a2a:	9b01      	ldr	r3, [sp, #4]

  /* System interrupt init*/
  /* PendSV_IRQn interrupt configuration */
  HAL_NVIC_SetPriority(PendSV_IRQn, 15, 0);
 8002a2c:	210f      	movs	r1, #15
 8002a2e:	f06f 0001 	mvn.w	r0, #1
 8002a32:	f7fe ff8d 	bl	8001950 <HAL_NVIC_SetPriority>

  /* USER CODE BEGIN MspInit 1 */

  /* USER CODE END MspInit 1 */
}
 8002a36:	b003      	add	sp, #12
 8002a38:	bd00      	pop	{pc}
 8002a3a:	bf00      	nop
 8002a3c:	40023800 	.word	0x40023800

08002a40 <HAL_I2C_MspInit>:
  * This function configures the hardware resources used in this example
  * @param hi2c: I2C handle pointer
  * @retval None
  */
void HAL_I2C_MspInit(I2C_HandleTypeDef* hi2c)
{
 8002a40:	b530      	push	{r4, r5, lr}
 8002a42:	b089      	sub	sp, #36	@ 0x24
  GPIO_InitTypeDef GPIO_InitStruct = {0};
 8002a44:	2300      	movs	r3, #0
 8002a46:	9303      	str	r3, [sp, #12]
 8002a48:	9304      	str	r3, [sp, #16]
 8002a4a:	9305      	str	r3, [sp, #20]
 8002a4c:	9306      	str	r3, [sp, #24]
 8002a4e:	9307      	str	r3, [sp, #28]
  if(hi2c->Instance==I2C1)
 8002a50:	6802      	ldr	r2, [r0, #0]
 8002a52:	4b14      	ldr	r3, [pc, #80]	@ (8002aa4 <HAL_I2C_MspInit+0x64>)
 8002a54:	429a      	cmp	r2, r3
 8002a56:	d001      	beq.n	8002a5c <HAL_I2C_MspInit+0x1c>

    /* USER CODE END I2C1_MspInit 1 */

  }

}
 8002a58:	b009      	add	sp, #36	@ 0x24
 8002a5a:	bd30      	pop	{r4, r5, pc}
    __HAL_RCC_GPIOB_CLK_ENABLE();
 8002a5c:	2500      	movs	r5, #0
 8002a5e:	9501      	str	r5, [sp, #4]
 8002a60:	4c11      	ldr	r4, [pc, #68]	@ (8002aa8 <HAL_I2C_MspInit+0x68>)
 8002a62:	6b23      	ldr	r3, [r4, #48]	@ 0x30
 8002a64:	f043 0302 	orr.w	r3, r3, #2
 8002a68:	6323      	str	r3, [r4, #48]	@ 0x30
 8002a6a:	6b23      	ldr	r3, [r4, #48]	@ 0x30
 8002a6c:	f003 0302 	and.w	r3, r3, #2
 8002a70:	9301      	str	r3, [sp, #4]
 8002a72:	9b01      	ldr	r3, [sp, #4]
    GPIO_InitStruct.Pin = Audio_SCL_Pin|Audio_SDA_Pin;
 8002a74:	f44f 7310 	mov.w	r3, #576	@ 0x240
 8002a78:	9303      	str	r3, [sp, #12]
    GPIO_InitStruct.Mode = GPIO_MODE_AF_OD;
 8002a7a:	2312      	movs	r3, #18
 8002a7c:	9304      	str	r3, [sp, #16]
    GPIO_InitStruct.Pull = GPIO_PULLUP;
 8002a7e:	2301      	movs	r3, #1
 8002a80:	9305      	str	r3, [sp, #20]
    GPIO_InitStruct.Alternate = GPIO_AF4_I2C1;
 8002a82:	2304      	movs	r3, #4
 8002a84:	9307      	str	r3, [sp, #28]
    HAL_GPIO_Init(GPIOB, &GPIO_InitStruct);
 8002a86:	a903      	add	r1, sp, #12
 8002a88:	4808      	ldr	r0, [pc, #32]	@ (8002aac <HAL_I2C_MspInit+0x6c>)
 8002a8a:	f7ff f983 	bl	8001d94 <HAL_GPIO_Init>
    __HAL_RCC_I2C1_CLK_ENABLE();
 8002a8e:	9502      	str	r5, [sp, #8]
 8002a90:	6c23      	ldr	r3, [r4, #64]	@ 0x40
 8002a92:	f443 1300 	orr.w	r3, r3, #2097152	@ 0x200000
 8002a96:	6423      	str	r3, [r4, #64]	@ 0x40
 8002a98:	6c23      	ldr	r3, [r4, #64]	@ 0x40
 8002a9a:	f403 1300 	and.w	r3, r3, #2097152	@ 0x200000
 8002a9e:	9302      	str	r3, [sp, #8]
 8002aa0:	9b02      	ldr	r3, [sp, #8]
}
 8002aa2:	e7d9      	b.n	8002a58 <HAL_I2C_MspInit+0x18>
 8002aa4:	40005400 	.word	0x40005400
 8002aa8:	40023800 	.word	0x40023800
 8002aac:	40020400 	.word	0x40020400

08002ab0 <HAL_I2S_MspInit>:
  * This function configures the hardware resources used in this example
  * @param hi2s: I2S handle pointer
  * @retval None
  */
void HAL_I2S_MspInit(I2S_HandleTypeDef* hi2s)
{
 8002ab0:	b5f0      	push	{r4, r5, r6, r7, lr}
 8002ab2:	b08d      	sub	sp, #52	@ 0x34
  GPIO_InitTypeDef GPIO_InitStruct = {0};
 8002ab4:	2300      	movs	r3, #0
 8002ab6:	9307      	str	r3, [sp, #28]
 8002ab8:	9308      	str	r3, [sp, #32]
 8002aba:	9309      	str	r3, [sp, #36]	@ 0x24
 8002abc:	930a      	str	r3, [sp, #40]	@ 0x28
 8002abe:	930b      	str	r3, [sp, #44]	@ 0x2c
  RCC_PeriphCLKInitTypeDef PeriphClkInitStruct = {0};
 8002ac0:	9303      	str	r3, [sp, #12]
 8002ac2:	9304      	str	r3, [sp, #16]
 8002ac4:	9305      	str	r3, [sp, #20]
 8002ac6:	9306      	str	r3, [sp, #24]
  if(hi2s->Instance==SPI3)
 8002ac8:	6802      	ldr	r2, [r0, #0]
 8002aca:	4b4d      	ldr	r3, [pc, #308]	@ (8002c00 <HAL_I2S_MspInit+0x150>)
 8002acc:	429a      	cmp	r2, r3
 8002ace:	d001      	beq.n	8002ad4 <HAL_I2S_MspInit+0x24>

    /* USER CODE END SPI3_MspInit 1 */

  }

}
 8002ad0:	b00d      	add	sp, #52	@ 0x34
 8002ad2:	bdf0      	pop	{r4, r5, r6, r7, pc}
 8002ad4:	4604      	mov	r4, r0
    PeriphClkInitStruct.PeriphClockSelection = RCC_PERIPHCLK_I2S;
 8002ad6:	2301      	movs	r3, #1
 8002ad8:	9303      	str	r3, [sp, #12]
    PeriphClkInitStruct.PLLI2S.PLLI2SN = 192;
 8002ada:	23c0      	movs	r3, #192	@ 0xc0
 8002adc:	9304      	str	r3, [sp, #16]
    PeriphClkInitStruct.PLLI2S.PLLI2SR = 2;
 8002ade:	2302      	movs	r3, #2
 8002ae0:	9305      	str	r3, [sp, #20]
    if (HAL_RCCEx_PeriphCLKConfig(&PeriphClkInitStruct) != HAL_OK)
 8002ae2:	a803      	add	r0, sp, #12
 8002ae4:	f000 fc72 	bl	80033cc <HAL_RCCEx_PeriphCLKConfig>
 8002ae8:	2800      	cmp	r0, #0
 8002aea:	d17f      	bne.n	8002bec <HAL_I2S_MspInit+0x13c>
    __HAL_RCC_SPI3_CLK_ENABLE();
 8002aec:	2500      	movs	r5, #0
 8002aee:	9500      	str	r5, [sp, #0]
 8002af0:	4b44      	ldr	r3, [pc, #272]	@ (8002c04 <HAL_I2S_MspInit+0x154>)
 8002af2:	6c1a      	ldr	r2, [r3, #64]	@ 0x40
 8002af4:	f442 4200 	orr.w	r2, r2, #32768	@ 0x8000
 8002af8:	641a      	str	r2, [r3, #64]	@ 0x40
 8002afa:	6c1a      	ldr	r2, [r3, #64]	@ 0x40
 8002afc:	f402 4200 	and.w	r2, r2, #32768	@ 0x8000
 8002b00:	9200      	str	r2, [sp, #0]
 8002b02:	9a00      	ldr	r2, [sp, #0]
    __HAL_RCC_GPIOA_CLK_ENABLE();
 8002b04:	9501      	str	r5, [sp, #4]
 8002b06:	6b1a      	ldr	r2, [r3, #48]	@ 0x30
 8002b08:	f042 0201 	orr.w	r2, r2, #1
 8002b0c:	631a      	str	r2, [r3, #48]	@ 0x30
 8002b0e:	6b1a      	ldr	r2, [r3, #48]	@ 0x30
 8002b10:	f002 0201 	and.w	r2, r2, #1
 8002b14:	9201      	str	r2, [sp, #4]
 8002b16:	9a01      	ldr	r2, [sp, #4]
    __HAL_RCC_GPIOC_CLK_ENABLE();
 8002b18:	9502      	str	r5, [sp, #8]
 8002b1a:	6b1a      	ldr	r2, [r3, #48]	@ 0x30
 8002b1c:	f042 0204 	orr.w	r2, r2, #4
 8002b20:	631a      	str	r2, [r3, #48]	@ 0x30
 8002b22:	6b1b      	ldr	r3, [r3, #48]	@ 0x30
 8002b24:	f003 0304 	and.w	r3, r3, #4
 8002b28:	9302      	str	r3, [sp, #8]
 8002b2a:	9b02      	ldr	r3, [sp, #8]
    GPIO_InitStruct.Pin = I2S3_WS_Pin;
 8002b2c:	2310      	movs	r3, #16
 8002b2e:	9307      	str	r3, [sp, #28]
    GPIO_InitStruct.Mode = GPIO_MODE_AF_PP;
 8002b30:	2602      	movs	r6, #2
 8002b32:	9608      	str	r6, [sp, #32]
    GPIO_InitStruct.Pull = GPIO_NOPULL;
 8002b34:	9509      	str	r5, [sp, #36]	@ 0x24
    GPIO_InitStruct.Speed = GPIO_SPEED_FREQ_LOW;
 8002b36:	950a      	str	r5, [sp, #40]	@ 0x28
    GPIO_InitStruct.Alternate = GPIO_AF6_SPI3;
 8002b38:	2706      	movs	r7, #6
 8002b3a:	970b      	str	r7, [sp, #44]	@ 0x2c
    HAL_GPIO_Init(I2S3_WS_GPIO_Port, &GPIO_InitStruct);
 8002b3c:	a907      	add	r1, sp, #28
 8002b3e:	4832      	ldr	r0, [pc, #200]	@ (8002c08 <HAL_I2S_MspInit+0x158>)
 8002b40:	f7ff f928 	bl	8001d94 <HAL_GPIO_Init>
    GPIO_InitStruct.Pin = I2S3_MCK_Pin|I2S3_SCK_Pin|I2S_Pin;
 8002b44:	f44f 53a4 	mov.w	r3, #5248	@ 0x1480
 8002b48:	9307      	str	r3, [sp, #28]
    GPIO_InitStruct.Mode = GPIO_MODE_AF_PP;
 8002b4a:	9608      	str	r6, [sp, #32]
    GPIO_InitStruct.Pull = GPIO_NOPULL;
 8002b4c:	9509      	str	r5, [sp, #36]	@ 0x24
    GPIO_InitStruct.Speed = GPIO_SPEED_FREQ_LOW;
 8002b4e:	950a      	str	r5, [sp, #40]	@ 0x28
    GPIO_InitStruct.Alternate = GPIO_AF6_SPI3;
 8002b50:	970b      	str	r7, [sp, #44]	@ 0x2c
    HAL_GPIO_Init(GPIOC, &GPIO_InitStruct);
 8002b52:	a907      	add	r1, sp, #28
 8002b54:	482d      	ldr	r0, [pc, #180]	@ (8002c0c <HAL_I2S_MspInit+0x15c>)
 8002b56:	f7ff f91d 	bl	8001d94 <HAL_GPIO_Init>
    GPIO_InitStruct.Pin = I2S_SD_Pin;
 8002b5a:	f44f 6300 	mov.w	r3, #2048	@ 0x800
 8002b5e:	9307      	str	r3, [sp, #28]
    GPIO_InitStruct.Mode = GPIO_MODE_AF_PP;
 8002b60:	9608      	str	r6, [sp, #32]
    GPIO_InitStruct.Pull = GPIO_NOPULL;
 8002b62:	9509      	str	r5, [sp, #36]	@ 0x24
    GPIO_InitStruct.Speed = GPIO_SPEED_FREQ_LOW;
 8002b64:	950a      	str	r5, [sp, #40]	@ 0x28
    GPIO_InitStruct.Alternate = GPIO_AF5_I2S3ext;
 8002b66:	2305      	movs	r3, #5
 8002b68:	930b      	str	r3, [sp, #44]	@ 0x2c
    HAL_GPIO_Init(I2S_SD_GPIO_Port, &GPIO_InitStruct);
 8002b6a:	a907      	add	r1, sp, #28
 8002b6c:	4827      	ldr	r0, [pc, #156]	@ (8002c0c <HAL_I2S_MspInit+0x15c>)
 8002b6e:	f7ff f911 	bl	8001d94 <HAL_GPIO_Init>
    hdma_i2s3_ext_rx.Instance = DMA1_Stream0;
 8002b72:	4827      	ldr	r0, [pc, #156]	@ (8002c10 <HAL_I2S_MspInit+0x160>)
 8002b74:	4b27      	ldr	r3, [pc, #156]	@ (8002c14 <HAL_I2S_MspInit+0x164>)
 8002b76:	6003      	str	r3, [r0, #0]
    hdma_i2s3_ext_rx.Init.Channel = DMA_CHANNEL_3;
 8002b78:	f04f 63c0 	mov.w	r3, #100663296	@ 0x6000000
 8002b7c:	6043      	str	r3, [r0, #4]
    hdma_i2s3_ext_rx.Init.Direction = DMA_PERIPH_TO_MEMORY;
 8002b7e:	6085      	str	r5, [r0, #8]
    hdma_i2s3_ext_rx.Init.PeriphInc = DMA_PINC_DISABLE;
 8002b80:	60c5      	str	r5, [r0, #12]
    hdma_i2s3_ext_rx.Init.MemInc = DMA_MINC_ENABLE;
 8002b82:	f44f 6380 	mov.w	r3, #1024	@ 0x400
 8002b86:	6103      	str	r3, [r0, #16]
    hdma_i2s3_ext_rx.Init.PeriphDataAlignment = DMA_PDATAALIGN_WORD;
 8002b88:	f44f 5380 	mov.w	r3, #4096	@ 0x1000
 8002b8c:	6143      	str	r3, [r0, #20]
    hdma_i2s3_ext_rx.Init.MemDataAlignment = DMA_MDATAALIGN_WORD;
 8002b8e:	f44f 4380 	mov.w	r3, #16384	@ 0x4000
 8002b92:	6183      	str	r3, [r0, #24]
    hdma_i2s3_ext_rx.Init.Mode = DMA_CIRCULAR;
 8002b94:	f44f 7380 	mov.w	r3, #256	@ 0x100
 8002b98:	61c3      	str	r3, [r0, #28]
    hdma_i2s3_ext_rx.Init.Priority = DMA_PRIORITY_VERY_HIGH;
 8002b9a:	f44f 3340 	mov.w	r3, #196608	@ 0x30000
 8002b9e:	6203      	str	r3, [r0, #32]
    hdma_i2s3_ext_rx.Init.FIFOMode = DMA_FIFOMODE_DISABLE;
 8002ba0:	6245      	str	r5, [r0, #36]	@ 0x24
    if (HAL_DMA_Init(&hdma_i2s3_ext_rx) != HAL_OK)
 8002ba2:	f7fe ff6b 	bl	8001a7c <HAL_DMA_Init>
 8002ba6:	bb20      	cbnz	r0, 8002bf2 <HAL_I2S_MspInit+0x142>
    __HAL_LINKDMA(hi2s,hdmarx,hdma_i2s3_ext_rx);
 8002ba8:	4b19      	ldr	r3, [pc, #100]	@ (8002c10 <HAL_I2S_MspInit+0x160>)
 8002baa:	63e3      	str	r3, [r4, #60]	@ 0x3c
 8002bac:	639c      	str	r4, [r3, #56]	@ 0x38
    hdma_spi3_tx.Instance = DMA1_Stream5;
 8002bae:	481a      	ldr	r0, [pc, #104]	@ (8002c18 <HAL_I2S_MspInit+0x168>)
 8002bb0:	4b1a      	ldr	r3, [pc, #104]	@ (8002c1c <HAL_I2S_MspInit+0x16c>)
 8002bb2:	6003      	str	r3, [r0, #0]
    hdma_spi3_tx.Init.Channel = DMA_CHANNEL_0;
 8002bb4:	2300      	movs	r3, #0
 8002bb6:	6043      	str	r3, [r0, #4]
    hdma_spi3_tx.Init.Direction = DMA_MEMORY_TO_PERIPH;
 8002bb8:	2240      	movs	r2, #64	@ 0x40
 8002bba:	6082      	str	r2, [r0, #8]
    hdma_spi3_tx.Init.PeriphInc = DMA_PINC_DISABLE;
 8002bbc:	60c3      	str	r3, [r0, #12]
    hdma_spi3_tx.Init.MemInc = DMA_MINC_ENABLE;
 8002bbe:	f44f 6280 	mov.w	r2, #1024	@ 0x400
 8002bc2:	6102      	str	r2, [r0, #16]
    hdma_spi3_tx.Init.PeriphDataAlignment = DMA_PDATAALIGN_WORD;
 8002bc4:	f44f 5280 	mov.w	r2, #4096	@ 0x1000
 8002bc8:	6142      	str	r2, [r0, #20]
    hdma_spi3_tx.Init.MemDataAlignment = DMA_MDATAALIGN_WORD;
 8002bca:	f44f 4280 	mov.w	r2, #16384	@ 0x4000
 8002bce:	6182      	str	r2, [r0, #24]
    hdma_spi3_tx.Init.Mode = DMA_CIRCULAR;
 8002bd0:	f44f 7280 	mov.w	r2, #256	@ 0x100
 8002bd4:	61c2      	str	r2, [r0, #28]
    hdma_spi3_tx.Init.Priority = DMA_PRIORITY_VERY_HIGH;
 8002bd6:	f44f 3240 	mov.w	r2, #196608	@ 0x30000
 8002bda:	6202      	str	r2, [r0, #32]
    hdma_spi3_tx.Init.FIFOMode = DMA_FIFOMODE_DISABLE;
 8002bdc:	6243      	str	r3, [r0, #36]	@ 0x24
    if (HAL_DMA_Init(&hdma_spi3_tx) != HAL_OK)
 8002bde:	f7fe ff4d 	bl	8001a7c <HAL_DMA_Init>
 8002be2:	b948      	cbnz	r0, 8002bf8 <HAL_I2S_MspInit+0x148>
    __HAL_LINKDMA(hi2s,hdmatx,hdma_spi3_tx);
 8002be4:	4b0c      	ldr	r3, [pc, #48]	@ (8002c18 <HAL_I2S_MspInit+0x168>)
 8002be6:	63a3      	str	r3, [r4, #56]	@ 0x38
 8002be8:	639c      	str	r4, [r3, #56]	@ 0x38
}
 8002bea:	e771      	b.n	8002ad0 <HAL_I2S_MspInit+0x20>
      Error_Handler();
 8002bec:	f7fd ffe2 	bl	8000bb4 <Error_Handler>
 8002bf0:	e77c      	b.n	8002aec <HAL_I2S_MspInit+0x3c>
      Error_Handler();
 8002bf2:	f7fd ffdf 	bl	8000bb4 <Error_Handler>
 8002bf6:	e7d7      	b.n	8002ba8 <HAL_I2S_MspInit+0xf8>
      Error_Handler();
 8002bf8:	f7fd ffdc 	bl	8000bb4 <Error_Handler>
 8002bfc:	e7f2      	b.n	8002be4 <HAL_I2S_MspInit+0x134>
 8002bfe:	bf00      	nop
 8002c00:	40003c00 	.word	0x40003c00
 8002c04:	40023800 	.word	0x40023800
 8002c08:	40020000 	.word	0x40020000
 8002c0c:	40020800 	.word	0x40020800
 8002c10:	200049e0 	.word	0x200049e0
 8002c14:	40026010 	.word	0x40026010
 8002c18:	20004980 	.word	0x20004980
 8002c1c:	40026088 	.word	0x40026088

08002c20 <HAL_SPI_MspInit>:
  * This function configures the hardware resources used in this example
  * @param hspi: SPI handle pointer
  * @retval None
  */
void HAL_SPI_MspInit(SPI_HandleTypeDef* hspi)
{
 8002c20:	b5f0      	push	{r4, r5, r6, r7, lr}
 8002c22:	b08b      	sub	sp, #44	@ 0x2c
  GPIO_InitTypeDef GPIO_InitStruct = {0};
 8002c24:	2300      	movs	r3, #0
 8002c26:	9305      	str	r3, [sp, #20]
 8002c28:	9306      	str	r3, [sp, #24]
 8002c2a:	9307      	str	r3, [sp, #28]
 8002c2c:	9308      	str	r3, [sp, #32]
 8002c2e:	9309      	str	r3, [sp, #36]	@ 0x24
  if(hspi->Instance==SPI1)
 8002c30:	6803      	ldr	r3, [r0, #0]
 8002c32:	4a30      	ldr	r2, [pc, #192]	@ (8002cf4 <HAL_SPI_MspInit+0xd4>)
 8002c34:	4293      	cmp	r3, r2
 8002c36:	d004      	beq.n	8002c42 <HAL_SPI_MspInit+0x22>

    /* USER CODE BEGIN SPI1_MspInit 1 */

    /* USER CODE END SPI1_MspInit 1 */
  }
  else if(hspi->Instance==SPI2)
 8002c38:	4a2f      	ldr	r2, [pc, #188]	@ (8002cf8 <HAL_SPI_MspInit+0xd8>)
 8002c3a:	4293      	cmp	r3, r2
 8002c3c:	d022      	beq.n	8002c84 <HAL_SPI_MspInit+0x64>
    /* USER CODE BEGIN SPI2_MspInit 1 */

    /* USER CODE END SPI2_MspInit 1 */
  }

}
 8002c3e:	b00b      	add	sp, #44	@ 0x2c
 8002c40:	bdf0      	pop	{r4, r5, r6, r7, pc}
    __HAL_RCC_SPI1_CLK_ENABLE();
 8002c42:	2100      	movs	r1, #0
 8002c44:	9100      	str	r1, [sp, #0]
 8002c46:	4b2d      	ldr	r3, [pc, #180]	@ (8002cfc <HAL_SPI_MspInit+0xdc>)
 8002c48:	6c5a      	ldr	r2, [r3, #68]	@ 0x44
 8002c4a:	f442 5280 	orr.w	r2, r2, #4096	@ 0x1000
 8002c4e:	645a      	str	r2, [r3, #68]	@ 0x44
 8002c50:	6c5a      	ldr	r2, [r3, #68]	@ 0x44
 8002c52:	f402 5280 	and.w	r2, r2, #4096	@ 0x1000
 8002c56:	9200      	str	r2, [sp, #0]
 8002c58:	9a00      	ldr	r2, [sp, #0]
    __HAL_RCC_GPIOA_CLK_ENABLE();
 8002c5a:	9101      	str	r1, [sp, #4]
 8002c5c:	6b1a      	ldr	r2, [r3, #48]	@ 0x30
 8002c5e:	f042 0201 	orr.w	r2, r2, #1
 8002c62:	631a      	str	r2, [r3, #48]	@ 0x30
 8002c64:	6b1b      	ldr	r3, [r3, #48]	@ 0x30
 8002c66:	f003 0301 	and.w	r3, r3, #1
 8002c6a:	9301      	str	r3, [sp, #4]
 8002c6c:	9b01      	ldr	r3, [sp, #4]
    GPIO_InitStruct.Pin = SPI1_SCK_Pin|SPI1_MISO_Pin|SPI1_MOSI_Pin;
 8002c6e:	23e0      	movs	r3, #224	@ 0xe0
 8002c70:	9305      	str	r3, [sp, #20]
    GPIO_InitStruct.Mode = GPIO_MODE_AF_PP;
 8002c72:	2302      	movs	r3, #2
 8002c74:	9306      	str	r3, [sp, #24]
    GPIO_InitStruct.Alternate = GPIO_AF5_SPI1;
 8002c76:	2305      	movs	r3, #5
 8002c78:	9309      	str	r3, [sp, #36]	@ 0x24
    HAL_GPIO_Init(GPIOA, &GPIO_InitStruct);
 8002c7a:	a905      	add	r1, sp, #20
 8002c7c:	4820      	ldr	r0, [pc, #128]	@ (8002d00 <HAL_SPI_MspInit+0xe0>)
 8002c7e:	f7ff f889 	bl	8001d94 <HAL_GPIO_Init>
 8002c82:	e7dc      	b.n	8002c3e <HAL_SPI_MspInit+0x1e>
    __HAL_RCC_SPI2_CLK_ENABLE();
 8002c84:	2400      	movs	r4, #0
 8002c86:	9402      	str	r4, [sp, #8]
 8002c88:	4b1c      	ldr	r3, [pc, #112]	@ (8002cfc <HAL_SPI_MspInit+0xdc>)
 8002c8a:	6c1a      	ldr	r2, [r3, #64]	@ 0x40
 8002c8c:	f442 4280 	orr.w	r2, r2, #16384	@ 0x4000
 8002c90:	641a      	str	r2, [r3, #64]	@ 0x40
 8002c92:	6c1a      	ldr	r2, [r3, #64]	@ 0x40
 8002c94:	f402 4280 	and.w	r2, r2, #16384	@ 0x4000
 8002c98:	9202      	str	r2, [sp, #8]
 8002c9a:	9a02      	ldr	r2, [sp, #8]
    __HAL_RCC_GPIOC_CLK_ENABLE();
 8002c9c:	9403      	str	r4, [sp, #12]
 8002c9e:	6b1a      	ldr	r2, [r3, #48]	@ 0x30
 8002ca0:	f042 0204 	orr.w	r2, r2, #4
 8002ca4:	631a      	str	r2, [r3, #48]	@ 0x30
 8002ca6:	6b1a      	ldr	r2, [r3, #48]	@ 0x30
 8002ca8:	f002 0204 	and.w	r2, r2, #4
 8002cac:	9203      	str	r2, [sp, #12]
 8002cae:	9a03      	ldr	r2, [sp, #12]
    __HAL_RCC_GPIOB_CLK_ENABLE();
 8002cb0:	9404      	str	r4, [sp, #16]
 8002cb2:	6b1a      	ldr	r2, [r3, #48]	@ 0x30
 8002cb4:	f042 0202 	orr.w	r2, r2, #2
 8002cb8:	631a      	str	r2, [r3, #48]	@ 0x30
 8002cba:	6b1b      	ldr	r3, [r3, #48]	@ 0x30
 8002cbc:	f003 0302 	and.w	r3, r3, #2
 8002cc0:	9304      	str	r3, [sp, #16]
 8002cc2:	9b04      	ldr	r3, [sp, #16]
    GPIO_InitStruct.Pin = GPIO_PIN_2;
 8002cc4:	2304      	movs	r3, #4
 8002cc6:	9305      	str	r3, [sp, #20]
    GPIO_InitStruct.Mode = GPIO_MODE_AF_PP;
 8002cc8:	2502      	movs	r5, #2
 8002cca:	9506      	str	r5, [sp, #24]
    GPIO_InitStruct.Speed = GPIO_SPEED_FREQ_VERY_HIGH;
 8002ccc:	2603      	movs	r6, #3
 8002cce:	9608      	str	r6, [sp, #32]
    GPIO_InitStruct.Alternate = GPIO_AF5_SPI2;
 8002cd0:	2705      	movs	r7, #5
 8002cd2:	9709      	str	r7, [sp, #36]	@ 0x24
    HAL_GPIO_Init(GPIOC, &GPIO_InitStruct);
 8002cd4:	a905      	add	r1, sp, #20
 8002cd6:	480b      	ldr	r0, [pc, #44]	@ (8002d04 <HAL_SPI_MspInit+0xe4>)
 8002cd8:	f7ff f85c 	bl	8001d94 <HAL_GPIO_Init>
    GPIO_InitStruct.Pin = GPIO_PIN_13|GPIO_PIN_15;
 8002cdc:	f44f 4320 	mov.w	r3, #40960	@ 0xa000
 8002ce0:	9305      	str	r3, [sp, #20]
    GPIO_InitStruct.Mode = GPIO_MODE_AF_PP;
 8002ce2:	9506      	str	r5, [sp, #24]
    GPIO_InitStruct.Pull = GPIO_NOPULL;
 8002ce4:	9407      	str	r4, [sp, #28]
    GPIO_InitStruct.Speed = GPIO_SPEED_FREQ_VERY_HIGH;
 8002ce6:	9608      	str	r6, [sp, #32]
    GPIO_InitStruct.Alternate = GPIO_AF5_SPI2;
 8002ce8:	9709      	str	r7, [sp, #36]	@ 0x24
    HAL_GPIO_Init(GPIOB, &GPIO_InitStruct);
 8002cea:	a905      	add	r1, sp, #20
 8002cec:	4806      	ldr	r0, [pc, #24]	@ (8002d08 <HAL_SPI_MspInit+0xe8>)
 8002cee:	f7ff f851 	bl	8001d94 <HAL_GPIO_Init>
}
 8002cf2:	e7a4      	b.n	8002c3e <HAL_SPI_MspInit+0x1e>
 8002cf4:	40013000 	.word	0x40013000
 8002cf8:	40003800 	.word	0x40003800
 8002cfc:	40023800 	.word	0x40023800
 8002d00:	40020000 	.word	0x40020000
 8002d04:	40020800 	.word	0x40020800
 8002d08:	40020400 	.word	0x40020400

08002d0c <HAL_RCC_OscConfig>:
__weak HAL_StatusTypeDef HAL_RCC_OscConfig(const RCC_OscInitTypeDef  *RCC_OscInitStruct)
{
  uint32_t tickstart;
  uint32_t pll_config;
  /* Check Null pointer */
  if (RCC_OscInitStruct == NULL)
 8002d0c:	2800      	cmp	r0, #0
 8002d0e:	f000 81e2 	beq.w	80030d6 <HAL_RCC_OscConfig+0x3ca>
{
 8002d12:	b570      	push	{r4, r5, r6, lr}
 8002d14:	b082      	sub	sp, #8
 8002d16:	4604      	mov	r4, r0
  }

  /* Check the parameters */
  assert_param(IS_RCC_OSCILLATORTYPE(RCC_OscInitStruct->OscillatorType));
  /*------------------------------- HSE Configuration ------------------------*/
  if (((RCC_OscInitStruct->OscillatorType) & RCC_OSCILLATORTYPE_HSE) == RCC_OSCILLATORTYPE_HSE)
 8002d18:	6803      	ldr	r3, [r0, #0]
 8002d1a:	f013 0f01 	tst.w	r3, #1
 8002d1e:	d03b      	beq.n	8002d98 <HAL_RCC_OscConfig+0x8c>
  {
    /* Check the parameters */
    assert_param(IS_RCC_HSE(RCC_OscInitStruct->HSEState));
    /* When the HSE is used as system clock or clock source for PLL in these cases HSE will not disabled */
    if ((__HAL_RCC_GET_SYSCLK_SOURCE() == RCC_CFGR_SWS_HSE) || \
 8002d20:	4b9b      	ldr	r3, [pc, #620]	@ (8002f90 <HAL_RCC_OscConfig+0x284>)
 8002d22:	689b      	ldr	r3, [r3, #8]
 8002d24:	f003 030c 	and.w	r3, r3, #12
 8002d28:	2b04      	cmp	r3, #4
 8002d2a:	d02c      	beq.n	8002d86 <HAL_RCC_OscConfig+0x7a>
        ((__HAL_RCC_GET_SYSCLK_SOURCE() == RCC_CFGR_SWS_PLL) && ((RCC->PLLCFGR & RCC_PLLCFGR_PLLSRC) == RCC_PLLCFGR_PLLSRC_HSE)))
 8002d2c:	4b98      	ldr	r3, [pc, #608]	@ (8002f90 <HAL_RCC_OscConfig+0x284>)
 8002d2e:	689b      	ldr	r3, [r3, #8]
 8002d30:	f003 030c 	and.w	r3, r3, #12
    if ((__HAL_RCC_GET_SYSCLK_SOURCE() == RCC_CFGR_SWS_HSE) || \
 8002d34:	2b08      	cmp	r3, #8
 8002d36:	d021      	beq.n	8002d7c <HAL_RCC_OscConfig+0x70>
      }
    }
    else
    {
      /* Set the new HSE configuration ---------------------------------------*/
      __HAL_RCC_HSE_CONFIG(RCC_OscInitStruct->HSEState);
 8002d38:	6863      	ldr	r3, [r4, #4]
 8002d3a:	f5b3 3f80 	cmp.w	r3, #65536	@ 0x10000
 8002d3e:	d04f      	beq.n	8002de0 <HAL_RCC_OscConfig+0xd4>
 8002d40:	f5b3 2fa0 	cmp.w	r3, #327680	@ 0x50000
 8002d44:	d052      	beq.n	8002dec <HAL_RCC_OscConfig+0xe0>
 8002d46:	4b92      	ldr	r3, [pc, #584]	@ (8002f90 <HAL_RCC_OscConfig+0x284>)
 8002d48:	681a      	ldr	r2, [r3, #0]
 8002d4a:	f422 3280 	bic.w	r2, r2, #65536	@ 0x10000
 8002d4e:	601a      	str	r2, [r3, #0]
 8002d50:	681a      	ldr	r2, [r3, #0]
 8002d52:	f422 2280 	bic.w	r2, r2, #262144	@ 0x40000
 8002d56:	601a      	str	r2, [r3, #0]

      /* Check the HSE State */
      if ((RCC_OscInitStruct->HSEState) != RCC_HSE_OFF)
 8002d58:	6863      	ldr	r3, [r4, #4]
 8002d5a:	2b00      	cmp	r3, #0
 8002d5c:	d050      	beq.n	8002e00 <HAL_RCC_OscConfig+0xf4>
      {
        /* Get Start Tick */
        tickstart = HAL_GetTick();
 8002d5e:	f7fe fd99 	bl	8001894 <HAL_GetTick>
 8002d62:	4605      	mov	r5, r0

        /* Wait till HSE is ready */
        while (__HAL_RCC_GET_FLAG(RCC_FLAG_HSERDY) == RESET)
 8002d64:	4b8a      	ldr	r3, [pc, #552]	@ (8002f90 <HAL_RCC_OscConfig+0x284>)
 8002d66:	681b      	ldr	r3, [r3, #0]
 8002d68:	f413 3f00 	tst.w	r3, #131072	@ 0x20000
 8002d6c:	d114      	bne.n	8002d98 <HAL_RCC_OscConfig+0x8c>
        {
          if ((HAL_GetTick() - tickstart) > HSE_TIMEOUT_VALUE)
 8002d6e:	f7fe fd91 	bl	8001894 <HAL_GetTick>
 8002d72:	1b40      	subs	r0, r0, r5
 8002d74:	2864      	cmp	r0, #100	@ 0x64
 8002d76:	d9f5      	bls.n	8002d64 <HAL_RCC_OscConfig+0x58>
          {
            return HAL_TIMEOUT;
 8002d78:	2003      	movs	r0, #3
 8002d7a:	e1b3      	b.n	80030e4 <HAL_RCC_OscConfig+0x3d8>
        ((__HAL_RCC_GET_SYSCLK_SOURCE() == RCC_CFGR_SWS_PLL) && ((RCC->PLLCFGR & RCC_PLLCFGR_PLLSRC) == RCC_PLLCFGR_PLLSRC_HSE)))
 8002d7c:	4b84      	ldr	r3, [pc, #528]	@ (8002f90 <HAL_RCC_OscConfig+0x284>)
 8002d7e:	685b      	ldr	r3, [r3, #4]
 8002d80:	f413 0f80 	tst.w	r3, #4194304	@ 0x400000
 8002d84:	d0d8      	beq.n	8002d38 <HAL_RCC_OscConfig+0x2c>
      if ((__HAL_RCC_GET_FLAG(RCC_FLAG_HSERDY) != RESET) && (RCC_OscInitStruct->HSEState == RCC_HSE_OFF))
 8002d86:	4b82      	ldr	r3, [pc, #520]	@ (8002f90 <HAL_RCC_OscConfig+0x284>)
 8002d88:	681b      	ldr	r3, [r3, #0]
 8002d8a:	f413 3f00 	tst.w	r3, #131072	@ 0x20000
 8002d8e:	d003      	beq.n	8002d98 <HAL_RCC_OscConfig+0x8c>
 8002d90:	6863      	ldr	r3, [r4, #4]
 8002d92:	2b00      	cmp	r3, #0
 8002d94:	f000 81a1 	beq.w	80030da <HAL_RCC_OscConfig+0x3ce>
        }
      }
    }
  }
  /*----------------------------- HSI Configuration --------------------------*/
  if (((RCC_OscInitStruct->OscillatorType) & RCC_OSCILLATORTYPE_HSI) == RCC_OSCILLATORTYPE_HSI)
 8002d98:	6823      	ldr	r3, [r4, #0]
 8002d9a:	f013 0f02 	tst.w	r3, #2
 8002d9e:	d054      	beq.n	8002e4a <HAL_RCC_OscConfig+0x13e>
    /* Check the parameters */
    assert_param(IS_RCC_HSI(RCC_OscInitStruct->HSIState));
    assert_param(IS_RCC_CALIBRATION_VALUE(RCC_OscInitStruct->HSICalibrationValue));

    /* Check if HSI is used as system clock or as PLL source when PLL is selected as system clock */
    if ((__HAL_RCC_GET_SYSCLK_SOURCE() == RCC_CFGR_SWS_HSI) || \
 8002da0:	4b7b      	ldr	r3, [pc, #492]	@ (8002f90 <HAL_RCC_OscConfig+0x284>)
 8002da2:	689b      	ldr	r3, [r3, #8]
 8002da4:	f013 0f0c 	tst.w	r3, #12
 8002da8:	d03e      	beq.n	8002e28 <HAL_RCC_OscConfig+0x11c>
        ((__HAL_RCC_GET_SYSCLK_SOURCE() == RCC_CFGR_SWS_PLL) && ((RCC->PLLCFGR & RCC_PLLCFGR_PLLSRC) == RCC_PLLCFGR_PLLSRC_HSI)))
 8002daa:	4b79      	ldr	r3, [pc, #484]	@ (8002f90 <HAL_RCC_OscConfig+0x284>)
 8002dac:	689b      	ldr	r3, [r3, #8]
 8002dae:	f003 030c 	and.w	r3, r3, #12
    if ((__HAL_RCC_GET_SYSCLK_SOURCE() == RCC_CFGR_SWS_HSI) || \
 8002db2:	2b08      	cmp	r3, #8
 8002db4:	d033      	beq.n	8002e1e <HAL_RCC_OscConfig+0x112>
      }
    }
    else
    {
      /* Check the HSI State */
      if ((RCC_OscInitStruct->HSIState) != RCC_HSI_OFF)
 8002db6:	68e3      	ldr	r3, [r4, #12]
 8002db8:	2b00      	cmp	r3, #0
 8002dba:	d068      	beq.n	8002e8e <HAL_RCC_OscConfig+0x182>
      {
        /* Enable the Internal High Speed oscillator (HSI). */
        __HAL_RCC_HSI_ENABLE();
 8002dbc:	4b75      	ldr	r3, [pc, #468]	@ (8002f94 <HAL_RCC_OscConfig+0x288>)
 8002dbe:	2201      	movs	r2, #1
 8002dc0:	601a      	str	r2, [r3, #0]

        /* Get Start Tick*/
        tickstart = HAL_GetTick();
 8002dc2:	f7fe fd67 	bl	8001894 <HAL_GetTick>
 8002dc6:	4605      	mov	r5, r0

        /* Wait till HSI is ready */
        while (__HAL_RCC_GET_FLAG(RCC_FLAG_HSIRDY) == RESET)
 8002dc8:	4b71      	ldr	r3, [pc, #452]	@ (8002f90 <HAL_RCC_OscConfig+0x284>)
 8002dca:	681b      	ldr	r3, [r3, #0]
 8002dcc:	f013 0f02 	tst.w	r3, #2
 8002dd0:	d154      	bne.n	8002e7c <HAL_RCC_OscConfig+0x170>
        {
          if ((HAL_GetTick() - tickstart) > HSI_TIMEOUT_VALUE)
 8002dd2:	f7fe fd5f 	bl	8001894 <HAL_GetTick>
 8002dd6:	1b40      	subs	r0, r0, r5
 8002dd8:	2802      	cmp	r0, #2
 8002dda:	d9f5      	bls.n	8002dc8 <HAL_RCC_OscConfig+0xbc>
          {
            return HAL_TIMEOUT;
 8002ddc:	2003      	movs	r0, #3
 8002dde:	e181      	b.n	80030e4 <HAL_RCC_OscConfig+0x3d8>
      __HAL_RCC_HSE_CONFIG(RCC_OscInitStruct->HSEState);
 8002de0:	4a6b      	ldr	r2, [pc, #428]	@ (8002f90 <HAL_RCC_OscConfig+0x284>)
 8002de2:	6813      	ldr	r3, [r2, #0]
 8002de4:	f443 3380 	orr.w	r3, r3, #65536	@ 0x10000
 8002de8:	6013      	str	r3, [r2, #0]
 8002dea:	e7b5      	b.n	8002d58 <HAL_RCC_OscConfig+0x4c>
 8002dec:	4b68      	ldr	r3, [pc, #416]	@ (8002f90 <HAL_RCC_OscConfig+0x284>)
 8002dee:	681a      	ldr	r2, [r3, #0]
 8002df0:	f442 2280 	orr.w	r2, r2, #262144	@ 0x40000
 8002df4:	601a      	str	r2, [r3, #0]
 8002df6:	681a      	ldr	r2, [r3, #0]
 8002df8:	f442 3280 	orr.w	r2, r2, #65536	@ 0x10000
 8002dfc:	601a      	str	r2, [r3, #0]
 8002dfe:	e7ab      	b.n	8002d58 <HAL_RCC_OscConfig+0x4c>
        tickstart = HAL_GetTick();
 8002e00:	f7fe fd48 	bl	8001894 <HAL_GetTick>
 8002e04:	4605      	mov	r5, r0
        while (__HAL_RCC_GET_FLAG(RCC_FLAG_HSERDY) != RESET)
 8002e06:	4b62      	ldr	r3, [pc, #392]	@ (8002f90 <HAL_RCC_OscConfig+0x284>)
 8002e08:	681b      	ldr	r3, [r3, #0]
 8002e0a:	f413 3f00 	tst.w	r3, #131072	@ 0x20000
 8002e0e:	d0c3      	beq.n	8002d98 <HAL_RCC_OscConfig+0x8c>
          if ((HAL_GetTick() - tickstart) > HSE_TIMEOUT_VALUE)
 8002e10:	f7fe fd40 	bl	8001894 <HAL_GetTick>
 8002e14:	1b40      	subs	r0, r0, r5
 8002e16:	2864      	cmp	r0, #100	@ 0x64
 8002e18:	d9f5      	bls.n	8002e06 <HAL_RCC_OscConfig+0xfa>
            return HAL_TIMEOUT;
 8002e1a:	2003      	movs	r0, #3
 8002e1c:	e162      	b.n	80030e4 <HAL_RCC_OscConfig+0x3d8>
        ((__HAL_RCC_GET_SYSCLK_SOURCE() == RCC_CFGR_SWS_PLL) && ((RCC->PLLCFGR & RCC_PLLCFGR_PLLSRC) == RCC_PLLCFGR_PLLSRC_HSI)))
 8002e1e:	4b5c      	ldr	r3, [pc, #368]	@ (8002f90 <HAL_RCC_OscConfig+0x284>)
 8002e20:	685b      	ldr	r3, [r3, #4]
 8002e22:	f413 0f80 	tst.w	r3, #4194304	@ 0x400000
 8002e26:	d1c6      	bne.n	8002db6 <HAL_RCC_OscConfig+0xaa>
      if ((__HAL_RCC_GET_FLAG(RCC_FLAG_HSIRDY) != RESET) && (RCC_OscInitStruct->HSIState != RCC_HSI_ON))
 8002e28:	4b59      	ldr	r3, [pc, #356]	@ (8002f90 <HAL_RCC_OscConfig+0x284>)
 8002e2a:	681b      	ldr	r3, [r3, #0]
 8002e2c:	f013 0f02 	tst.w	r3, #2
 8002e30:	d003      	beq.n	8002e3a <HAL_RCC_OscConfig+0x12e>
 8002e32:	68e3      	ldr	r3, [r4, #12]
 8002e34:	2b01      	cmp	r3, #1
 8002e36:	f040 8152 	bne.w	80030de <HAL_RCC_OscConfig+0x3d2>
        __HAL_RCC_HSI_CALIBRATIONVALUE_ADJUST(RCC_OscInitStruct->HSICalibrationValue);
 8002e3a:	4a55      	ldr	r2, [pc, #340]	@ (8002f90 <HAL_RCC_OscConfig+0x284>)
 8002e3c:	6813      	ldr	r3, [r2, #0]
 8002e3e:	f023 03f8 	bic.w	r3, r3, #248	@ 0xf8
 8002e42:	6921      	ldr	r1, [r4, #16]
 8002e44:	ea43 03c1 	orr.w	r3, r3, r1, lsl #3
 8002e48:	6013      	str	r3, [r2, #0]
        }
      }
    }
  }
  /*------------------------------ LSI Configuration -------------------------*/
  if (((RCC_OscInitStruct->OscillatorType) & RCC_OSCILLATORTYPE_LSI) == RCC_OSCILLATORTYPE_LSI)
 8002e4a:	6823      	ldr	r3, [r4, #0]
 8002e4c:	f013 0f08 	tst.w	r3, #8
 8002e50:	d042      	beq.n	8002ed8 <HAL_RCC_OscConfig+0x1cc>
  {
    /* Check the parameters */
    assert_param(IS_RCC_LSI(RCC_OscInitStruct->LSIState));

    /* Check the LSI State */
    if ((RCC_OscInitStruct->LSIState) != RCC_LSI_OFF)
 8002e52:	6963      	ldr	r3, [r4, #20]
 8002e54:	b36b      	cbz	r3, 8002eb2 <HAL_RCC_OscConfig+0x1a6>
    {
      /* Enable the Internal Low Speed oscillator (LSI). */
      __HAL_RCC_LSI_ENABLE();
 8002e56:	4b4f      	ldr	r3, [pc, #316]	@ (8002f94 <HAL_RCC_OscConfig+0x288>)
 8002e58:	2201      	movs	r2, #1
 8002e5a:	f8c3 2e80 	str.w	r2, [r3, #3712]	@ 0xe80

      /* Get Start Tick*/
      tickstart = HAL_GetTick();
 8002e5e:	f7fe fd19 	bl	8001894 <HAL_GetTick>
 8002e62:	4605      	mov	r5, r0

      /* Wait till LSI is ready */
      while (__HAL_RCC_GET_FLAG(RCC_FLAG_LSIRDY) == RESET)
 8002e64:	4b4a      	ldr	r3, [pc, #296]	@ (8002f90 <HAL_RCC_OscConfig+0x284>)
 8002e66:	6f5b      	ldr	r3, [r3, #116]	@ 0x74
 8002e68:	f013 0f02 	tst.w	r3, #2
 8002e6c:	d134      	bne.n	8002ed8 <HAL_RCC_OscConfig+0x1cc>
      {
        if ((HAL_GetTick() - tickstart) > LSI_TIMEOUT_VALUE)
 8002e6e:	f7fe fd11 	bl	8001894 <HAL_GetTick>
 8002e72:	1b40      	subs	r0, r0, r5
 8002e74:	2802      	cmp	r0, #2
 8002e76:	d9f5      	bls.n	8002e64 <HAL_RCC_OscConfig+0x158>
        {
          return HAL_TIMEOUT;
 8002e78:	2003      	movs	r0, #3
 8002e7a:	e133      	b.n	80030e4 <HAL_RCC_OscConfig+0x3d8>
        __HAL_RCC_HSI_CALIBRATIONVALUE_ADJUST(RCC_OscInitStruct->HSICalibrationValue);
 8002e7c:	4a44      	ldr	r2, [pc, #272]	@ (8002f90 <HAL_RCC_OscConfig+0x284>)
 8002e7e:	6813      	ldr	r3, [r2, #0]
 8002e80:	f023 03f8 	bic.w	r3, r3, #248	@ 0xf8
 8002e84:	6921      	ldr	r1, [r4, #16]
 8002e86:	ea43 03c1 	orr.w	r3, r3, r1, lsl #3
 8002e8a:	6013      	str	r3, [r2, #0]
 8002e8c:	e7dd      	b.n	8002e4a <HAL_RCC_OscConfig+0x13e>
        __HAL_RCC_HSI_DISABLE();
 8002e8e:	4b41      	ldr	r3, [pc, #260]	@ (8002f94 <HAL_RCC_OscConfig+0x288>)
 8002e90:	2200      	movs	r2, #0
 8002e92:	601a      	str	r2, [r3, #0]
        tickstart = HAL_GetTick();
 8002e94:	f7fe fcfe 	bl	8001894 <HAL_GetTick>
 8002e98:	4605      	mov	r5, r0
        while (__HAL_RCC_GET_FLAG(RCC_FLAG_HSIRDY) != RESET)
 8002e9a:	4b3d      	ldr	r3, [pc, #244]	@ (8002f90 <HAL_RCC_OscConfig+0x284>)
 8002e9c:	681b      	ldr	r3, [r3, #0]
 8002e9e:	f013 0f02 	tst.w	r3, #2
 8002ea2:	d0d2      	beq.n	8002e4a <HAL_RCC_OscConfig+0x13e>
          if ((HAL_GetTick() - tickstart) > HSI_TIMEOUT_VALUE)
 8002ea4:	f7fe fcf6 	bl	8001894 <HAL_GetTick>
 8002ea8:	1b40      	subs	r0, r0, r5
 8002eaa:	2802      	cmp	r0, #2
 8002eac:	d9f5      	bls.n	8002e9a <HAL_RCC_OscConfig+0x18e>
            return HAL_TIMEOUT;
 8002eae:	2003      	movs	r0, #3
 8002eb0:	e118      	b.n	80030e4 <HAL_RCC_OscConfig+0x3d8>
      }
    }
    else
    {
      /* Disable the Internal Low Speed oscillator (LSI). */
      __HAL_RCC_LSI_DISABLE();
 8002eb2:	4b38      	ldr	r3, [pc, #224]	@ (8002f94 <HAL_RCC_OscConfig+0x288>)
 8002eb4:	2200      	movs	r2, #0
 8002eb6:	f8c3 2e80 	str.w	r2, [r3, #3712]	@ 0xe80

      /* Get Start Tick */
      tickstart = HAL_GetTick();
 8002eba:	f7fe fceb 	bl	8001894 <HAL_GetTick>
 8002ebe:	4605      	mov	r5, r0

      /* Wait till LSI is ready */
      while (__HAL_RCC_GET_FLAG(RCC_FLAG_LSIRDY) != RESET)
 8002ec0:	4b33      	ldr	r3, [pc, #204]	@ (8002f90 <HAL_RCC_OscConfig+0x284>)
 8002ec2:	6f5b      	ldr	r3, [r3, #116]	@ 0x74
 8002ec4:	f013 0f02 	tst.w	r3, #2
 8002ec8:	d006      	beq.n	8002ed8 <HAL_RCC_OscConfig+0x1cc>
      {
        if ((HAL_GetTick() - tickstart) > LSI_TIMEOUT_VALUE)
 8002eca:	f7fe fce3 	bl	8001894 <HAL_GetTick>
 8002ece:	1b40      	subs	r0, r0, r5
 8002ed0:	2802      	cmp	r0, #2
 8002ed2:	d9f5      	bls.n	8002ec0 <HAL_RCC_OscConfig+0x1b4>
        {
          return HAL_TIMEOUT;
 8002ed4:	2003      	movs	r0, #3
 8002ed6:	e105      	b.n	80030e4 <HAL_RCC_OscConfig+0x3d8>
        }
      }
    }
  }
  /*------------------------------ LSE Configuration -------------------------*/
  if (((RCC_OscInitStruct->OscillatorType) & RCC_OSCILLATORTYPE_LSE) == RCC_OSCILLATORTYPE_LSE)
 8002ed8:	6823      	ldr	r3, [r4, #0]
 8002eda:	f013 0f04 	tst.w	r3, #4
 8002ede:	d079      	beq.n	8002fd4 <HAL_RCC_OscConfig+0x2c8>
    /* Check the parameters */
    assert_param(IS_RCC_LSE(RCC_OscInitStruct->LSEState));

    /* Update LSE configuration in Backup Domain control register    */
    /* Requires to enable write access to Backup Domain of necessary */
    if (__HAL_RCC_PWR_IS_CLK_DISABLED())
 8002ee0:	4b2b      	ldr	r3, [pc, #172]	@ (8002f90 <HAL_RCC_OscConfig+0x284>)
 8002ee2:	6c1b      	ldr	r3, [r3, #64]	@ 0x40
 8002ee4:	f013 5f80 	tst.w	r3, #268435456	@ 0x10000000
 8002ee8:	d134      	bne.n	8002f54 <HAL_RCC_OscConfig+0x248>
    {
      __HAL_RCC_PWR_CLK_ENABLE();
 8002eea:	2300      	movs	r3, #0
 8002eec:	9301      	str	r3, [sp, #4]
 8002eee:	4b28      	ldr	r3, [pc, #160]	@ (8002f90 <HAL_RCC_OscConfig+0x284>)
 8002ef0:	6c1a      	ldr	r2, [r3, #64]	@ 0x40
 8002ef2:	f042 5280 	orr.w	r2, r2, #268435456	@ 0x10000000
 8002ef6:	641a      	str	r2, [r3, #64]	@ 0x40
 8002ef8:	6c1b      	ldr	r3, [r3, #64]	@ 0x40
 8002efa:	f003 5380 	and.w	r3, r3, #268435456	@ 0x10000000
 8002efe:	9301      	str	r3, [sp, #4]
 8002f00:	9b01      	ldr	r3, [sp, #4]
      pwrclkchanged = SET;
 8002f02:	2301      	movs	r3, #1
 8002f04:	461e      	mov	r6, r3
    }

    if (HAL_IS_BIT_CLR(PWR->CR, PWR_CR_DBP))
 8002f06:	4b24      	ldr	r3, [pc, #144]	@ (8002f98 <HAL_RCC_OscConfig+0x28c>)
 8002f08:	681b      	ldr	r3, [r3, #0]
 8002f0a:	f413 7f80 	tst.w	r3, #256	@ 0x100
 8002f0e:	d024      	beq.n	8002f5a <HAL_RCC_OscConfig+0x24e>
        }
      }
    }

    /* Set the new LSE configuration -----------------------------------------*/
    __HAL_RCC_LSE_CONFIG(RCC_OscInitStruct->LSEState);
 8002f10:	68a3      	ldr	r3, [r4, #8]
 8002f12:	2b01      	cmp	r3, #1
 8002f14:	d035      	beq.n	8002f82 <HAL_RCC_OscConfig+0x276>
 8002f16:	2b05      	cmp	r3, #5
 8002f18:	d040      	beq.n	8002f9c <HAL_RCC_OscConfig+0x290>
 8002f1a:	4b1d      	ldr	r3, [pc, #116]	@ (8002f90 <HAL_RCC_OscConfig+0x284>)
 8002f1c:	6f1a      	ldr	r2, [r3, #112]	@ 0x70
 8002f1e:	f022 0201 	bic.w	r2, r2, #1
 8002f22:	671a      	str	r2, [r3, #112]	@ 0x70
 8002f24:	6f1a      	ldr	r2, [r3, #112]	@ 0x70
 8002f26:	f022 0204 	bic.w	r2, r2, #4
 8002f2a:	671a      	str	r2, [r3, #112]	@ 0x70
    /* Check the LSE State */
    if ((RCC_OscInitStruct->LSEState) != RCC_LSE_OFF)
 8002f2c:	68a3      	ldr	r3, [r4, #8]
 8002f2e:	2b00      	cmp	r3, #0
 8002f30:	d03e      	beq.n	8002fb0 <HAL_RCC_OscConfig+0x2a4>
    {
      /* Get Start Tick*/
      tickstart = HAL_GetTick();
 8002f32:	f7fe fcaf 	bl	8001894 <HAL_GetTick>
 8002f36:	4605      	mov	r5, r0

      /* Wait till LSE is ready */
      while (__HAL_RCC_GET_FLAG(RCC_FLAG_LSERDY) == RESET)
 8002f38:	4b15      	ldr	r3, [pc, #84]	@ (8002f90 <HAL_RCC_OscConfig+0x284>)
 8002f3a:	6f1b      	ldr	r3, [r3, #112]	@ 0x70
 8002f3c:	f013 0f02 	tst.w	r3, #2
 8002f40:	d147      	bne.n	8002fd2 <HAL_RCC_OscConfig+0x2c6>
      {
        if ((HAL_GetTick() - tickstart) > RCC_LSE_TIMEOUT_VALUE)
 8002f42:	f7fe fca7 	bl	8001894 <HAL_GetTick>
 8002f46:	1b40      	subs	r0, r0, r5
 8002f48:	f241 3388 	movw	r3, #5000	@ 0x1388
 8002f4c:	4298      	cmp	r0, r3
 8002f4e:	d9f3      	bls.n	8002f38 <HAL_RCC_OscConfig+0x22c>
        {
          return HAL_TIMEOUT;
 8002f50:	2003      	movs	r0, #3
 8002f52:	e0c7      	b.n	80030e4 <HAL_RCC_OscConfig+0x3d8>
    FlagStatus       pwrclkchanged = RESET;
 8002f54:	2300      	movs	r3, #0
 8002f56:	461e      	mov	r6, r3
 8002f58:	e7d5      	b.n	8002f06 <HAL_RCC_OscConfig+0x1fa>
      SET_BIT(PWR->CR, PWR_CR_DBP);
 8002f5a:	4a0f      	ldr	r2, [pc, #60]	@ (8002f98 <HAL_RCC_OscConfig+0x28c>)
 8002f5c:	6813      	ldr	r3, [r2, #0]
 8002f5e:	f443 7380 	orr.w	r3, r3, #256	@ 0x100
 8002f62:	6013      	str	r3, [r2, #0]
      tickstart = HAL_GetTick();
 8002f64:	f7fe fc96 	bl	8001894 <HAL_GetTick>
 8002f68:	4605      	mov	r5, r0
      while (HAL_IS_BIT_CLR(PWR->CR, PWR_CR_DBP))
 8002f6a:	4b0b      	ldr	r3, [pc, #44]	@ (8002f98 <HAL_RCC_OscConfig+0x28c>)
 8002f6c:	681b      	ldr	r3, [r3, #0]
 8002f6e:	f413 7f80 	tst.w	r3, #256	@ 0x100
 8002f72:	d1cd      	bne.n	8002f10 <HAL_RCC_OscConfig+0x204>
        if ((HAL_GetTick() - tickstart) > RCC_DBP_TIMEOUT_VALUE)
 8002f74:	f7fe fc8e 	bl	8001894 <HAL_GetTick>
 8002f78:	1b40      	subs	r0, r0, r5
 8002f7a:	2802      	cmp	r0, #2
 8002f7c:	d9f5      	bls.n	8002f6a <HAL_RCC_OscConfig+0x25e>
          return HAL_TIMEOUT;
 8002f7e:	2003      	movs	r0, #3
 8002f80:	e0b0      	b.n	80030e4 <HAL_RCC_OscConfig+0x3d8>
    __HAL_RCC_LSE_CONFIG(RCC_OscInitStruct->LSEState);
 8002f82:	4a03      	ldr	r2, [pc, #12]	@ (8002f90 <HAL_RCC_OscConfig+0x284>)
 8002f84:	6f13      	ldr	r3, [r2, #112]	@ 0x70
 8002f86:	f043 0301 	orr.w	r3, r3, #1
 8002f8a:	6713      	str	r3, [r2, #112]	@ 0x70
 8002f8c:	e7ce      	b.n	8002f2c <HAL_RCC_OscConfig+0x220>
 8002f8e:	bf00      	nop
 8002f90:	40023800 	.word	0x40023800
 8002f94:	42470000 	.word	0x42470000
 8002f98:	40007000 	.word	0x40007000
 8002f9c:	4b58      	ldr	r3, [pc, #352]	@ (8003100 <HAL_RCC_OscConfig+0x3f4>)
 8002f9e:	6f1a      	ldr	r2, [r3, #112]	@ 0x70
 8002fa0:	f042 0204 	orr.w	r2, r2, #4
 8002fa4:	671a      	str	r2, [r3, #112]	@ 0x70
 8002fa6:	6f1a      	ldr	r2, [r3, #112]	@ 0x70
 8002fa8:	f042 0201 	orr.w	r2, r2, #1
 8002fac:	671a      	str	r2, [r3, #112]	@ 0x70
 8002fae:	e7bd      	b.n	8002f2c <HAL_RCC_OscConfig+0x220>
      }
    }
    else
    {
      /* Get Start Tick */
      tickstart = HAL_GetTick();
 8002fb0:	f7fe fc70 	bl	8001894 <HAL_GetTick>
 8002fb4:	4605      	mov	r5, r0

      /* Wait till LSE is ready */
      while (__HAL_RCC_GET_FLAG(RCC_FLAG_LSERDY) != RESET)
 8002fb6:	4b52      	ldr	r3, [pc, #328]	@ (8003100 <HAL_RCC_OscConfig+0x3f4>)
 8002fb8:	6f1b      	ldr	r3, [r3, #112]	@ 0x70
 8002fba:	f013 0f02 	tst.w	r3, #2
 8002fbe:	d008      	beq.n	8002fd2 <HAL_RCC_OscConfig+0x2c6>
      {
        if ((HAL_GetTick() - tickstart) > RCC_LSE_TIMEOUT_VALUE)
 8002fc0:	f7fe fc68 	bl	8001894 <HAL_GetTick>
 8002fc4:	1b40      	subs	r0, r0, r5
 8002fc6:	f241 3388 	movw	r3, #5000	@ 0x1388
 8002fca:	4298      	cmp	r0, r3
 8002fcc:	d9f3      	bls.n	8002fb6 <HAL_RCC_OscConfig+0x2aa>
        {
          return HAL_TIMEOUT;
 8002fce:	2003      	movs	r0, #3
 8002fd0:	e088      	b.n	80030e4 <HAL_RCC_OscConfig+0x3d8>
        }
      }
    }

    /* Restore clock configuration if changed */
    if (pwrclkchanged == SET)
 8002fd2:	b9ee      	cbnz	r6, 8003010 <HAL_RCC_OscConfig+0x304>
    }
  }
  /*-------------------------------- PLL Configuration -----------------------*/
  /* Check the parameters */
  assert_param(IS_RCC_PLL(RCC_OscInitStruct->PLL.PLLState));
  if ((RCC_OscInitStruct->PLL.PLLState) != RCC_PLL_NONE)
 8002fd4:	69a3      	ldr	r3, [r4, #24]
 8002fd6:	2b00      	cmp	r3, #0
 8002fd8:	f000 8083 	beq.w	80030e2 <HAL_RCC_OscConfig+0x3d6>
  {
    /* Check if the PLL is used as system clock or not */
    if (__HAL_RCC_GET_SYSCLK_SOURCE() != RCC_CFGR_SWS_PLL)
 8002fdc:	4a48      	ldr	r2, [pc, #288]	@ (8003100 <HAL_RCC_OscConfig+0x3f4>)
 8002fde:	6892      	ldr	r2, [r2, #8]
 8002fe0:	f002 020c 	and.w	r2, r2, #12
 8002fe4:	2a08      	cmp	r2, #8
 8002fe6:	d051      	beq.n	800308c <HAL_RCC_OscConfig+0x380>
    {
      if ((RCC_OscInitStruct->PLL.PLLState) == RCC_PLL_ON)
 8002fe8:	2b02      	cmp	r3, #2
 8002fea:	d017      	beq.n	800301c <HAL_RCC_OscConfig+0x310>
        }
      }
      else
      {
        /* Disable the main PLL. */
        __HAL_RCC_PLL_DISABLE();
 8002fec:	4b45      	ldr	r3, [pc, #276]	@ (8003104 <HAL_RCC_OscConfig+0x3f8>)
 8002fee:	2200      	movs	r2, #0
 8002ff0:	661a      	str	r2, [r3, #96]	@ 0x60

        /* Get Start Tick */
        tickstart = HAL_GetTick();
 8002ff2:	f7fe fc4f 	bl	8001894 <HAL_GetTick>
 8002ff6:	4604      	mov	r4, r0

        /* Wait till PLL is disabled */
        while (__HAL_RCC_GET_FLAG(RCC_FLAG_PLLRDY) != RESET)
 8002ff8:	4b41      	ldr	r3, [pc, #260]	@ (8003100 <HAL_RCC_OscConfig+0x3f4>)
 8002ffa:	681b      	ldr	r3, [r3, #0]
 8002ffc:	f013 7f00 	tst.w	r3, #33554432	@ 0x2000000
 8003000:	d042      	beq.n	8003088 <HAL_RCC_OscConfig+0x37c>
        {
          if ((HAL_GetTick() - tickstart) > PLL_TIMEOUT_VALUE)
 8003002:	f7fe fc47 	bl	8001894 <HAL_GetTick>
 8003006:	1b00      	subs	r0, r0, r4
 8003008:	2802      	cmp	r0, #2
 800300a:	d9f5      	bls.n	8002ff8 <HAL_RCC_OscConfig+0x2ec>
          {
            return HAL_TIMEOUT;
 800300c:	2003      	movs	r0, #3
 800300e:	e069      	b.n	80030e4 <HAL_RCC_OscConfig+0x3d8>
      __HAL_RCC_PWR_CLK_DISABLE();
 8003010:	4a3b      	ldr	r2, [pc, #236]	@ (8003100 <HAL_RCC_OscConfig+0x3f4>)
 8003012:	6c13      	ldr	r3, [r2, #64]	@ 0x40
 8003014:	f023 5380 	bic.w	r3, r3, #268435456	@ 0x10000000
 8003018:	6413      	str	r3, [r2, #64]	@ 0x40
 800301a:	e7db      	b.n	8002fd4 <HAL_RCC_OscConfig+0x2c8>
        __HAL_RCC_PLL_DISABLE();
 800301c:	4b39      	ldr	r3, [pc, #228]	@ (8003104 <HAL_RCC_OscConfig+0x3f8>)
 800301e:	2200      	movs	r2, #0
 8003020:	661a      	str	r2, [r3, #96]	@ 0x60
        tickstart = HAL_GetTick();
 8003022:	f7fe fc37 	bl	8001894 <HAL_GetTick>
 8003026:	4605      	mov	r5, r0
        while (__HAL_RCC_GET_FLAG(RCC_FLAG_PLLRDY) != RESET)
 8003028:	4b35      	ldr	r3, [pc, #212]	@ (8003100 <HAL_RCC_OscConfig+0x3f4>)
 800302a:	681b      	ldr	r3, [r3, #0]
 800302c:	f013 7f00 	tst.w	r3, #33554432	@ 0x2000000
 8003030:	d006      	beq.n	8003040 <HAL_RCC_OscConfig+0x334>
          if ((HAL_GetTick() - tickstart) > PLL_TIMEOUT_VALUE)
 8003032:	f7fe fc2f 	bl	8001894 <HAL_GetTick>
 8003036:	1b40      	subs	r0, r0, r5
 8003038:	2802      	cmp	r0, #2
 800303a:	d9f5      	bls.n	8003028 <HAL_RCC_OscConfig+0x31c>
            return HAL_TIMEOUT;
 800303c:	2003      	movs	r0, #3
 800303e:	e051      	b.n	80030e4 <HAL_RCC_OscConfig+0x3d8>
        WRITE_REG(RCC->PLLCFGR, (RCC_OscInitStruct->PLL.PLLSource                                            | \
 8003040:	69e3      	ldr	r3, [r4, #28]
 8003042:	6a22      	ldr	r2, [r4, #32]
 8003044:	4313      	orrs	r3, r2
 8003046:	6a62      	ldr	r2, [r4, #36]	@ 0x24
 8003048:	ea43 1382 	orr.w	r3, r3, r2, lsl #6
 800304c:	6aa2      	ldr	r2, [r4, #40]	@ 0x28
 800304e:	0852      	lsrs	r2, r2, #1
 8003050:	3a01      	subs	r2, #1
 8003052:	ea43 4302 	orr.w	r3, r3, r2, lsl #16
 8003056:	6ae2      	ldr	r2, [r4, #44]	@ 0x2c
 8003058:	ea43 6302 	orr.w	r3, r3, r2, lsl #24
 800305c:	4a28      	ldr	r2, [pc, #160]	@ (8003100 <HAL_RCC_OscConfig+0x3f4>)
 800305e:	6053      	str	r3, [r2, #4]
        __HAL_RCC_PLL_ENABLE();
 8003060:	4b28      	ldr	r3, [pc, #160]	@ (8003104 <HAL_RCC_OscConfig+0x3f8>)
 8003062:	2201      	movs	r2, #1
 8003064:	661a      	str	r2, [r3, #96]	@ 0x60
        tickstart = HAL_GetTick();
 8003066:	f7fe fc15 	bl	8001894 <HAL_GetTick>
 800306a:	4604      	mov	r4, r0
        while (__HAL_RCC_GET_FLAG(RCC_FLAG_PLLRDY) == RESET)
 800306c:	4b24      	ldr	r3, [pc, #144]	@ (8003100 <HAL_RCC_OscConfig+0x3f4>)
 800306e:	681b      	ldr	r3, [r3, #0]
 8003070:	f013 7f00 	tst.w	r3, #33554432	@ 0x2000000
 8003074:	d106      	bne.n	8003084 <HAL_RCC_OscConfig+0x378>
          if ((HAL_GetTick() - tickstart) > PLL_TIMEOUT_VALUE)
 8003076:	f7fe fc0d 	bl	8001894 <HAL_GetTick>
 800307a:	1b00      	subs	r0, r0, r4
 800307c:	2802      	cmp	r0, #2
 800307e:	d9f5      	bls.n	800306c <HAL_RCC_OscConfig+0x360>
            return HAL_TIMEOUT;
 8003080:	2003      	movs	r0, #3
 8003082:	e02f      	b.n	80030e4 <HAL_RCC_OscConfig+0x3d8>
          return HAL_ERROR;
        }
      }
    }
  }
  return HAL_OK;
 8003084:	2000      	movs	r0, #0
 8003086:	e02d      	b.n	80030e4 <HAL_RCC_OscConfig+0x3d8>
 8003088:	2000      	movs	r0, #0
 800308a:	e02b      	b.n	80030e4 <HAL_RCC_OscConfig+0x3d8>
      if ((RCC_OscInitStruct->PLL.PLLState) == RCC_PLL_OFF)
 800308c:	2b01      	cmp	r3, #1
 800308e:	d02b      	beq.n	80030e8 <HAL_RCC_OscConfig+0x3dc>
        pll_config = RCC->PLLCFGR;
 8003090:	4b1b      	ldr	r3, [pc, #108]	@ (8003100 <HAL_RCC_OscConfig+0x3f4>)
 8003092:	685b      	ldr	r3, [r3, #4]
            (READ_BIT(pll_config, RCC_PLLCFGR_PLLSRC) != RCC_OscInitStruct->PLL.PLLSource) ||
 8003094:	f403 0180 	and.w	r1, r3, #4194304	@ 0x400000
 8003098:	69e2      	ldr	r2, [r4, #28]
        if (((RCC_OscInitStruct->PLL.PLLState) == RCC_PLL_OFF) ||
 800309a:	4291      	cmp	r1, r2
 800309c:	d126      	bne.n	80030ec <HAL_RCC_OscConfig+0x3e0>
            (READ_BIT(pll_config, RCC_PLLCFGR_PLLM) != (RCC_OscInitStruct->PLL.PLLM) << RCC_PLLCFGR_PLLM_Pos) ||
 800309e:	f003 023f 	and.w	r2, r3, #63	@ 0x3f
 80030a2:	6a21      	ldr	r1, [r4, #32]
            (READ_BIT(pll_config, RCC_PLLCFGR_PLLSRC) != RCC_OscInitStruct->PLL.PLLSource) ||
 80030a4:	428a      	cmp	r2, r1
 80030a6:	d123      	bne.n	80030f0 <HAL_RCC_OscConfig+0x3e4>
            (READ_BIT(pll_config, RCC_PLLCFGR_PLLN) != (RCC_OscInitStruct->PLL.PLLN) << RCC_PLLCFGR_PLLN_Pos) ||
 80030a8:	6a61      	ldr	r1, [r4, #36]	@ 0x24
            (READ_BIT(pll_config, RCC_PLLCFGR_PLLM) != (RCC_OscInitStruct->PLL.PLLM) << RCC_PLLCFGR_PLLM_Pos) ||
 80030aa:	f647 72c0 	movw	r2, #32704	@ 0x7fc0
 80030ae:	401a      	ands	r2, r3
 80030b0:	ebb2 1f81 	cmp.w	r2, r1, lsl #6
 80030b4:	d11e      	bne.n	80030f4 <HAL_RCC_OscConfig+0x3e8>
            (READ_BIT(pll_config, RCC_PLLCFGR_PLLP) != (((RCC_OscInitStruct->PLL.PLLP >> 1U) - 1U)) << RCC_PLLCFGR_PLLP_Pos) ||
 80030b6:	f403 3140 	and.w	r1, r3, #196608	@ 0x30000
 80030ba:	6aa2      	ldr	r2, [r4, #40]	@ 0x28
 80030bc:	0852      	lsrs	r2, r2, #1
 80030be:	3a01      	subs	r2, #1
            (READ_BIT(pll_config, RCC_PLLCFGR_PLLN) != (RCC_OscInitStruct->PLL.PLLN) << RCC_PLLCFGR_PLLN_Pos) ||
 80030c0:	ebb1 4f02 	cmp.w	r1, r2, lsl #16
 80030c4:	d118      	bne.n	80030f8 <HAL_RCC_OscConfig+0x3ec>
            (READ_BIT(pll_config, RCC_PLLCFGR_PLLQ) != (RCC_OscInitStruct->PLL.PLLQ << RCC_PLLCFGR_PLLQ_Pos)))
 80030c6:	f003 6370 	and.w	r3, r3, #251658240	@ 0xf000000
 80030ca:	6ae2      	ldr	r2, [r4, #44]	@ 0x2c
            (READ_BIT(pll_config, RCC_PLLCFGR_PLLP) != (((RCC_OscInitStruct->PLL.PLLP >> 1U) - 1U)) << RCC_PLLCFGR_PLLP_Pos) ||
 80030cc:	ebb3 6f02 	cmp.w	r3, r2, lsl #24
 80030d0:	d114      	bne.n	80030fc <HAL_RCC_OscConfig+0x3f0>
  return HAL_OK;
 80030d2:	2000      	movs	r0, #0
 80030d4:	e006      	b.n	80030e4 <HAL_RCC_OscConfig+0x3d8>
    return HAL_ERROR;
 80030d6:	2001      	movs	r0, #1
}
 80030d8:	4770      	bx	lr
        return HAL_ERROR;
 80030da:	2001      	movs	r0, #1
 80030dc:	e002      	b.n	80030e4 <HAL_RCC_OscConfig+0x3d8>
        return HAL_ERROR;
 80030de:	2001      	movs	r0, #1
 80030e0:	e000      	b.n	80030e4 <HAL_RCC_OscConfig+0x3d8>
  return HAL_OK;
 80030e2:	4618      	mov	r0, r3
}
 80030e4:	b002      	add	sp, #8
 80030e6:	bd70      	pop	{r4, r5, r6, pc}
        return HAL_ERROR;
 80030e8:	2001      	movs	r0, #1
 80030ea:	e7fb      	b.n	80030e4 <HAL_RCC_OscConfig+0x3d8>
          return HAL_ERROR;
 80030ec:	2001      	movs	r0, #1
 80030ee:	e7f9      	b.n	80030e4 <HAL_RCC_OscConfig+0x3d8>
 80030f0:	2001      	movs	r0, #1
 80030f2:	e7f7      	b.n	80030e4 <HAL_RCC_OscConfig+0x3d8>
 80030f4:	2001      	movs	r0, #1
 80030f6:	e7f5      	b.n	80030e4 <HAL_RCC_OscConfig+0x3d8>
 80030f8:	2001      	movs	r0, #1
 80030fa:	e7f3      	b.n	80030e4 <HAL_RCC_OscConfig+0x3d8>
 80030fc:	2001      	movs	r0, #1
 80030fe:	e7f1      	b.n	80030e4 <HAL_RCC_OscConfig+0x3d8>
 8003100:	40023800 	.word	0x40023800
 8003104:	42470000 	.word	0x42470000

08003108 <HAL_RCC_GetSysClockFreq>:
  *
  *
  * @retval SYSCLK frequency
  */
__weak uint32_t HAL_RCC_GetSysClockFreq(void)
{
 8003108:	b508      	push	{r3, lr}
  uint32_t pllvco = 0U;
  uint32_t pllp = 0U;
  uint32_t sysclockfreq = 0U;

  /* Get SYSCLK source -------------------------------------------------------*/
  switch (RCC->CFGR & RCC_CFGR_SWS)
 800310a:	4b33      	ldr	r3, [pc, #204]	@ (80031d8 <HAL_RCC_GetSysClockFreq+0xd0>)
 800310c:	689b      	ldr	r3, [r3, #8]
 800310e:	f003 030c 	and.w	r3, r3, #12
 8003112:	2b04      	cmp	r3, #4
 8003114:	d05b      	beq.n	80031ce <HAL_RCC_GetSysClockFreq+0xc6>
 8003116:	2b08      	cmp	r3, #8
 8003118:	d15b      	bne.n	80031d2 <HAL_RCC_GetSysClockFreq+0xca>
    }
    case RCC_CFGR_SWS_PLL:  /* PLL used as system clock  source */
    {
      /* PLL_VCO = (HSE_VALUE or HSI_VALUE / PLLM) * PLLN
      SYSCLK = PLL_VCO / PLLP */
      pllm = RCC->PLLCFGR & RCC_PLLCFGR_PLLM;
 800311a:	4b2f      	ldr	r3, [pc, #188]	@ (80031d8 <HAL_RCC_GetSysClockFreq+0xd0>)
 800311c:	685a      	ldr	r2, [r3, #4]
 800311e:	f002 023f 	and.w	r2, r2, #63	@ 0x3f
      if (__HAL_RCC_GET_PLL_OSCSOURCE() != RCC_PLLSOURCE_HSI)
 8003122:	685b      	ldr	r3, [r3, #4]
 8003124:	f413 0f80 	tst.w	r3, #4194304	@ 0x400000
 8003128:	d02c      	beq.n	8003184 <HAL_RCC_GetSysClockFreq+0x7c>
      {
        /* HSE used as PLL clock source */
        pllvco = (uint32_t)((((uint64_t) HSE_VALUE * ((uint64_t)((RCC->PLLCFGR & RCC_PLLCFGR_PLLN) >> RCC_PLLCFGR_PLLN_Pos)))) / (uint64_t)pllm);
 800312a:	4b2b      	ldr	r3, [pc, #172]	@ (80031d8 <HAL_RCC_GetSysClockFreq+0xd0>)
 800312c:	6858      	ldr	r0, [r3, #4]
 800312e:	f3c0 1088 	ubfx	r0, r0, #6, #9
 8003132:	ea4f 1c40 	mov.w	ip, r0, lsl #5
 8003136:	ebbc 0c00 	subs.w	ip, ip, r0
 800313a:	eb6e 0e0e 	sbc.w	lr, lr, lr
 800313e:	ea4f 138e 	mov.w	r3, lr, lsl #6
 8003142:	ea43 639c 	orr.w	r3, r3, ip, lsr #26
 8003146:	ea4f 118c 	mov.w	r1, ip, lsl #6
 800314a:	ebb1 010c 	subs.w	r1, r1, ip
 800314e:	eb63 030e 	sbc.w	r3, r3, lr
 8003152:	00db      	lsls	r3, r3, #3
 8003154:	ea43 7351 	orr.w	r3, r3, r1, lsr #29
 8003158:	00c9      	lsls	r1, r1, #3
 800315a:	eb11 0c00 	adds.w	ip, r1, r0
 800315e:	f143 0300 	adc.w	r3, r3, #0
 8003162:	0259      	lsls	r1, r3, #9
 8003164:	2300      	movs	r3, #0
 8003166:	ea4f 204c 	mov.w	r0, ip, lsl #9
 800316a:	ea41 51dc 	orr.w	r1, r1, ip, lsr #23
 800316e:	f7fd f80f 	bl	8000190 <__aeabi_uldivmod>
      else
      {
        /* HSI used as PLL clock source */
        pllvco = (uint32_t)((((uint64_t) HSI_VALUE * ((uint64_t)((RCC->PLLCFGR & RCC_PLLCFGR_PLLN) >> RCC_PLLCFGR_PLLN_Pos)))) / (uint64_t)pllm);
      }
      pllp = ((((RCC->PLLCFGR & RCC_PLLCFGR_PLLP) >> RCC_PLLCFGR_PLLP_Pos) + 1U) * 2U);
 8003172:	4b19      	ldr	r3, [pc, #100]	@ (80031d8 <HAL_RCC_GetSysClockFreq+0xd0>)
 8003174:	685b      	ldr	r3, [r3, #4]
 8003176:	f3c3 4301 	ubfx	r3, r3, #16, #2
 800317a:	3301      	adds	r3, #1
 800317c:	005b      	lsls	r3, r3, #1

      sysclockfreq = pllvco / pllp;
 800317e:	fbb0 f0f3 	udiv	r0, r0, r3
      sysclockfreq = HSI_VALUE;
      break;
    }
  }
  return sysclockfreq;
}
 8003182:	bd08      	pop	{r3, pc}
        pllvco = (uint32_t)((((uint64_t) HSI_VALUE * ((uint64_t)((RCC->PLLCFGR & RCC_PLLCFGR_PLLN) >> RCC_PLLCFGR_PLLN_Pos)))) / (uint64_t)pllm);
 8003184:	4b14      	ldr	r3, [pc, #80]	@ (80031d8 <HAL_RCC_GetSysClockFreq+0xd0>)
 8003186:	6858      	ldr	r0, [r3, #4]
 8003188:	f3c0 1088 	ubfx	r0, r0, #6, #9
 800318c:	ea4f 1c40 	mov.w	ip, r0, lsl #5
 8003190:	ebbc 0c00 	subs.w	ip, ip, r0
 8003194:	eb6e 0e0e 	sbc.w	lr, lr, lr
 8003198:	ea4f 138e 	mov.w	r3, lr, lsl #6
 800319c:	ea43 639c 	orr.w	r3, r3, ip, lsr #26
 80031a0:	ea4f 118c 	mov.w	r1, ip, lsl #6
 80031a4:	ebb1 010c 	subs.w	r1, r1, ip
 80031a8:	eb63 030e 	sbc.w	r3, r3, lr
 80031ac:	00db      	lsls	r3, r3, #3
 80031ae:	ea43 7351 	orr.w	r3, r3, r1, lsr #29
 80031b2:	00c9      	lsls	r1, r1, #3
 80031b4:	eb11 0c00 	adds.w	ip, r1, r0
 80031b8:	f143 0300 	adc.w	r3, r3, #0
 80031bc:	0299      	lsls	r1, r3, #10
 80031be:	2300      	movs	r3, #0
 80031c0:	ea4f 208c 	mov.w	r0, ip, lsl #10
 80031c4:	ea41 519c 	orr.w	r1, r1, ip, lsr #22
 80031c8:	f7fc ffe2 	bl	8000190 <__aeabi_uldivmod>
 80031cc:	e7d1      	b.n	8003172 <HAL_RCC_GetSysClockFreq+0x6a>
      sysclockfreq = HSE_VALUE;
 80031ce:	4803      	ldr	r0, [pc, #12]	@ (80031dc <HAL_RCC_GetSysClockFreq+0xd4>)
 80031d0:	e7d7      	b.n	8003182 <HAL_RCC_GetSysClockFreq+0x7a>
  switch (RCC->CFGR & RCC_CFGR_SWS)
 80031d2:	4803      	ldr	r0, [pc, #12]	@ (80031e0 <HAL_RCC_GetSysClockFreq+0xd8>)
  return sysclockfreq;
 80031d4:	e7d5      	b.n	8003182 <HAL_RCC_GetSysClockFreq+0x7a>
 80031d6:	bf00      	nop
 80031d8:	40023800 	.word	0x40023800
 80031dc:	007a1200 	.word	0x007a1200
 80031e0:	00f42400 	.word	0x00f42400

080031e4 <HAL_RCC_ClockConfig>:
  if (RCC_ClkInitStruct == NULL)
 80031e4:	2800      	cmp	r0, #0
 80031e6:	f000 809b 	beq.w	8003320 <HAL_RCC_ClockConfig+0x13c>
{
 80031ea:	b570      	push	{r4, r5, r6, lr}
 80031ec:	460d      	mov	r5, r1
 80031ee:	4604      	mov	r4, r0
  if (FLatency > __HAL_FLASH_GET_LATENCY())
 80031f0:	4b4f      	ldr	r3, [pc, #316]	@ (8003330 <HAL_RCC_ClockConfig+0x14c>)
 80031f2:	681b      	ldr	r3, [r3, #0]
 80031f4:	f003 0307 	and.w	r3, r3, #7
 80031f8:	428b      	cmp	r3, r1
 80031fa:	d208      	bcs.n	800320e <HAL_RCC_ClockConfig+0x2a>
    __HAL_FLASH_SET_LATENCY(FLatency);
 80031fc:	b2cb      	uxtb	r3, r1
 80031fe:	4a4c      	ldr	r2, [pc, #304]	@ (8003330 <HAL_RCC_ClockConfig+0x14c>)
 8003200:	7013      	strb	r3, [r2, #0]
    if (__HAL_FLASH_GET_LATENCY() != FLatency)
 8003202:	6813      	ldr	r3, [r2, #0]
 8003204:	f003 0307 	and.w	r3, r3, #7
 8003208:	428b      	cmp	r3, r1
 800320a:	f040 808b 	bne.w	8003324 <HAL_RCC_ClockConfig+0x140>
  if (((RCC_ClkInitStruct->ClockType) & RCC_CLOCKTYPE_HCLK) == RCC_CLOCKTYPE_HCLK)
 800320e:	6823      	ldr	r3, [r4, #0]
 8003210:	f013 0f02 	tst.w	r3, #2
 8003214:	d017      	beq.n	8003246 <HAL_RCC_ClockConfig+0x62>
    if (((RCC_ClkInitStruct->ClockType) & RCC_CLOCKTYPE_PCLK1) == RCC_CLOCKTYPE_PCLK1)
 8003216:	f013 0f04 	tst.w	r3, #4
 800321a:	d004      	beq.n	8003226 <HAL_RCC_ClockConfig+0x42>
      MODIFY_REG(RCC->CFGR, RCC_CFGR_PPRE1, RCC_HCLK_DIV16);
 800321c:	4a45      	ldr	r2, [pc, #276]	@ (8003334 <HAL_RCC_ClockConfig+0x150>)
 800321e:	6893      	ldr	r3, [r2, #8]
 8003220:	f443 53e0 	orr.w	r3, r3, #7168	@ 0x1c00
 8003224:	6093      	str	r3, [r2, #8]
    if (((RCC_ClkInitStruct->ClockType) & RCC_CLOCKTYPE_PCLK2) == RCC_CLOCKTYPE_PCLK2)
 8003226:	6823      	ldr	r3, [r4, #0]
 8003228:	f013 0f08 	tst.w	r3, #8
 800322c:	d004      	beq.n	8003238 <HAL_RCC_ClockConfig+0x54>
      MODIFY_REG(RCC->CFGR, RCC_CFGR_PPRE2, (RCC_HCLK_DIV16 << 3));
 800322e:	4a41      	ldr	r2, [pc, #260]	@ (8003334 <HAL_RCC_ClockConfig+0x150>)
 8003230:	6893      	ldr	r3, [r2, #8]
 8003232:	f443 4360 	orr.w	r3, r3, #57344	@ 0xe000
 8003236:	6093      	str	r3, [r2, #8]
    MODIFY_REG(RCC->CFGR, RCC_CFGR_HPRE, RCC_ClkInitStruct->AHBCLKDivider);
 8003238:	4a3e      	ldr	r2, [pc, #248]	@ (8003334 <HAL_RCC_ClockConfig+0x150>)
 800323a:	6893      	ldr	r3, [r2, #8]
 800323c:	f023 03f0 	bic.w	r3, r3, #240	@ 0xf0
 8003240:	68a1      	ldr	r1, [r4, #8]
 8003242:	430b      	orrs	r3, r1
 8003244:	6093      	str	r3, [r2, #8]
  if (((RCC_ClkInitStruct->ClockType) & RCC_CLOCKTYPE_SYSCLK) == RCC_CLOCKTYPE_SYSCLK)
 8003246:	6823      	ldr	r3, [r4, #0]
 8003248:	f013 0f01 	tst.w	r3, #1
 800324c:	d032      	beq.n	80032b4 <HAL_RCC_ClockConfig+0xd0>
    if (RCC_ClkInitStruct->SYSCLKSource == RCC_SYSCLKSOURCE_HSE)
 800324e:	6863      	ldr	r3, [r4, #4]
 8003250:	2b01      	cmp	r3, #1
 8003252:	d021      	beq.n	8003298 <HAL_RCC_ClockConfig+0xb4>
    else if ((RCC_ClkInitStruct->SYSCLKSource == RCC_SYSCLKSOURCE_PLLCLK)   ||
 8003254:	1e9a      	subs	r2, r3, #2
 8003256:	2a01      	cmp	r2, #1
 8003258:	d925      	bls.n	80032a6 <HAL_RCC_ClockConfig+0xc2>
      if (__HAL_RCC_GET_FLAG(RCC_FLAG_HSIRDY) == RESET)
 800325a:	4a36      	ldr	r2, [pc, #216]	@ (8003334 <HAL_RCC_ClockConfig+0x150>)
 800325c:	6812      	ldr	r2, [r2, #0]
 800325e:	f012 0f02 	tst.w	r2, #2
 8003262:	d061      	beq.n	8003328 <HAL_RCC_ClockConfig+0x144>
    __HAL_RCC_SYSCLK_CONFIG(RCC_ClkInitStruct->SYSCLKSource);
 8003264:	4933      	ldr	r1, [pc, #204]	@ (8003334 <HAL_RCC_ClockConfig+0x150>)
 8003266:	688a      	ldr	r2, [r1, #8]
 8003268:	f022 0203 	bic.w	r2, r2, #3
 800326c:	4313      	orrs	r3, r2
 800326e:	608b      	str	r3, [r1, #8]
    tickstart = HAL_GetTick();
 8003270:	f7fe fb10 	bl	8001894 <HAL_GetTick>
 8003274:	4606      	mov	r6, r0
    while (__HAL_RCC_GET_SYSCLK_SOURCE() != (RCC_ClkInitStruct->SYSCLKSource << RCC_CFGR_SWS_Pos))
 8003276:	4b2f      	ldr	r3, [pc, #188]	@ (8003334 <HAL_RCC_ClockConfig+0x150>)
 8003278:	689b      	ldr	r3, [r3, #8]
 800327a:	f003 030c 	and.w	r3, r3, #12
 800327e:	6862      	ldr	r2, [r4, #4]
 8003280:	ebb3 0f82 	cmp.w	r3, r2, lsl #2
 8003284:	d016      	beq.n	80032b4 <HAL_RCC_ClockConfig+0xd0>
      if ((HAL_GetTick() - tickstart) > CLOCKSWITCH_TIMEOUT_VALUE)
 8003286:	f7fe fb05 	bl	8001894 <HAL_GetTick>
 800328a:	1b80      	subs	r0, r0, r6
 800328c:	f241 3388 	movw	r3, #5000	@ 0x1388
 8003290:	4298      	cmp	r0, r3
 8003292:	d9f0      	bls.n	8003276 <HAL_RCC_ClockConfig+0x92>
        return HAL_TIMEOUT;
 8003294:	2003      	movs	r0, #3
 8003296:	e042      	b.n	800331e <HAL_RCC_ClockConfig+0x13a>
      if (__HAL_RCC_GET_FLAG(RCC_FLAG_HSERDY) == RESET)
 8003298:	4a26      	ldr	r2, [pc, #152]	@ (8003334 <HAL_RCC_ClockConfig+0x150>)
 800329a:	6812      	ldr	r2, [r2, #0]
 800329c:	f412 3f00 	tst.w	r2, #131072	@ 0x20000
 80032a0:	d1e0      	bne.n	8003264 <HAL_RCC_ClockConfig+0x80>
        return HAL_ERROR;
 80032a2:	2001      	movs	r0, #1
 80032a4:	e03b      	b.n	800331e <HAL_RCC_ClockConfig+0x13a>
      if (__HAL_RCC_GET_FLAG(RCC_FLAG_PLLRDY) == RESET)
 80032a6:	4a23      	ldr	r2, [pc, #140]	@ (8003334 <HAL_RCC_ClockConfig+0x150>)
 80032a8:	6812      	ldr	r2, [r2, #0]
 80032aa:	f012 7f00 	tst.w	r2, #33554432	@ 0x2000000
 80032ae:	d1d9      	bne.n	8003264 <HAL_RCC_ClockConfig+0x80>
        return HAL_ERROR;
 80032b0:	2001      	movs	r0, #1
 80032b2:	e034      	b.n	800331e <HAL_RCC_ClockConfig+0x13a>
  if (FLatency < __HAL_FLASH_GET_LATENCY())
 80032b4:	4b1e      	ldr	r3, [pc, #120]	@ (8003330 <HAL_RCC_ClockConfig+0x14c>)
 80032b6:	681b      	ldr	r3, [r3, #0]
 80032b8:	f003 0307 	and.w	r3, r3, #7
 80032bc:	42ab      	cmp	r3, r5
 80032be:	d907      	bls.n	80032d0 <HAL_RCC_ClockConfig+0xec>
    __HAL_FLASH_SET_LATENCY(FLatency);
 80032c0:	b2ea      	uxtb	r2, r5
 80032c2:	4b1b      	ldr	r3, [pc, #108]	@ (8003330 <HAL_RCC_ClockConfig+0x14c>)
 80032c4:	701a      	strb	r2, [r3, #0]
    if (__HAL_FLASH_GET_LATENCY() != FLatency)
 80032c6:	681b      	ldr	r3, [r3, #0]
 80032c8:	f003 0307 	and.w	r3, r3, #7
 80032cc:	42ab      	cmp	r3, r5
 80032ce:	d12d      	bne.n	800332c <HAL_RCC_ClockConfig+0x148>
  if (((RCC_ClkInitStruct->ClockType) & RCC_CLOCKTYPE_PCLK1) == RCC_CLOCKTYPE_PCLK1)
 80032d0:	6823      	ldr	r3, [r4, #0]
 80032d2:	f013 0f04 	tst.w	r3, #4
 80032d6:	d006      	beq.n	80032e6 <HAL_RCC_ClockConfig+0x102>
    MODIFY_REG(RCC->CFGR, RCC_CFGR_PPRE1, RCC_ClkInitStruct->APB1CLKDivider);
 80032d8:	4a16      	ldr	r2, [pc, #88]	@ (8003334 <HAL_RCC_ClockConfig+0x150>)
 80032da:	6893      	ldr	r3, [r2, #8]
 80032dc:	f423 53e0 	bic.w	r3, r3, #7168	@ 0x1c00
 80032e0:	68e1      	ldr	r1, [r4, #12]
 80032e2:	430b      	orrs	r3, r1
 80032e4:	6093      	str	r3, [r2, #8]
  if (((RCC_ClkInitStruct->ClockType) & RCC_CLOCKTYPE_PCLK2) == RCC_CLOCKTYPE_PCLK2)
 80032e6:	6823      	ldr	r3, [r4, #0]
 80032e8:	f013 0f08 	tst.w	r3, #8
 80032ec:	d007      	beq.n	80032fe <HAL_RCC_ClockConfig+0x11a>
    MODIFY_REG(RCC->CFGR, RCC_CFGR_PPRE2, ((RCC_ClkInitStruct->APB2CLKDivider) << 3U));
 80032ee:	4a11      	ldr	r2, [pc, #68]	@ (8003334 <HAL_RCC_ClockConfig+0x150>)
 80032f0:	6893      	ldr	r3, [r2, #8]
 80032f2:	f423 4360 	bic.w	r3, r3, #57344	@ 0xe000
 80032f6:	6921      	ldr	r1, [r4, #16]
 80032f8:	ea43 03c1 	orr.w	r3, r3, r1, lsl #3
 80032fc:	6093      	str	r3, [r2, #8]
  SystemCoreClock = HAL_RCC_GetSysClockFreq() >> AHBPrescTable[(RCC->CFGR & RCC_CFGR_HPRE) >> RCC_CFGR_HPRE_Pos];
 80032fe:	f7ff ff03 	bl	8003108 <HAL_RCC_GetSysClockFreq>
 8003302:	4b0c      	ldr	r3, [pc, #48]	@ (8003334 <HAL_RCC_ClockConfig+0x150>)
 8003304:	689b      	ldr	r3, [r3, #8]
 8003306:	f3c3 1303 	ubfx	r3, r3, #4, #4
 800330a:	4a0b      	ldr	r2, [pc, #44]	@ (8003338 <HAL_RCC_ClockConfig+0x154>)
 800330c:	5cd3      	ldrb	r3, [r2, r3]
 800330e:	40d8      	lsrs	r0, r3
 8003310:	4b0a      	ldr	r3, [pc, #40]	@ (800333c <HAL_RCC_ClockConfig+0x158>)
 8003312:	6018      	str	r0, [r3, #0]
  HAL_InitTick(uwTickPrio);
 8003314:	4b0a      	ldr	r3, [pc, #40]	@ (8003340 <HAL_RCC_ClockConfig+0x15c>)
 8003316:	6818      	ldr	r0, [r3, #0]
 8003318:	f000 fe08 	bl	8003f2c <HAL_InitTick>
  return HAL_OK;
 800331c:	2000      	movs	r0, #0
}
 800331e:	bd70      	pop	{r4, r5, r6, pc}
    return HAL_ERROR;
 8003320:	2001      	movs	r0, #1
}
 8003322:	4770      	bx	lr
      return HAL_ERROR;
 8003324:	2001      	movs	r0, #1
 8003326:	e7fa      	b.n	800331e <HAL_RCC_ClockConfig+0x13a>
        return HAL_ERROR;
 8003328:	2001      	movs	r0, #1
 800332a:	e7f8      	b.n	800331e <HAL_RCC_ClockConfig+0x13a>
      return HAL_ERROR;
 800332c:	2001      	movs	r0, #1
 800332e:	e7f6      	b.n	800331e <HAL_RCC_ClockConfig+0x13a>
 8003330:	40023c00 	.word	0x40023c00
 8003334:	40023800 	.word	0x40023800
 8003338:	080052a0 	.word	0x080052a0
 800333c:	20000018 	.word	0x20000018
 8003340:	20000014 	.word	0x20000014

08003344 <HAL_RCC_GetHCLKFreq>:
  * @retval HCLK frequency
  */
uint32_t HAL_RCC_GetHCLKFreq(void)
{
  return SystemCoreClock;
}
 8003344:	4b01      	ldr	r3, [pc, #4]	@ (800334c <HAL_RCC_GetHCLKFreq+0x8>)
 8003346:	6818      	ldr	r0, [r3, #0]
 8003348:	4770      	bx	lr
 800334a:	bf00      	nop
 800334c:	20000018 	.word	0x20000018

08003350 <HAL_RCC_GetPCLK1Freq>:
  * @note   Each time PCLK1 changes, this function must be called to update the
  *         right PCLK1 value. Otherwise, any configuration based on this function will be incorrect.
  * @retval PCLK1 frequency
  */
uint32_t HAL_RCC_GetPCLK1Freq(void)
{
 8003350:	b508      	push	{r3, lr}
  /* Get HCLK source and Compute PCLK1 frequency ---------------------------*/
  return (HAL_RCC_GetHCLKFreq() >> APBPrescTable[(RCC->CFGR & RCC_CFGR_PPRE1) >> RCC_CFGR_PPRE1_Pos]);
 8003352:	f7ff fff7 	bl	8003344 <HAL_RCC_GetHCLKFreq>
 8003356:	4b04      	ldr	r3, [pc, #16]	@ (8003368 <HAL_RCC_GetPCLK1Freq+0x18>)
 8003358:	689b      	ldr	r3, [r3, #8]
 800335a:	f3c3 2382 	ubfx	r3, r3, #10, #3
 800335e:	4a03      	ldr	r2, [pc, #12]	@ (800336c <HAL_RCC_GetPCLK1Freq+0x1c>)
 8003360:	5cd3      	ldrb	r3, [r2, r3]
}
 8003362:	40d8      	lsrs	r0, r3
 8003364:	bd08      	pop	{r3, pc}
 8003366:	bf00      	nop
 8003368:	40023800 	.word	0x40023800
 800336c:	08005298 	.word	0x08005298

08003370 <HAL_RCC_GetPCLK2Freq>:
  * @note   Each time PCLK2 changes, this function must be called to update the
  *         right PCLK2 value. Otherwise, any configuration based on this function will be incorrect.
  * @retval PCLK2 frequency
  */
uint32_t HAL_RCC_GetPCLK2Freq(void)
{
 8003370:	b508      	push	{r3, lr}
  /* Get HCLK source and Compute PCLK2 frequency ---------------------------*/
  return (HAL_RCC_GetHCLKFreq() >> APBPrescTable[(RCC->CFGR & RCC_CFGR_PPRE2) >> RCC_CFGR_PPRE2_Pos]);
 8003372:	f7ff ffe7 	bl	8003344 <HAL_RCC_GetHCLKFreq>
 8003376:	4b04      	ldr	r3, [pc, #16]	@ (8003388 <HAL_RCC_GetPCLK2Freq+0x18>)
 8003378:	689b      	ldr	r3, [r3, #8]
 800337a:	f3c3 3342 	ubfx	r3, r3, #13, #3
 800337e:	4a03      	ldr	r2, [pc, #12]	@ (800338c <HAL_RCC_GetPCLK2Freq+0x1c>)
 8003380:	5cd3      	ldrb	r3, [r2, r3]
}
 8003382:	40d8      	lsrs	r0, r3
 8003384:	bd08      	pop	{r3, pc}
 8003386:	bf00      	nop
 8003388:	40023800 	.word	0x40023800
 800338c:	08005298 	.word	0x08005298

08003390 <HAL_RCC_GetClockConfig>:
  * @retval None
  */
void HAL_RCC_GetClockConfig(RCC_ClkInitTypeDef  *RCC_ClkInitStruct, uint32_t *pFLatency)
{
  /* Set all possible values for the Clock type parameter --------------------*/
  RCC_ClkInitStruct->ClockType = RCC_CLOCKTYPE_SYSCLK | RCC_CLOCKTYPE_HCLK | RCC_CLOCKTYPE_PCLK1 | RCC_CLOCKTYPE_PCLK2;
 8003390:	230f      	movs	r3, #15
 8003392:	6003      	str	r3, [r0, #0]

  /* Get the SYSCLK configuration --------------------------------------------*/
  RCC_ClkInitStruct->SYSCLKSource = (uint32_t)(RCC->CFGR & RCC_CFGR_SW);
 8003394:	4b0b      	ldr	r3, [pc, #44]	@ (80033c4 <HAL_RCC_GetClockConfig+0x34>)
 8003396:	689a      	ldr	r2, [r3, #8]
 8003398:	f002 0203 	and.w	r2, r2, #3
 800339c:	6042      	str	r2, [r0, #4]

  /* Get the HCLK configuration ----------------------------------------------*/
  RCC_ClkInitStruct->AHBCLKDivider = (uint32_t)(RCC->CFGR & RCC_CFGR_HPRE);
 800339e:	689a      	ldr	r2, [r3, #8]
 80033a0:	f002 02f0 	and.w	r2, r2, #240	@ 0xf0
 80033a4:	6082      	str	r2, [r0, #8]

  /* Get the APB1 configuration ----------------------------------------------*/
  RCC_ClkInitStruct->APB1CLKDivider = (uint32_t)(RCC->CFGR & RCC_CFGR_PPRE1);
 80033a6:	689a      	ldr	r2, [r3, #8]
 80033a8:	f402 52e0 	and.w	r2, r2, #7168	@ 0x1c00
 80033ac:	60c2      	str	r2, [r0, #12]

  /* Get the APB2 configuration ----------------------------------------------*/
  RCC_ClkInitStruct->APB2CLKDivider = (uint32_t)((RCC->CFGR & RCC_CFGR_PPRE2) >> 3U);
 80033ae:	689b      	ldr	r3, [r3, #8]
 80033b0:	08db      	lsrs	r3, r3, #3
 80033b2:	f403 53e0 	and.w	r3, r3, #7168	@ 0x1c00
 80033b6:	6103      	str	r3, [r0, #16]

  /* Get the Flash Wait State (Latency) configuration ------------------------*/
  *pFLatency = (uint32_t)(FLASH->ACR & FLASH_ACR_LATENCY);
 80033b8:	4b03      	ldr	r3, [pc, #12]	@ (80033c8 <HAL_RCC_GetClockConfig+0x38>)
 80033ba:	681b      	ldr	r3, [r3, #0]
 80033bc:	f003 0307 	and.w	r3, r3, #7
 80033c0:	600b      	str	r3, [r1, #0]
}
 80033c2:	4770      	bx	lr
 80033c4:	40023800 	.word	0x40023800
 80033c8:	40023c00 	.word	0x40023c00

080033cc <HAL_RCCEx_PeriphCLKConfig>:
  *        domain (RTC and RCC_BDCR register expect BKPSRAM) will be reset
  *
  * @retval HAL status
  */
HAL_StatusTypeDef HAL_RCCEx_PeriphCLKConfig(RCC_PeriphCLKInitTypeDef  *PeriphClkInit)
{
 80033cc:	b530      	push	{r4, r5, lr}
 80033ce:	b083      	sub	sp, #12
 80033d0:	4605      	mov	r5, r0

  /* Check the parameters */
  assert_param(IS_RCC_PERIPHCLOCK(PeriphClkInit->PeriphClockSelection));

  /*---------------------------- I2S configuration ---------------------------*/
  if ((((PeriphClkInit->PeriphClockSelection) & RCC_PERIPHCLK_I2S) == RCC_PERIPHCLK_I2S) ||
 80033d2:	6803      	ldr	r3, [r0, #0]
 80033d4:	f013 0f01 	tst.w	r3, #1
 80033d8:	d102      	bne.n	80033e0 <HAL_RCCEx_PeriphCLKConfig+0x14>
 80033da:	f013 0f04 	tst.w	r3, #4
 80033de:	d02b      	beq.n	8003438 <HAL_RCCEx_PeriphCLKConfig+0x6c>
    assert_param(IS_RCC_PLLI2SN_VALUE(PeriphClkInit->PLLI2S.PLLI2SN));
#if defined(STM32F411xE)
    assert_param(IS_RCC_PLLI2SM_VALUE(PeriphClkInit->PLLI2S.PLLI2SM));
#endif /* STM32F411xE */
    /* Disable the PLLI2S */
    __HAL_RCC_PLLI2S_DISABLE();
 80033e0:	4b4e      	ldr	r3, [pc, #312]	@ (800351c <HAL_RCCEx_PeriphCLKConfig+0x150>)
 80033e2:	2200      	movs	r2, #0
 80033e4:	669a      	str	r2, [r3, #104]	@ 0x68
    /* Get tick */
    tickstart = HAL_GetTick();
 80033e6:	f7fe fa55 	bl	8001894 <HAL_GetTick>
 80033ea:	4604      	mov	r4, r0
    /* Wait till PLLI2S is disabled */
    while (__HAL_RCC_GET_FLAG(RCC_FLAG_PLLI2SRDY)  != RESET)
 80033ec:	4b4c      	ldr	r3, [pc, #304]	@ (8003520 <HAL_RCCEx_PeriphCLKConfig+0x154>)
 80033ee:	681b      	ldr	r3, [r3, #0]
 80033f0:	f013 6f00 	tst.w	r3, #134217728	@ 0x8000000
 80033f4:	d006      	beq.n	8003404 <HAL_RCCEx_PeriphCLKConfig+0x38>
    {
      if ((HAL_GetTick() - tickstart) > PLLI2S_TIMEOUT_VALUE)
 80033f6:	f7fe fa4d 	bl	8001894 <HAL_GetTick>
 80033fa:	1b03      	subs	r3, r0, r4
 80033fc:	2b02      	cmp	r3, #2
 80033fe:	d9f5      	bls.n	80033ec <HAL_RCCEx_PeriphCLKConfig+0x20>
      {
        /* return in case of Timeout detected */
        return HAL_TIMEOUT;
 8003400:	2003      	movs	r0, #3
 8003402:	e01e      	b.n	8003442 <HAL_RCCEx_PeriphCLKConfig+0x76>
                                   PeriphClkInit->PLLI2S.PLLI2SR);
#else
    /* Configure the PLLI2S division factors */
    /* PLLI2S_VCO = f(VCO clock) = f(PLLI2S clock input) * (PLLI2SN/PLLM) */
    /* I2SCLK = f(PLLI2S clock output) = f(VCO clock) / PLLI2SR */
    __HAL_RCC_PLLI2S_CONFIG(PeriphClkInit->PLLI2S.PLLI2SN, PeriphClkInit->PLLI2S.PLLI2SR);
 8003404:	686a      	ldr	r2, [r5, #4]
 8003406:	68ab      	ldr	r3, [r5, #8]
 8003408:	071b      	lsls	r3, r3, #28
 800340a:	ea43 1382 	orr.w	r3, r3, r2, lsl #6
 800340e:	4a44      	ldr	r2, [pc, #272]	@ (8003520 <HAL_RCCEx_PeriphCLKConfig+0x154>)
 8003410:	f8c2 3084 	str.w	r3, [r2, #132]	@ 0x84
#endif /* STM32F411xE */

    /* Enable the PLLI2S */
    __HAL_RCC_PLLI2S_ENABLE();
 8003414:	4b41      	ldr	r3, [pc, #260]	@ (800351c <HAL_RCCEx_PeriphCLKConfig+0x150>)
 8003416:	2201      	movs	r2, #1
 8003418:	669a      	str	r2, [r3, #104]	@ 0x68
    /* Get tick */
    tickstart = HAL_GetTick();
 800341a:	f7fe fa3b 	bl	8001894 <HAL_GetTick>
 800341e:	4604      	mov	r4, r0
    /* Wait till PLLI2S is ready */
    while (__HAL_RCC_GET_FLAG(RCC_FLAG_PLLI2SRDY)  == RESET)
 8003420:	4b3f      	ldr	r3, [pc, #252]	@ (8003520 <HAL_RCCEx_PeriphCLKConfig+0x154>)
 8003422:	681b      	ldr	r3, [r3, #0]
 8003424:	f013 6f00 	tst.w	r3, #134217728	@ 0x8000000
 8003428:	d106      	bne.n	8003438 <HAL_RCCEx_PeriphCLKConfig+0x6c>
    {
      if ((HAL_GetTick() - tickstart) > PLLI2S_TIMEOUT_VALUE)
 800342a:	f7fe fa33 	bl	8001894 <HAL_GetTick>
 800342e:	1b03      	subs	r3, r0, r4
 8003430:	2b02      	cmp	r3, #2
 8003432:	d9f5      	bls.n	8003420 <HAL_RCCEx_PeriphCLKConfig+0x54>
      {
        /* return in case of Timeout detected */
        return HAL_TIMEOUT;
 8003434:	2003      	movs	r0, #3
 8003436:	e004      	b.n	8003442 <HAL_RCCEx_PeriphCLKConfig+0x76>
      }
    }
  }

  /*---------------------------- RTC configuration ---------------------------*/
  if (((PeriphClkInit->PeriphClockSelection) & RCC_PERIPHCLK_RTC) == (RCC_PERIPHCLK_RTC))
 8003438:	682b      	ldr	r3, [r5, #0]
 800343a:	f013 0f02 	tst.w	r3, #2
 800343e:	d102      	bne.n	8003446 <HAL_RCCEx_PeriphCLKConfig+0x7a>
  if (((PeriphClkInit->PeriphClockSelection) & RCC_PERIPHCLK_TIM) == (RCC_PERIPHCLK_TIM))
  {
    __HAL_RCC_TIMCLKPRESCALER(PeriphClkInit->TIMPresSelection);
  }
#endif /* STM32F401xC || STM32F401xE || STM32F411xE */
  return HAL_OK;
 8003440:	2000      	movs	r0, #0
}
 8003442:	b003      	add	sp, #12
 8003444:	bd30      	pop	{r4, r5, pc}
    __HAL_RCC_PWR_CLK_ENABLE();
 8003446:	2300      	movs	r3, #0
 8003448:	9301      	str	r3, [sp, #4]
 800344a:	4b35      	ldr	r3, [pc, #212]	@ (8003520 <HAL_RCCEx_PeriphCLKConfig+0x154>)
 800344c:	6c1a      	ldr	r2, [r3, #64]	@ 0x40
 800344e:	f042 5280 	orr.w	r2, r2, #268435456	@ 0x10000000
 8003452:	641a      	str	r2, [r3, #64]	@ 0x40
 8003454:	6c1b      	ldr	r3, [r3, #64]	@ 0x40
 8003456:	f003 5380 	and.w	r3, r3, #268435456	@ 0x10000000
 800345a:	9301      	str	r3, [sp, #4]
 800345c:	9b01      	ldr	r3, [sp, #4]
    PWR->CR |= PWR_CR_DBP;
 800345e:	4a31      	ldr	r2, [pc, #196]	@ (8003524 <HAL_RCCEx_PeriphCLKConfig+0x158>)
 8003460:	6813      	ldr	r3, [r2, #0]
 8003462:	f443 7380 	orr.w	r3, r3, #256	@ 0x100
 8003466:	6013      	str	r3, [r2, #0]
    tickstart = HAL_GetTick();
 8003468:	f7fe fa14 	bl	8001894 <HAL_GetTick>
 800346c:	4604      	mov	r4, r0
    while ((PWR->CR & PWR_CR_DBP) == RESET)
 800346e:	4b2d      	ldr	r3, [pc, #180]	@ (8003524 <HAL_RCCEx_PeriphCLKConfig+0x158>)
 8003470:	681b      	ldr	r3, [r3, #0]
 8003472:	f413 7f80 	tst.w	r3, #256	@ 0x100
 8003476:	d106      	bne.n	8003486 <HAL_RCCEx_PeriphCLKConfig+0xba>
      if ((HAL_GetTick() - tickstart) > RCC_DBP_TIMEOUT_VALUE)
 8003478:	f7fe fa0c 	bl	8001894 <HAL_GetTick>
 800347c:	1b00      	subs	r0, r0, r4
 800347e:	2802      	cmp	r0, #2
 8003480:	d9f5      	bls.n	800346e <HAL_RCCEx_PeriphCLKConfig+0xa2>
        return HAL_TIMEOUT;
 8003482:	2003      	movs	r0, #3
 8003484:	e7dd      	b.n	8003442 <HAL_RCCEx_PeriphCLKConfig+0x76>
    tmpreg1 = (RCC->BDCR & RCC_BDCR_RTCSEL);
 8003486:	4b26      	ldr	r3, [pc, #152]	@ (8003520 <HAL_RCCEx_PeriphCLKConfig+0x154>)
 8003488:	6f1b      	ldr	r3, [r3, #112]	@ 0x70
    if ((tmpreg1 != 0x00000000U) && ((tmpreg1) != (PeriphClkInit->RTCClockSelection & RCC_BDCR_RTCSEL)))
 800348a:	f413 7340 	ands.w	r3, r3, #768	@ 0x300
 800348e:	d014      	beq.n	80034ba <HAL_RCCEx_PeriphCLKConfig+0xee>
 8003490:	68ea      	ldr	r2, [r5, #12]
 8003492:	f402 7240 	and.w	r2, r2, #768	@ 0x300
 8003496:	429a      	cmp	r2, r3
 8003498:	d00f      	beq.n	80034ba <HAL_RCCEx_PeriphCLKConfig+0xee>
      tmpreg1 = (RCC->BDCR & ~(RCC_BDCR_RTCSEL));
 800349a:	4b21      	ldr	r3, [pc, #132]	@ (8003520 <HAL_RCCEx_PeriphCLKConfig+0x154>)
 800349c:	6f1a      	ldr	r2, [r3, #112]	@ 0x70
 800349e:	f422 7240 	bic.w	r2, r2, #768	@ 0x300
      __HAL_RCC_BACKUPRESET_FORCE();
 80034a2:	491e      	ldr	r1, [pc, #120]	@ (800351c <HAL_RCCEx_PeriphCLKConfig+0x150>)
 80034a4:	2001      	movs	r0, #1
 80034a6:	f8c1 0e40 	str.w	r0, [r1, #3648]	@ 0xe40
      __HAL_RCC_BACKUPRESET_RELEASE();
 80034aa:	2000      	movs	r0, #0
 80034ac:	f8c1 0e40 	str.w	r0, [r1, #3648]	@ 0xe40
      RCC->BDCR = tmpreg1;
 80034b0:	671a      	str	r2, [r3, #112]	@ 0x70
      if (HAL_IS_BIT_SET(RCC->BDCR, RCC_BDCR_LSEON))
 80034b2:	6f1b      	ldr	r3, [r3, #112]	@ 0x70
 80034b4:	f013 0f01 	tst.w	r3, #1
 80034b8:	d113      	bne.n	80034e2 <HAL_RCCEx_PeriphCLKConfig+0x116>
    __HAL_RCC_RTC_CONFIG(PeriphClkInit->RTCClockSelection);
 80034ba:	68eb      	ldr	r3, [r5, #12]
 80034bc:	f403 7240 	and.w	r2, r3, #768	@ 0x300
 80034c0:	f5b2 7f40 	cmp.w	r2, #768	@ 0x300
 80034c4:	d01e      	beq.n	8003504 <HAL_RCCEx_PeriphCLKConfig+0x138>
 80034c6:	4a16      	ldr	r2, [pc, #88]	@ (8003520 <HAL_RCCEx_PeriphCLKConfig+0x154>)
 80034c8:	6893      	ldr	r3, [r2, #8]
 80034ca:	f423 13f8 	bic.w	r3, r3, #2031616	@ 0x1f0000
 80034ce:	6093      	str	r3, [r2, #8]
 80034d0:	4913      	ldr	r1, [pc, #76]	@ (8003520 <HAL_RCCEx_PeriphCLKConfig+0x154>)
 80034d2:	6f0b      	ldr	r3, [r1, #112]	@ 0x70
 80034d4:	68ea      	ldr	r2, [r5, #12]
 80034d6:	f3c2 020b 	ubfx	r2, r2, #0, #12
 80034da:	4313      	orrs	r3, r2
 80034dc:	670b      	str	r3, [r1, #112]	@ 0x70
  return HAL_OK;
 80034de:	2000      	movs	r0, #0
 80034e0:	e7af      	b.n	8003442 <HAL_RCCEx_PeriphCLKConfig+0x76>
        tickstart = HAL_GetTick();
 80034e2:	f7fe f9d7 	bl	8001894 <HAL_GetTick>
 80034e6:	4604      	mov	r4, r0
        while (__HAL_RCC_GET_FLAG(RCC_FLAG_LSERDY) == RESET)
 80034e8:	4b0d      	ldr	r3, [pc, #52]	@ (8003520 <HAL_RCCEx_PeriphCLKConfig+0x154>)
 80034ea:	6f1b      	ldr	r3, [r3, #112]	@ 0x70
 80034ec:	f013 0f02 	tst.w	r3, #2
 80034f0:	d1e3      	bne.n	80034ba <HAL_RCCEx_PeriphCLKConfig+0xee>
          if ((HAL_GetTick() - tickstart) > RCC_LSE_TIMEOUT_VALUE)
 80034f2:	f7fe f9cf 	bl	8001894 <HAL_GetTick>
 80034f6:	1b03      	subs	r3, r0, r4
 80034f8:	f241 3288 	movw	r2, #5000	@ 0x1388
 80034fc:	4293      	cmp	r3, r2
 80034fe:	d9f3      	bls.n	80034e8 <HAL_RCCEx_PeriphCLKConfig+0x11c>
            return HAL_TIMEOUT;
 8003500:	2003      	movs	r0, #3
 8003502:	e79e      	b.n	8003442 <HAL_RCCEx_PeriphCLKConfig+0x76>
    __HAL_RCC_RTC_CONFIG(PeriphClkInit->RTCClockSelection);
 8003504:	4906      	ldr	r1, [pc, #24]	@ (8003520 <HAL_RCCEx_PeriphCLKConfig+0x154>)
 8003506:	688a      	ldr	r2, [r1, #8]
 8003508:	f422 12f8 	bic.w	r2, r2, #2031616	@ 0x1f0000
 800350c:	f023 4370 	bic.w	r3, r3, #4026531840	@ 0xf0000000
 8003510:	f423 7340 	bic.w	r3, r3, #768	@ 0x300
 8003514:	4313      	orrs	r3, r2
 8003516:	608b      	str	r3, [r1, #8]
 8003518:	e7da      	b.n	80034d0 <HAL_RCCEx_PeriphCLKConfig+0x104>
 800351a:	bf00      	nop
 800351c:	42470000 	.word	0x42470000
 8003520:	40023800 	.word	0x40023800
 8003524:	40007000 	.word	0x40007000

08003528 <HAL_RCCEx_GetPeriphCLKFreq>:
  /* This variable used to store the VCO Input (value in Hz) */
  uint32_t vcoinput = 0U;
  uint32_t srcclk = 0U;
  /* This variable used to store the VCO Output (value in Hz) */
  uint32_t vcooutput = 0U;
  switch (PeriphClk)
 8003528:	2801      	cmp	r0, #1
 800352a:	d001      	beq.n	8003530 <HAL_RCCEx_GetPeriphCLKFreq+0x8>
  uint32_t frequency = 0U;
 800352c:	2000      	movs	r0, #0
 800352e:	4770      	bx	lr
  {
    case RCC_PERIPHCLK_I2S:
    {
      /* Get the current I2S source */
      srcclk = __HAL_RCC_GET_I2S_SOURCE();
 8003530:	4b15      	ldr	r3, [pc, #84]	@ (8003588 <HAL_RCCEx_GetPeriphCLKFreq+0x60>)
 8003532:	689b      	ldr	r3, [r3, #8]
      switch (srcclk)
 8003534:	f413 0300 	ands.w	r3, r3, #8388608	@ 0x800000
 8003538:	d002      	beq.n	8003540 <HAL_RCCEx_GetPeriphCLKFreq+0x18>
 800353a:	b31b      	cbz	r3, 8003584 <HAL_RCCEx_GetPeriphCLKFreq+0x5c>
 800353c:	4813      	ldr	r0, [pc, #76]	@ (800358c <HAL_RCCEx_GetPeriphCLKFreq+0x64>)
 800353e:	4770      	bx	lr
            vcoinput = (uint32_t)(HSI_VALUE / (uint32_t)(RCC->PLLI2SCFGR & RCC_PLLI2SCFGR_PLLI2SM));
          }
#else
          /* Configure the PLLI2S division factor */
          /* PLLI2S_VCO Input  = PLL_SOURCE/PLLM */
          if ((RCC->PLLCFGR & RCC_PLLCFGR_PLLSRC) == RCC_PLLSOURCE_HSE)
 8003540:	4b11      	ldr	r3, [pc, #68]	@ (8003588 <HAL_RCCEx_GetPeriphCLKFreq+0x60>)
 8003542:	685b      	ldr	r3, [r3, #4]
 8003544:	f413 0f80 	tst.w	r3, #4194304	@ 0x400000
 8003548:	d014      	beq.n	8003574 <HAL_RCCEx_GetPeriphCLKFreq+0x4c>
          {
            /* Get the I2S source clock value */
            vcoinput = (uint32_t)(HSE_VALUE / (uint32_t)(RCC->PLLCFGR & RCC_PLLCFGR_PLLM));
 800354a:	4b0f      	ldr	r3, [pc, #60]	@ (8003588 <HAL_RCCEx_GetPeriphCLKFreq+0x60>)
 800354c:	685a      	ldr	r2, [r3, #4]
 800354e:	f002 023f 	and.w	r2, r2, #63	@ 0x3f
 8003552:	4b0f      	ldr	r3, [pc, #60]	@ (8003590 <HAL_RCCEx_GetPeriphCLKFreq+0x68>)
 8003554:	fbb3 f3f2 	udiv	r3, r3, r2
            /* Get the I2S source clock value */
            vcoinput = (uint32_t)(HSI_VALUE / (uint32_t)(RCC->PLLCFGR & RCC_PLLCFGR_PLLM));
          }
#endif /* STM32F411xE */
          /* PLLI2S_VCO Output = PLLI2S_VCO Input * PLLI2SN */
          vcooutput = (uint32_t)(vcoinput * (((RCC->PLLI2SCFGR & RCC_PLLI2SCFGR_PLLI2SN) >> 6U) & (RCC_PLLI2SCFGR_PLLI2SN >> 6U)));
 8003558:	4a0b      	ldr	r2, [pc, #44]	@ (8003588 <HAL_RCCEx_GetPeriphCLKFreq+0x60>)
 800355a:	f8d2 0084 	ldr.w	r0, [r2, #132]	@ 0x84
 800355e:	f3c0 1088 	ubfx	r0, r0, #6, #9
 8003562:	fb03 f000 	mul.w	r0, r3, r0
          /* I2S_CLK = PLLI2S_VCO Output/PLLI2SR */
          frequency = (uint32_t)(vcooutput / (((RCC->PLLI2SCFGR & RCC_PLLI2SCFGR_PLLI2SR) >> 28U) & (RCC_PLLI2SCFGR_PLLI2SR >> 28U)));
 8003566:	f8d2 3084 	ldr.w	r3, [r2, #132]	@ 0x84
 800356a:	f3c3 7302 	ubfx	r3, r3, #28, #3
 800356e:	fbb0 f0f3 	udiv	r0, r0, r3
          break;
 8003572:	4770      	bx	lr
            vcoinput = (uint32_t)(HSI_VALUE / (uint32_t)(RCC->PLLCFGR & RCC_PLLCFGR_PLLM));
 8003574:	4b04      	ldr	r3, [pc, #16]	@ (8003588 <HAL_RCCEx_GetPeriphCLKFreq+0x60>)
 8003576:	685a      	ldr	r2, [r3, #4]
 8003578:	f002 023f 	and.w	r2, r2, #63	@ 0x3f
 800357c:	4b05      	ldr	r3, [pc, #20]	@ (8003594 <HAL_RCCEx_GetPeriphCLKFreq+0x6c>)
 800357e:	fbb3 f3f2 	udiv	r3, r3, r2
 8003582:	e7e9      	b.n	8003558 <HAL_RCCEx_GetPeriphCLKFreq+0x30>
        }
        /* Clock not enabled for I2S*/
        default:
        {
          frequency = 0U;
 8003584:	4618      	mov	r0, r3
    {
      break;
    }
  }
  return frequency;
}
 8003586:	4770      	bx	lr
 8003588:	40023800 	.word	0x40023800
 800358c:	00bb8000 	.word	0x00bb8000
 8003590:	007a1200 	.word	0x007a1200
 8003594:	00f42400 	.word	0x00f42400

08003598 <SPI_WaitFlagStateUntilTimeout>:
  * @param  Tickstart tick start value
  * @retval HAL status
  */
static HAL_StatusTypeDef SPI_WaitFlagStateUntilTimeout(SPI_HandleTypeDef *hspi, uint32_t Flag, FlagStatus State,
                                                       uint32_t Timeout, uint32_t Tickstart)
{
 8003598:	e92d 43f0 	stmdb	sp!, {r4, r5, r6, r7, r8, r9, lr}
 800359c:	b083      	sub	sp, #12
 800359e:	4604      	mov	r4, r0
 80035a0:	460f      	mov	r7, r1
 80035a2:	4616      	mov	r6, r2
 80035a4:	461d      	mov	r5, r3
  __IO uint32_t count;
  uint32_t tmp_timeout;
  uint32_t tmp_tickstart;

  /* Adjust Timeout value  in case of end of transfer */
  tmp_timeout   = Timeout - (HAL_GetTick() - Tickstart);
 80035a6:	f7fe f975 	bl	8001894 <HAL_GetTick>
 80035aa:	9b0a      	ldr	r3, [sp, #40]	@ 0x28
 80035ac:	1a1b      	subs	r3, r3, r0
 80035ae:	eb03 0805 	add.w	r8, r3, r5
  tmp_tickstart = HAL_GetTick();
 80035b2:	f7fe f96f 	bl	8001894 <HAL_GetTick>
 80035b6:	4681      	mov	r9, r0

  /* Calculate Timeout based on a software loop to avoid blocking issue if Systick is disabled */
  count = tmp_timeout * ((SystemCoreClock * 32U) >> 20U);
 80035b8:	4b28      	ldr	r3, [pc, #160]	@ (800365c <SPI_WaitFlagStateUntilTimeout+0xc4>)
 80035ba:	681b      	ldr	r3, [r3, #0]
 80035bc:	f3c3 33cb 	ubfx	r3, r3, #15, #12
 80035c0:	fb08 f303 	mul.w	r3, r8, r3
 80035c4:	9301      	str	r3, [sp, #4]

  while ((__HAL_SPI_GET_FLAG(hspi, Flag) ? SET : RESET) != State)
 80035c6:	6823      	ldr	r3, [r4, #0]
 80035c8:	689b      	ldr	r3, [r3, #8]
 80035ca:	ea37 0303 	bics.w	r3, r7, r3
 80035ce:	bf0c      	ite	eq
 80035d0:	2301      	moveq	r3, #1
 80035d2:	2300      	movne	r3, #0
 80035d4:	42b3      	cmp	r3, r6
 80035d6:	d03d      	beq.n	8003654 <SPI_WaitFlagStateUntilTimeout+0xbc>
  {
    if (Timeout != HAL_MAX_DELAY)
 80035d8:	f1b5 3fff 	cmp.w	r5, #4294967295
 80035dc:	d0f3      	beq.n	80035c6 <SPI_WaitFlagStateUntilTimeout+0x2e>
    {
      if (((HAL_GetTick() - tmp_tickstart) >= tmp_timeout) || (tmp_timeout == 0U))
 80035de:	f7fe f959 	bl	8001894 <HAL_GetTick>
 80035e2:	464b      	mov	r3, r9
 80035e4:	1ac0      	subs	r0, r0, r3
 80035e6:	4540      	cmp	r0, r8
 80035e8:	d203      	bcs.n	80035f2 <SPI_WaitFlagStateUntilTimeout+0x5a>
        __HAL_UNLOCK(hspi);

        return HAL_TIMEOUT;
      }
      /* If Systick is disabled or not incremented, deactivate timeout to go in disable loop procedure */
      if (count == 0U)
 80035ea:	9b01      	ldr	r3, [sp, #4]
 80035ec:	bb73      	cbnz	r3, 800364c <SPI_WaitFlagStateUntilTimeout+0xb4>
      {
        tmp_timeout = 0U;
 80035ee:	4698      	mov	r8, r3
 80035f0:	e7e9      	b.n	80035c6 <SPI_WaitFlagStateUntilTimeout+0x2e>
        __HAL_SPI_DISABLE_IT(hspi, (SPI_IT_TXE | SPI_IT_RXNE | SPI_IT_ERR));
 80035f2:	6822      	ldr	r2, [r4, #0]
 80035f4:	6853      	ldr	r3, [r2, #4]
 80035f6:	f023 03e0 	bic.w	r3, r3, #224	@ 0xe0
 80035fa:	6053      	str	r3, [r2, #4]
        if ((hspi->Init.Mode == SPI_MODE_MASTER) && ((hspi->Init.Direction == SPI_DIRECTION_1LINE)
 80035fc:	6863      	ldr	r3, [r4, #4]
 80035fe:	f5b3 7f82 	cmp.w	r3, #260	@ 0x104
 8003602:	d00b      	beq.n	800361c <SPI_WaitFlagStateUntilTimeout+0x84>
        if (hspi->Init.CRCCalculation == SPI_CRCCALCULATION_ENABLE)
 8003604:	6aa3      	ldr	r3, [r4, #40]	@ 0x28
 8003606:	f5b3 5f00 	cmp.w	r3, #8192	@ 0x2000
 800360a:	d014      	beq.n	8003636 <SPI_WaitFlagStateUntilTimeout+0x9e>
        hspi->State = HAL_SPI_STATE_READY;
 800360c:	2301      	movs	r3, #1
 800360e:	f884 3051 	strb.w	r3, [r4, #81]	@ 0x51
        __HAL_UNLOCK(hspi);
 8003612:	2300      	movs	r3, #0
 8003614:	f884 3050 	strb.w	r3, [r4, #80]	@ 0x50
        return HAL_TIMEOUT;
 8003618:	2003      	movs	r0, #3
 800361a:	e01c      	b.n	8003656 <SPI_WaitFlagStateUntilTimeout+0xbe>
        if ((hspi->Init.Mode == SPI_MODE_MASTER) && ((hspi->Init.Direction == SPI_DIRECTION_1LINE)
 800361c:	68a3      	ldr	r3, [r4, #8]
 800361e:	f5b3 4f00 	cmp.w	r3, #32768	@ 0x8000
 8003622:	d002      	beq.n	800362a <SPI_WaitFlagStateUntilTimeout+0x92>
                                                     || (hspi->Init.Direction == SPI_DIRECTION_2LINES_RXONLY)))
 8003624:	f5b3 6f80 	cmp.w	r3, #1024	@ 0x400
 8003628:	d1ec      	bne.n	8003604 <SPI_WaitFlagStateUntilTimeout+0x6c>
          __HAL_SPI_DISABLE(hspi);
 800362a:	6822      	ldr	r2, [r4, #0]
 800362c:	6813      	ldr	r3, [r2, #0]
 800362e:	f023 0340 	bic.w	r3, r3, #64	@ 0x40
 8003632:	6013      	str	r3, [r2, #0]
 8003634:	e7e6      	b.n	8003604 <SPI_WaitFlagStateUntilTimeout+0x6c>
          SPI_RESET_CRC(hspi);
 8003636:	6822      	ldr	r2, [r4, #0]
 8003638:	6813      	ldr	r3, [r2, #0]
 800363a:	f423 5300 	bic.w	r3, r3, #8192	@ 0x2000
 800363e:	6013      	str	r3, [r2, #0]
 8003640:	6822      	ldr	r2, [r4, #0]
 8003642:	6813      	ldr	r3, [r2, #0]
 8003644:	f443 5300 	orr.w	r3, r3, #8192	@ 0x2000
 8003648:	6013      	str	r3, [r2, #0]
 800364a:	e7df      	b.n	800360c <SPI_WaitFlagStateUntilTimeout+0x74>
      }
      else
      {
        count--;
 800364c:	9b01      	ldr	r3, [sp, #4]
 800364e:	3b01      	subs	r3, #1
 8003650:	9301      	str	r3, [sp, #4]
 8003652:	e7b8      	b.n	80035c6 <SPI_WaitFlagStateUntilTimeout+0x2e>
      }
    }
  }

  return HAL_OK;
 8003654:	2000      	movs	r0, #0
}
 8003656:	b003      	add	sp, #12
 8003658:	e8bd 83f0 	ldmia.w	sp!, {r4, r5, r6, r7, r8, r9, pc}
 800365c:	20000018 	.word	0x20000018

08003660 <SPI_EndRxTxTransaction>:
  * @param  Timeout Timeout duration
  * @param  Tickstart tick start value
  * @retval HAL status
  */
static HAL_StatusTypeDef SPI_EndRxTxTransaction(SPI_HandleTypeDef *hspi, uint32_t Timeout, uint32_t Tickstart)
{
 8003660:	b570      	push	{r4, r5, r6, lr}
 8003662:	b084      	sub	sp, #16
 8003664:	4604      	mov	r4, r0
 8003666:	460b      	mov	r3, r1
 8003668:	460d      	mov	r5, r1
 800366a:	4616      	mov	r6, r2
  __IO uint32_t count;

  /* Wait until TXE flag */
  if (SPI_WaitFlagStateUntilTimeout(hspi, SPI_FLAG_TXE, SET, Timeout, Tickstart) != HAL_OK)
 800366c:	9200      	str	r2, [sp, #0]
 800366e:	2201      	movs	r2, #1
 8003670:	2102      	movs	r1, #2
 8003672:	f7ff ff91 	bl	8003598 <SPI_WaitFlagStateUntilTimeout>
 8003676:	b9d0      	cbnz	r0, 80036ae <SPI_EndRxTxTransaction+0x4e>
    SET_BIT(hspi->ErrorCode, HAL_SPI_ERROR_FLAG);
    return HAL_TIMEOUT;
  }

  /* Timeout in us */
  count = SPI_BSY_FLAG_WORKAROUND_TIMEOUT * (SystemCoreClock / 24U / 1000000U);
 8003678:	4b17      	ldr	r3, [pc, #92]	@ (80036d8 <SPI_EndRxTxTransaction+0x78>)
 800367a:	681b      	ldr	r3, [r3, #0]
 800367c:	4a17      	ldr	r2, [pc, #92]	@ (80036dc <SPI_EndRxTxTransaction+0x7c>)
 800367e:	fba2 2303 	umull	r2, r3, r2, r3
 8003682:	0d5b      	lsrs	r3, r3, #21
 8003684:	f44f 727a 	mov.w	r2, #1000	@ 0x3e8
 8003688:	fb02 f303 	mul.w	r3, r2, r3
 800368c:	9303      	str	r3, [sp, #12]
  /* Erratasheet: BSY bit may stay high at the end of a data transfer in Slave mode */
  if (hspi->Init.Mode == SPI_MODE_MASTER)
 800368e:	6863      	ldr	r3, [r4, #4]
 8003690:	f5b3 7f82 	cmp.w	r3, #260	@ 0x104
 8003694:	d011      	beq.n	80036ba <SPI_EndRxTxTransaction+0x5a>
    * User have to calculate the timeout value to fit with the time of 1 byte transfer.
    * This time is directly link with the SPI clock from Master device.
    */
    do
    {
      if (count == 0U)
 8003696:	9b03      	ldr	r3, [sp, #12]
 8003698:	b13b      	cbz	r3, 80036aa <SPI_EndRxTxTransaction+0x4a>
      {
        break;
      }
      count--;
 800369a:	9b03      	ldr	r3, [sp, #12]
 800369c:	3b01      	subs	r3, #1
 800369e:	9303      	str	r3, [sp, #12]
    } while (__HAL_SPI_GET_FLAG(hspi, SPI_FLAG_BSY) != RESET);
 80036a0:	6823      	ldr	r3, [r4, #0]
 80036a2:	689b      	ldr	r3, [r3, #8]
 80036a4:	f013 0f80 	tst.w	r3, #128	@ 0x80
 80036a8:	d1f5      	bne.n	8003696 <SPI_EndRxTxTransaction+0x36>
  }

  return HAL_OK;
}
 80036aa:	b004      	add	sp, #16
 80036ac:	bd70      	pop	{r4, r5, r6, pc}
    SET_BIT(hspi->ErrorCode, HAL_SPI_ERROR_FLAG);
 80036ae:	6d63      	ldr	r3, [r4, #84]	@ 0x54
 80036b0:	f043 0320 	orr.w	r3, r3, #32
 80036b4:	6563      	str	r3, [r4, #84]	@ 0x54
    return HAL_TIMEOUT;
 80036b6:	2003      	movs	r0, #3
 80036b8:	e7f7      	b.n	80036aa <SPI_EndRxTxTransaction+0x4a>
    if (SPI_WaitFlagStateUntilTimeout(hspi, SPI_FLAG_BSY, RESET, Timeout, Tickstart) != HAL_OK)
 80036ba:	9600      	str	r6, [sp, #0]
 80036bc:	462b      	mov	r3, r5
 80036be:	2200      	movs	r2, #0
 80036c0:	2180      	movs	r1, #128	@ 0x80
 80036c2:	4620      	mov	r0, r4
 80036c4:	f7ff ff68 	bl	8003598 <SPI_WaitFlagStateUntilTimeout>
 80036c8:	2800      	cmp	r0, #0
 80036ca:	d0ee      	beq.n	80036aa <SPI_EndRxTxTransaction+0x4a>
      SET_BIT(hspi->ErrorCode, HAL_SPI_ERROR_FLAG);
 80036cc:	6d63      	ldr	r3, [r4, #84]	@ 0x54
 80036ce:	f043 0320 	orr.w	r3, r3, #32
 80036d2:	6563      	str	r3, [r4, #84]	@ 0x54
      return HAL_TIMEOUT;
 80036d4:	2003      	movs	r0, #3
 80036d6:	e7e8      	b.n	80036aa <SPI_EndRxTxTransaction+0x4a>
 80036d8:	20000018 	.word	0x20000018
 80036dc:	165e9f81 	.word	0x165e9f81

080036e0 <SPI_EndRxTransaction>:
{
 80036e0:	b510      	push	{r4, lr}
 80036e2:	b082      	sub	sp, #8
 80036e4:	4604      	mov	r4, r0
 80036e6:	460b      	mov	r3, r1
  if ((hspi->Init.Mode == SPI_MODE_MASTER) && ((hspi->Init.Direction == SPI_DIRECTION_1LINE)
 80036e8:	6841      	ldr	r1, [r0, #4]
 80036ea:	f5b1 7f82 	cmp.w	r1, #260	@ 0x104
 80036ee:	d014      	beq.n	800371a <SPI_EndRxTransaction+0x3a>
  if (hspi->Init.Mode == SPI_MODE_MASTER)
 80036f0:	6861      	ldr	r1, [r4, #4]
 80036f2:	f5b1 7f82 	cmp.w	r1, #260	@ 0x104
 80036f6:	d12a      	bne.n	800374e <SPI_EndRxTransaction+0x6e>
    if (hspi->Init.Direction != SPI_DIRECTION_2LINES_RXONLY)
 80036f8:	68a1      	ldr	r1, [r4, #8]
 80036fa:	f5b1 6f80 	cmp.w	r1, #1024	@ 0x400
 80036fe:	d019      	beq.n	8003734 <SPI_EndRxTransaction+0x54>
      if (SPI_WaitFlagStateUntilTimeout(hspi, SPI_FLAG_BSY, RESET, Timeout, Tickstart) != HAL_OK)
 8003700:	9200      	str	r2, [sp, #0]
 8003702:	2200      	movs	r2, #0
 8003704:	2180      	movs	r1, #128	@ 0x80
 8003706:	4620      	mov	r0, r4
 8003708:	f7ff ff46 	bl	8003598 <SPI_WaitFlagStateUntilTimeout>
 800370c:	b330      	cbz	r0, 800375c <SPI_EndRxTransaction+0x7c>
        SET_BIT(hspi->ErrorCode, HAL_SPI_ERROR_FLAG);
 800370e:	6d63      	ldr	r3, [r4, #84]	@ 0x54
 8003710:	f043 0320 	orr.w	r3, r3, #32
 8003714:	6563      	str	r3, [r4, #84]	@ 0x54
        return HAL_TIMEOUT;
 8003716:	2003      	movs	r0, #3
 8003718:	e020      	b.n	800375c <SPI_EndRxTransaction+0x7c>
  if ((hspi->Init.Mode == SPI_MODE_MASTER) && ((hspi->Init.Direction == SPI_DIRECTION_1LINE)
 800371a:	6881      	ldr	r1, [r0, #8]
 800371c:	f5b1 4f00 	cmp.w	r1, #32768	@ 0x8000
 8003720:	d002      	beq.n	8003728 <SPI_EndRxTransaction+0x48>
                                               || (hspi->Init.Direction == SPI_DIRECTION_2LINES_RXONLY)))
 8003722:	f5b1 6f80 	cmp.w	r1, #1024	@ 0x400
 8003726:	d1e3      	bne.n	80036f0 <SPI_EndRxTransaction+0x10>
    __HAL_SPI_DISABLE(hspi);
 8003728:	6820      	ldr	r0, [r4, #0]
 800372a:	6801      	ldr	r1, [r0, #0]
 800372c:	f021 0140 	bic.w	r1, r1, #64	@ 0x40
 8003730:	6001      	str	r1, [r0, #0]
 8003732:	e7dd      	b.n	80036f0 <SPI_EndRxTransaction+0x10>
      if (SPI_WaitFlagStateUntilTimeout(hspi, SPI_FLAG_RXNE, RESET, Timeout, Tickstart) != HAL_OK)
 8003734:	9200      	str	r2, [sp, #0]
 8003736:	2200      	movs	r2, #0
 8003738:	2101      	movs	r1, #1
 800373a:	4620      	mov	r0, r4
 800373c:	f7ff ff2c 	bl	8003598 <SPI_WaitFlagStateUntilTimeout>
 8003740:	b160      	cbz	r0, 800375c <SPI_EndRxTransaction+0x7c>
        SET_BIT(hspi->ErrorCode, HAL_SPI_ERROR_FLAG);
 8003742:	6d63      	ldr	r3, [r4, #84]	@ 0x54
 8003744:	f043 0320 	orr.w	r3, r3, #32
 8003748:	6563      	str	r3, [r4, #84]	@ 0x54
        return HAL_TIMEOUT;
 800374a:	2003      	movs	r0, #3
 800374c:	e006      	b.n	800375c <SPI_EndRxTransaction+0x7c>
    if (SPI_WaitFlagStateUntilTimeout(hspi, SPI_FLAG_RXNE, RESET, Timeout, Tickstart) != HAL_OK)
 800374e:	9200      	str	r2, [sp, #0]
 8003750:	2200      	movs	r2, #0
 8003752:	2101      	movs	r1, #1
 8003754:	4620      	mov	r0, r4
 8003756:	f7ff ff1f 	bl	8003598 <SPI_WaitFlagStateUntilTimeout>
 800375a:	b908      	cbnz	r0, 8003760 <SPI_EndRxTransaction+0x80>
}
 800375c:	b002      	add	sp, #8
 800375e:	bd10      	pop	{r4, pc}
      SET_BIT(hspi->ErrorCode, HAL_SPI_ERROR_FLAG);
 8003760:	6d63      	ldr	r3, [r4, #84]	@ 0x54
 8003762:	f043 0320 	orr.w	r3, r3, #32
 8003766:	6563      	str	r3, [r4, #84]	@ 0x54
      return HAL_TIMEOUT;
 8003768:	2003      	movs	r0, #3
 800376a:	e7f7      	b.n	800375c <SPI_EndRxTransaction+0x7c>

0800376c <HAL_SPI_Init>:
  if (hspi == NULL)
 800376c:	2800      	cmp	r0, #0
 800376e:	d05a      	beq.n	8003826 <HAL_SPI_Init+0xba>
{
 8003770:	b510      	push	{r4, lr}
 8003772:	4604      	mov	r4, r0
  if (hspi->Init.TIMode == SPI_TIMODE_DISABLE)
 8003774:	6a43      	ldr	r3, [r0, #36]	@ 0x24
 8003776:	b933      	cbnz	r3, 8003786 <HAL_SPI_Init+0x1a>
    if (hspi->Init.Mode == SPI_MODE_MASTER)
 8003778:	6843      	ldr	r3, [r0, #4]
 800377a:	f5b3 7f82 	cmp.w	r3, #260	@ 0x104
 800377e:	d005      	beq.n	800378c <HAL_SPI_Init+0x20>
      hspi->Init.BaudRatePrescaler = SPI_BAUDRATEPRESCALER_2;
 8003780:	2300      	movs	r3, #0
 8003782:	61c3      	str	r3, [r0, #28]
 8003784:	e002      	b.n	800378c <HAL_SPI_Init+0x20>
    hspi->Init.CLKPolarity = SPI_POLARITY_LOW;
 8003786:	2300      	movs	r3, #0
 8003788:	6103      	str	r3, [r0, #16]
    hspi->Init.CLKPhase    = SPI_PHASE_1EDGE;
 800378a:	6143      	str	r3, [r0, #20]
  hspi->Init.CRCCalculation = SPI_CRCCALCULATION_DISABLE;
 800378c:	2300      	movs	r3, #0
 800378e:	62a3      	str	r3, [r4, #40]	@ 0x28
  if (hspi->State == HAL_SPI_STATE_RESET)
 8003790:	f894 3051 	ldrb.w	r3, [r4, #81]	@ 0x51
 8003794:	2b00      	cmp	r3, #0
 8003796:	d040      	beq.n	800381a <HAL_SPI_Init+0xae>
  hspi->State = HAL_SPI_STATE_BUSY;
 8003798:	2302      	movs	r3, #2
 800379a:	f884 3051 	strb.w	r3, [r4, #81]	@ 0x51
  __HAL_SPI_DISABLE(hspi);
 800379e:	6822      	ldr	r2, [r4, #0]
 80037a0:	6813      	ldr	r3, [r2, #0]
 80037a2:	f023 0340 	bic.w	r3, r3, #64	@ 0x40
 80037a6:	6013      	str	r3, [r2, #0]
  WRITE_REG(hspi->Instance->CR1, ((hspi->Init.Mode & (SPI_CR1_MSTR | SPI_CR1_SSI)) |
 80037a8:	6863      	ldr	r3, [r4, #4]
 80037aa:	f403 7382 	and.w	r3, r3, #260	@ 0x104
 80037ae:	68a2      	ldr	r2, [r4, #8]
 80037b0:	f402 4204 	and.w	r2, r2, #33792	@ 0x8400
 80037b4:	4313      	orrs	r3, r2
 80037b6:	68e2      	ldr	r2, [r4, #12]
 80037b8:	f402 6200 	and.w	r2, r2, #2048	@ 0x800
 80037bc:	4313      	orrs	r3, r2
 80037be:	6922      	ldr	r2, [r4, #16]
 80037c0:	f002 0202 	and.w	r2, r2, #2
 80037c4:	4313      	orrs	r3, r2
 80037c6:	6962      	ldr	r2, [r4, #20]
 80037c8:	f002 0201 	and.w	r2, r2, #1
 80037cc:	4313      	orrs	r3, r2
 80037ce:	69a2      	ldr	r2, [r4, #24]
 80037d0:	f402 7200 	and.w	r2, r2, #512	@ 0x200
 80037d4:	4313      	orrs	r3, r2
 80037d6:	69e2      	ldr	r2, [r4, #28]
 80037d8:	f002 0238 	and.w	r2, r2, #56	@ 0x38
 80037dc:	4313      	orrs	r3, r2
 80037de:	6a22      	ldr	r2, [r4, #32]
 80037e0:	f002 0280 	and.w	r2, r2, #128	@ 0x80
 80037e4:	4313      	orrs	r3, r2
 80037e6:	6aa2      	ldr	r2, [r4, #40]	@ 0x28
 80037e8:	f402 5200 	and.w	r2, r2, #8192	@ 0x2000
 80037ec:	6821      	ldr	r1, [r4, #0]
 80037ee:	4313      	orrs	r3, r2
 80037f0:	600b      	str	r3, [r1, #0]
  WRITE_REG(hspi->Instance->CR2, (((hspi->Init.NSS >> 16U) & SPI_CR2_SSOE) | (hspi->Init.TIMode & SPI_CR2_FRF)));
 80037f2:	8b63      	ldrh	r3, [r4, #26]
 80037f4:	f003 0304 	and.w	r3, r3, #4
 80037f8:	6a62      	ldr	r2, [r4, #36]	@ 0x24
 80037fa:	f002 0210 	and.w	r2, r2, #16
 80037fe:	6821      	ldr	r1, [r4, #0]
 8003800:	4313      	orrs	r3, r2
 8003802:	604b      	str	r3, [r1, #4]
  CLEAR_BIT(hspi->Instance->I2SCFGR, SPI_I2SCFGR_I2SMOD);
 8003804:	6822      	ldr	r2, [r4, #0]
 8003806:	69d3      	ldr	r3, [r2, #28]
 8003808:	f423 6300 	bic.w	r3, r3, #2048	@ 0x800
 800380c:	61d3      	str	r3, [r2, #28]
  hspi->ErrorCode = HAL_SPI_ERROR_NONE;
 800380e:	2000      	movs	r0, #0
 8003810:	6560      	str	r0, [r4, #84]	@ 0x54
  hspi->State     = HAL_SPI_STATE_READY;
 8003812:	2301      	movs	r3, #1
 8003814:	f884 3051 	strb.w	r3, [r4, #81]	@ 0x51
}
 8003818:	bd10      	pop	{r4, pc}
    hspi->Lock = HAL_UNLOCKED;
 800381a:	f884 3050 	strb.w	r3, [r4, #80]	@ 0x50
    HAL_SPI_MspInit(hspi);
 800381e:	4620      	mov	r0, r4
 8003820:	f7ff f9fe 	bl	8002c20 <HAL_SPI_MspInit>
 8003824:	e7b8      	b.n	8003798 <HAL_SPI_Init+0x2c>
    return HAL_ERROR;
 8003826:	2001      	movs	r0, #1
}
 8003828:	4770      	bx	lr

0800382a <HAL_SPI_TransmitReceive>:
{
 800382a:	e92d 43f0 	stmdb	sp!, {r4, r5, r6, r7, r8, r9, lr}
 800382e:	b083      	sub	sp, #12
 8003830:	4604      	mov	r4, r0
 8003832:	460f      	mov	r7, r1
 8003834:	4691      	mov	r9, r2
 8003836:	4698      	mov	r8, r3
 8003838:	9d0a      	ldr	r5, [sp, #40]	@ 0x28
  tickstart = HAL_GetTick();
 800383a:	f7fe f82b 	bl	8001894 <HAL_GetTick>
 800383e:	4606      	mov	r6, r0
  tmp_state           = hspi->State;
 8003840:	f894 3051 	ldrb.w	r3, [r4, #81]	@ 0x51
  tmp_mode            = hspi->Init.Mode;
 8003844:	6862      	ldr	r2, [r4, #4]
  if (!((tmp_state == HAL_SPI_STATE_READY) || \
 8003846:	2b01      	cmp	r3, #1
 8003848:	d00b      	beq.n	8003862 <HAL_SPI_TransmitReceive+0x38>
 800384a:	b2d9      	uxtb	r1, r3
 800384c:	f5b2 7f82 	cmp.w	r2, #260	@ 0x104
 8003850:	f040 810d 	bne.w	8003a6e <HAL_SPI_TransmitReceive+0x244>
        ((tmp_mode == SPI_MODE_MASTER) && (hspi->Init.Direction == SPI_DIRECTION_2LINES) &&
 8003854:	68a3      	ldr	r3, [r4, #8]
 8003856:	2b00      	cmp	r3, #0
 8003858:	f040 810d 	bne.w	8003a76 <HAL_SPI_TransmitReceive+0x24c>
 800385c:	2904      	cmp	r1, #4
 800385e:	f040 810c 	bne.w	8003a7a <HAL_SPI_TransmitReceive+0x250>
  if ((pTxData == NULL) || (pRxData == NULL) || (Size == 0U))
 8003862:	2f00      	cmp	r7, #0
 8003864:	f000 810b 	beq.w	8003a7e <HAL_SPI_TransmitReceive+0x254>
 8003868:	464b      	mov	r3, r9
 800386a:	2b00      	cmp	r3, #0
 800386c:	f000 8109 	beq.w	8003a82 <HAL_SPI_TransmitReceive+0x258>
 8003870:	4643      	mov	r3, r8
 8003872:	2b00      	cmp	r3, #0
 8003874:	f000 8107 	beq.w	8003a86 <HAL_SPI_TransmitReceive+0x25c>
  __HAL_LOCK(hspi);
 8003878:	f894 3050 	ldrb.w	r3, [r4, #80]	@ 0x50
 800387c:	2b01      	cmp	r3, #1
 800387e:	f000 8104 	beq.w	8003a8a <HAL_SPI_TransmitReceive+0x260>
 8003882:	2301      	movs	r3, #1
 8003884:	f884 3050 	strb.w	r3, [r4, #80]	@ 0x50
  if (hspi->State != HAL_SPI_STATE_BUSY_RX)
 8003888:	f894 3051 	ldrb.w	r3, [r4, #81]	@ 0x51
 800388c:	2b04      	cmp	r3, #4
 800388e:	d002      	beq.n	8003896 <HAL_SPI_TransmitReceive+0x6c>
    hspi->State = HAL_SPI_STATE_BUSY_TX_RX;
 8003890:	2305      	movs	r3, #5
 8003892:	f884 3051 	strb.w	r3, [r4, #81]	@ 0x51
  hspi->ErrorCode   = HAL_SPI_ERROR_NONE;
 8003896:	2300      	movs	r3, #0
 8003898:	6563      	str	r3, [r4, #84]	@ 0x54
  hspi->pRxBuffPtr  = (uint8_t *)pRxData;
 800389a:	f8c4 9038 	str.w	r9, [r4, #56]	@ 0x38
  hspi->RxXferCount = Size;
 800389e:	f8a4 803e 	strh.w	r8, [r4, #62]	@ 0x3e
  hspi->RxXferSize  = Size;
 80038a2:	f8a4 803c 	strh.w	r8, [r4, #60]	@ 0x3c
  hspi->pTxBuffPtr  = (const uint8_t *)pTxData;
 80038a6:	6327      	str	r7, [r4, #48]	@ 0x30
  hspi->TxXferCount = Size;
 80038a8:	f8a4 8036 	strh.w	r8, [r4, #54]	@ 0x36
  hspi->TxXferSize  = Size;
 80038ac:	f8a4 8034 	strh.w	r8, [r4, #52]	@ 0x34
  hspi->RxISR       = NULL;
 80038b0:	6423      	str	r3, [r4, #64]	@ 0x40
  hspi->TxISR       = NULL;
 80038b2:	6463      	str	r3, [r4, #68]	@ 0x44
  if ((hspi->Instance->CR1 & SPI_CR1_SPE) != SPI_CR1_SPE)
 80038b4:	6823      	ldr	r3, [r4, #0]
 80038b6:	681a      	ldr	r2, [r3, #0]
 80038b8:	f012 0f40 	tst.w	r2, #64	@ 0x40
 80038bc:	d103      	bne.n	80038c6 <HAL_SPI_TransmitReceive+0x9c>
    __HAL_SPI_ENABLE(hspi);
 80038be:	681a      	ldr	r2, [r3, #0]
 80038c0:	f042 0240 	orr.w	r2, r2, #64	@ 0x40
 80038c4:	601a      	str	r2, [r3, #0]
  if (hspi->Init.DataSize == SPI_DATASIZE_16BIT)
 80038c6:	68e3      	ldr	r3, [r4, #12]
 80038c8:	f5b3 6f00 	cmp.w	r3, #2048	@ 0x800
 80038cc:	d013      	beq.n	80038f6 <HAL_SPI_TransmitReceive+0xcc>
    if ((hspi->Init.Mode == SPI_MODE_SLAVE) || (initial_TxXferCount == 0x01U))
 80038ce:	6863      	ldr	r3, [r4, #4]
 80038d0:	b113      	cbz	r3, 80038d8 <HAL_SPI_TransmitReceive+0xae>
 80038d2:	4643      	mov	r3, r8
 80038d4:	2b01      	cmp	r3, #1
 80038d6:	d10b      	bne.n	80038f0 <HAL_SPI_TransmitReceive+0xc6>
      *((__IO uint8_t *)&hspi->Instance->DR) = *((const uint8_t *)hspi->pTxBuffPtr);
 80038d8:	6b22      	ldr	r2, [r4, #48]	@ 0x30
 80038da:	6823      	ldr	r3, [r4, #0]
 80038dc:	7812      	ldrb	r2, [r2, #0]
 80038de:	731a      	strb	r2, [r3, #12]
      hspi->pTxBuffPtr += sizeof(uint8_t);
 80038e0:	6b23      	ldr	r3, [r4, #48]	@ 0x30
 80038e2:	3301      	adds	r3, #1
 80038e4:	6323      	str	r3, [r4, #48]	@ 0x30
      hspi->TxXferCount--;
 80038e6:	8ee3      	ldrh	r3, [r4, #54]	@ 0x36
 80038e8:	b29b      	uxth	r3, r3
 80038ea:	3b01      	subs	r3, #1
 80038ec:	b29b      	uxth	r3, r3
 80038ee:	86e3      	strh	r3, [r4, #54]	@ 0x36
        txallowed = 1U;
 80038f0:	2301      	movs	r3, #1
 80038f2:	461f      	mov	r7, r3
 80038f4:	e074      	b.n	80039e0 <HAL_SPI_TransmitReceive+0x1b6>
    if ((hspi->Init.Mode == SPI_MODE_SLAVE) || (initial_TxXferCount == 0x01U))
 80038f6:	6863      	ldr	r3, [r4, #4]
 80038f8:	b113      	cbz	r3, 8003900 <HAL_SPI_TransmitReceive+0xd6>
 80038fa:	4643      	mov	r3, r8
 80038fc:	2b01      	cmp	r3, #1
 80038fe:	d10b      	bne.n	8003918 <HAL_SPI_TransmitReceive+0xee>
      hspi->Instance->DR = *((const uint16_t *)hspi->pTxBuffPtr);
 8003900:	6b22      	ldr	r2, [r4, #48]	@ 0x30
 8003902:	6823      	ldr	r3, [r4, #0]
 8003904:	8812      	ldrh	r2, [r2, #0]
 8003906:	60da      	str	r2, [r3, #12]
      hspi->pTxBuffPtr += sizeof(uint16_t);
 8003908:	6b23      	ldr	r3, [r4, #48]	@ 0x30
 800390a:	3302      	adds	r3, #2
 800390c:	6323      	str	r3, [r4, #48]	@ 0x30
      hspi->TxXferCount--;
 800390e:	8ee3      	ldrh	r3, [r4, #54]	@ 0x36
 8003910:	b29b      	uxth	r3, r3
 8003912:	3b01      	subs	r3, #1
 8003914:	b29b      	uxth	r3, r3
 8003916:	86e3      	strh	r3, [r4, #54]	@ 0x36
        txallowed = 1U;
 8003918:	2301      	movs	r3, #1
 800391a:	461f      	mov	r7, r3
 800391c:	e01b      	b.n	8003956 <HAL_SPI_TransmitReceive+0x12c>
      if ((__HAL_SPI_GET_FLAG(hspi, SPI_FLAG_RXNE)) && (hspi->RxXferCount > 0U))
 800391e:	6822      	ldr	r2, [r4, #0]
 8003920:	6893      	ldr	r3, [r2, #8]
 8003922:	f013 0301 	ands.w	r3, r3, #1
 8003926:	d00e      	beq.n	8003946 <HAL_SPI_TransmitReceive+0x11c>
 8003928:	8fe1      	ldrh	r1, [r4, #62]	@ 0x3e
 800392a:	b289      	uxth	r1, r1
 800392c:	b159      	cbz	r1, 8003946 <HAL_SPI_TransmitReceive+0x11c>
        *((uint16_t *)hspi->pRxBuffPtr) = (uint16_t)hspi->Instance->DR;
 800392e:	68d1      	ldr	r1, [r2, #12]
 8003930:	6ba2      	ldr	r2, [r4, #56]	@ 0x38
 8003932:	8011      	strh	r1, [r2, #0]
        hspi->pRxBuffPtr += sizeof(uint16_t);
 8003934:	6ba2      	ldr	r2, [r4, #56]	@ 0x38
 8003936:	3202      	adds	r2, #2
 8003938:	63a2      	str	r2, [r4, #56]	@ 0x38
        hspi->RxXferCount--;
 800393a:	8fe2      	ldrh	r2, [r4, #62]	@ 0x3e
 800393c:	b292      	uxth	r2, r2
 800393e:	3a01      	subs	r2, #1
 8003940:	b292      	uxth	r2, r2
 8003942:	87e2      	strh	r2, [r4, #62]	@ 0x3e
        txallowed = 1U;
 8003944:	461f      	mov	r7, r3
      if (((HAL_GetTick() - tickstart) >=  Timeout) && (Timeout != HAL_MAX_DELAY))
 8003946:	f7fd ffa5 	bl	8001894 <HAL_GetTick>
 800394a:	1b80      	subs	r0, r0, r6
 800394c:	42a8      	cmp	r0, r5
 800394e:	d302      	bcc.n	8003956 <HAL_SPI_TransmitReceive+0x12c>
 8003950:	f1b5 3fff 	cmp.w	r5, #4294967295
 8003954:	d11f      	bne.n	8003996 <HAL_SPI_TransmitReceive+0x16c>
    while ((hspi->TxXferCount > 0U) || (hspi->RxXferCount > 0U))
 8003956:	8ee3      	ldrh	r3, [r4, #54]	@ 0x36
 8003958:	b29b      	uxth	r3, r3
 800395a:	b91b      	cbnz	r3, 8003964 <HAL_SPI_TransmitReceive+0x13a>
 800395c:	8fe3      	ldrh	r3, [r4, #62]	@ 0x3e
 800395e:	b29b      	uxth	r3, r3
 8003960:	2b00      	cmp	r3, #0
 8003962:	d064      	beq.n	8003a2e <HAL_SPI_TransmitReceive+0x204>
      if ((__HAL_SPI_GET_FLAG(hspi, SPI_FLAG_TXE)) && (hspi->TxXferCount > 0U) && (txallowed == 1U))
 8003964:	6823      	ldr	r3, [r4, #0]
 8003966:	689a      	ldr	r2, [r3, #8]
 8003968:	f012 0f02 	tst.w	r2, #2
 800396c:	d0d7      	beq.n	800391e <HAL_SPI_TransmitReceive+0xf4>
 800396e:	8ee2      	ldrh	r2, [r4, #54]	@ 0x36
 8003970:	b292      	uxth	r2, r2
 8003972:	2a00      	cmp	r2, #0
 8003974:	d0d3      	beq.n	800391e <HAL_SPI_TransmitReceive+0xf4>
 8003976:	2f00      	cmp	r7, #0
 8003978:	d0d1      	beq.n	800391e <HAL_SPI_TransmitReceive+0xf4>
        hspi->Instance->DR = *((const uint16_t *)hspi->pTxBuffPtr);
 800397a:	6b22      	ldr	r2, [r4, #48]	@ 0x30
 800397c:	8812      	ldrh	r2, [r2, #0]
 800397e:	60da      	str	r2, [r3, #12]
        hspi->pTxBuffPtr += sizeof(uint16_t);
 8003980:	6b23      	ldr	r3, [r4, #48]	@ 0x30
 8003982:	3302      	adds	r3, #2
 8003984:	6323      	str	r3, [r4, #48]	@ 0x30
        hspi->TxXferCount--;
 8003986:	8ee3      	ldrh	r3, [r4, #54]	@ 0x36
 8003988:	b29b      	uxth	r3, r3
 800398a:	3b01      	subs	r3, #1
 800398c:	b29b      	uxth	r3, r3
 800398e:	86e3      	strh	r3, [r4, #54]	@ 0x36
        txallowed = 0U;
 8003990:	2300      	movs	r3, #0
 8003992:	461f      	mov	r7, r3
 8003994:	e7c3      	b.n	800391e <HAL_SPI_TransmitReceive+0xf4>
        hspi->State = HAL_SPI_STATE_READY;
 8003996:	2301      	movs	r3, #1
 8003998:	f884 3051 	strb.w	r3, [r4, #81]	@ 0x51
        __HAL_UNLOCK(hspi);
 800399c:	2300      	movs	r3, #0
 800399e:	f884 3050 	strb.w	r3, [r4, #80]	@ 0x50
        return HAL_TIMEOUT;
 80039a2:	2003      	movs	r0, #3
 80039a4:	e064      	b.n	8003a70 <HAL_SPI_TransmitReceive+0x246>
      if ((__HAL_SPI_GET_FLAG(hspi, SPI_FLAG_RXNE)) && (hspi->RxXferCount > 0U))
 80039a6:	6822      	ldr	r2, [r4, #0]
 80039a8:	6893      	ldr	r3, [r2, #8]
 80039aa:	f013 0301 	ands.w	r3, r3, #1
 80039ae:	d00e      	beq.n	80039ce <HAL_SPI_TransmitReceive+0x1a4>
 80039b0:	8fe1      	ldrh	r1, [r4, #62]	@ 0x3e
 80039b2:	b289      	uxth	r1, r1
 80039b4:	b159      	cbz	r1, 80039ce <HAL_SPI_TransmitReceive+0x1a4>
        (*(uint8_t *)hspi->pRxBuffPtr) = hspi->Instance->DR;
 80039b6:	68d1      	ldr	r1, [r2, #12]
 80039b8:	6ba2      	ldr	r2, [r4, #56]	@ 0x38
 80039ba:	7011      	strb	r1, [r2, #0]
        hspi->pRxBuffPtr++;
 80039bc:	6ba2      	ldr	r2, [r4, #56]	@ 0x38
 80039be:	3201      	adds	r2, #1
 80039c0:	63a2      	str	r2, [r4, #56]	@ 0x38
        hspi->RxXferCount--;
 80039c2:	8fe2      	ldrh	r2, [r4, #62]	@ 0x3e
 80039c4:	b292      	uxth	r2, r2
 80039c6:	3a01      	subs	r2, #1
 80039c8:	b292      	uxth	r2, r2
 80039ca:	87e2      	strh	r2, [r4, #62]	@ 0x3e
        txallowed = 1U;
 80039cc:	461f      	mov	r7, r3
      if ((((HAL_GetTick() - tickstart) >=  Timeout) && ((Timeout != HAL_MAX_DELAY))) || (Timeout == 0U))
 80039ce:	f7fd ff61 	bl	8001894 <HAL_GetTick>
 80039d2:	1b83      	subs	r3, r0, r6
 80039d4:	42ab      	cmp	r3, r5
 80039d6:	d302      	bcc.n	80039de <HAL_SPI_TransmitReceive+0x1b4>
 80039d8:	f1b5 3fff 	cmp.w	r5, #4294967295
 80039dc:	d11f      	bne.n	8003a1e <HAL_SPI_TransmitReceive+0x1f4>
 80039de:	b1f5      	cbz	r5, 8003a1e <HAL_SPI_TransmitReceive+0x1f4>
    while ((hspi->TxXferCount > 0U) || (hspi->RxXferCount > 0U))
 80039e0:	8ee3      	ldrh	r3, [r4, #54]	@ 0x36
 80039e2:	b29b      	uxth	r3, r3
 80039e4:	b913      	cbnz	r3, 80039ec <HAL_SPI_TransmitReceive+0x1c2>
 80039e6:	8fe3      	ldrh	r3, [r4, #62]	@ 0x3e
 80039e8:	b29b      	uxth	r3, r3
 80039ea:	b303      	cbz	r3, 8003a2e <HAL_SPI_TransmitReceive+0x204>
      if ((__HAL_SPI_GET_FLAG(hspi, SPI_FLAG_TXE)) && (hspi->TxXferCount > 0U) && (txallowed == 1U))
 80039ec:	6823      	ldr	r3, [r4, #0]
 80039ee:	689a      	ldr	r2, [r3, #8]
 80039f0:	f012 0f02 	tst.w	r2, #2
 80039f4:	d0d7      	beq.n	80039a6 <HAL_SPI_TransmitReceive+0x17c>
 80039f6:	8ee2      	ldrh	r2, [r4, #54]	@ 0x36
 80039f8:	b292      	uxth	r2, r2
 80039fa:	2a00      	cmp	r2, #0
 80039fc:	d0d3      	beq.n	80039a6 <HAL_SPI_TransmitReceive+0x17c>
 80039fe:	2f00      	cmp	r7, #0
 8003a00:	d0d1      	beq.n	80039a6 <HAL_SPI_TransmitReceive+0x17c>
        *(__IO uint8_t *)&hspi->Instance->DR = *((const uint8_t *)hspi->pTxBuffPtr);
 8003a02:	6b22      	ldr	r2, [r4, #48]	@ 0x30
 8003a04:	7812      	ldrb	r2, [r2, #0]
 8003a06:	731a      	strb	r2, [r3, #12]
        hspi->pTxBuffPtr++;
 8003a08:	6b23      	ldr	r3, [r4, #48]	@ 0x30
 8003a0a:	3301      	adds	r3, #1
 8003a0c:	6323      	str	r3, [r4, #48]	@ 0x30
        hspi->TxXferCount--;
 8003a0e:	8ee3      	ldrh	r3, [r4, #54]	@ 0x36
 8003a10:	b29b      	uxth	r3, r3
 8003a12:	3b01      	subs	r3, #1
 8003a14:	b29b      	uxth	r3, r3
 8003a16:	86e3      	strh	r3, [r4, #54]	@ 0x36
        txallowed = 0U;
 8003a18:	2300      	movs	r3, #0
 8003a1a:	461f      	mov	r7, r3
 8003a1c:	e7c3      	b.n	80039a6 <HAL_SPI_TransmitReceive+0x17c>
        hspi->State = HAL_SPI_STATE_READY;
 8003a1e:	2301      	movs	r3, #1
 8003a20:	f884 3051 	strb.w	r3, [r4, #81]	@ 0x51
        __HAL_UNLOCK(hspi);
 8003a24:	2300      	movs	r3, #0
 8003a26:	f884 3050 	strb.w	r3, [r4, #80]	@ 0x50
        return HAL_TIMEOUT;
 8003a2a:	2003      	movs	r0, #3
 8003a2c:	e020      	b.n	8003a70 <HAL_SPI_TransmitReceive+0x246>
  if (SPI_EndRxTxTransaction(hspi, Timeout, tickstart) != HAL_OK)
 8003a2e:	4632      	mov	r2, r6
 8003a30:	4629      	mov	r1, r5
 8003a32:	4620      	mov	r0, r4
 8003a34:	f7ff fe14 	bl	8003660 <SPI_EndRxTxTransaction>
 8003a38:	b990      	cbnz	r0, 8003a60 <HAL_SPI_TransmitReceive+0x236>
  if (hspi->Init.Direction == SPI_DIRECTION_2LINES)
 8003a3a:	68a3      	ldr	r3, [r4, #8]
 8003a3c:	b933      	cbnz	r3, 8003a4c <HAL_SPI_TransmitReceive+0x222>
    __HAL_SPI_CLEAR_OVRFLAG(hspi);
 8003a3e:	9301      	str	r3, [sp, #4]
 8003a40:	6823      	ldr	r3, [r4, #0]
 8003a42:	68da      	ldr	r2, [r3, #12]
 8003a44:	9201      	str	r2, [sp, #4]
 8003a46:	689b      	ldr	r3, [r3, #8]
 8003a48:	9301      	str	r3, [sp, #4]
 8003a4a:	9b01      	ldr	r3, [sp, #4]
  hspi->State = HAL_SPI_STATE_READY;
 8003a4c:	2301      	movs	r3, #1
 8003a4e:	f884 3051 	strb.w	r3, [r4, #81]	@ 0x51
  __HAL_UNLOCK(hspi);
 8003a52:	2300      	movs	r3, #0
 8003a54:	f884 3050 	strb.w	r3, [r4, #80]	@ 0x50
  if (hspi->ErrorCode != HAL_SPI_ERROR_NONE)
 8003a58:	6d63      	ldr	r3, [r4, #84]	@ 0x54
 8003a5a:	b14b      	cbz	r3, 8003a70 <HAL_SPI_TransmitReceive+0x246>
    return HAL_ERROR;
 8003a5c:	2001      	movs	r0, #1
 8003a5e:	e007      	b.n	8003a70 <HAL_SPI_TransmitReceive+0x246>
    hspi->ErrorCode = HAL_SPI_ERROR_FLAG;
 8003a60:	2320      	movs	r3, #32
 8003a62:	6563      	str	r3, [r4, #84]	@ 0x54
    __HAL_UNLOCK(hspi);
 8003a64:	2300      	movs	r3, #0
 8003a66:	f884 3050 	strb.w	r3, [r4, #80]	@ 0x50
    return HAL_ERROR;
 8003a6a:	2001      	movs	r0, #1
 8003a6c:	e000      	b.n	8003a70 <HAL_SPI_TransmitReceive+0x246>
    return HAL_BUSY;
 8003a6e:	2002      	movs	r0, #2
}
 8003a70:	b003      	add	sp, #12
 8003a72:	e8bd 83f0 	ldmia.w	sp!, {r4, r5, r6, r7, r8, r9, pc}
    return HAL_BUSY;
 8003a76:	2002      	movs	r0, #2
 8003a78:	e7fa      	b.n	8003a70 <HAL_SPI_TransmitReceive+0x246>
 8003a7a:	2002      	movs	r0, #2
 8003a7c:	e7f8      	b.n	8003a70 <HAL_SPI_TransmitReceive+0x246>
    return HAL_ERROR;
 8003a7e:	2001      	movs	r0, #1
 8003a80:	e7f6      	b.n	8003a70 <HAL_SPI_TransmitReceive+0x246>
 8003a82:	2001      	movs	r0, #1
 8003a84:	e7f4      	b.n	8003a70 <HAL_SPI_TransmitReceive+0x246>
 8003a86:	2001      	movs	r0, #1
 8003a88:	e7f2      	b.n	8003a70 <HAL_SPI_TransmitReceive+0x246>
  __HAL_LOCK(hspi);
 8003a8a:	2002      	movs	r0, #2
 8003a8c:	e7f0      	b.n	8003a70 <HAL_SPI_TransmitReceive+0x246>

08003a8e <HAL_SPI_Receive>:
{
 8003a8e:	e92d 43f0 	stmdb	sp!, {r4, r5, r6, r7, r8, r9, lr}
 8003a92:	b083      	sub	sp, #12
 8003a94:	461d      	mov	r5, r3
  if (hspi->State != HAL_SPI_STATE_READY)
 8003a96:	f890 3051 	ldrb.w	r3, [r0, #81]	@ 0x51
 8003a9a:	2b01      	cmp	r3, #1
 8003a9c:	f040 80b2 	bne.w	8003c04 <HAL_SPI_Receive+0x176>
 8003aa0:	4604      	mov	r4, r0
 8003aa2:	4688      	mov	r8, r1
 8003aa4:	4691      	mov	r9, r2
 8003aa6:	b2de      	uxtb	r6, r3
  if ((pData == NULL) || (Size == 0U))
 8003aa8:	2900      	cmp	r1, #0
 8003aaa:	f000 80ac 	beq.w	8003c06 <HAL_SPI_Receive+0x178>
 8003aae:	2a00      	cmp	r2, #0
 8003ab0:	f000 80a9 	beq.w	8003c06 <HAL_SPI_Receive+0x178>
  if ((hspi->Init.Mode == SPI_MODE_MASTER) && (hspi->Init.Direction == SPI_DIRECTION_2LINES))
 8003ab4:	6843      	ldr	r3, [r0, #4]
 8003ab6:	f5b3 7f82 	cmp.w	r3, #260	@ 0x104
 8003aba:	d101      	bne.n	8003ac0 <HAL_SPI_Receive+0x32>
 8003abc:	6883      	ldr	r3, [r0, #8]
 8003abe:	b353      	cbz	r3, 8003b16 <HAL_SPI_Receive+0x88>
  tickstart = HAL_GetTick();
 8003ac0:	f7fd fee8 	bl	8001894 <HAL_GetTick>
 8003ac4:	4607      	mov	r7, r0
  __HAL_LOCK(hspi);
 8003ac6:	f894 3050 	ldrb.w	r3, [r4, #80]	@ 0x50
 8003aca:	2b01      	cmp	r3, #1
 8003acc:	f000 809f 	beq.w	8003c0e <HAL_SPI_Receive+0x180>
 8003ad0:	2301      	movs	r3, #1
 8003ad2:	f884 3050 	strb.w	r3, [r4, #80]	@ 0x50
  hspi->State       = HAL_SPI_STATE_BUSY_RX;
 8003ad6:	2304      	movs	r3, #4
 8003ad8:	f884 3051 	strb.w	r3, [r4, #81]	@ 0x51
  hspi->ErrorCode   = HAL_SPI_ERROR_NONE;
 8003adc:	2300      	movs	r3, #0
 8003ade:	6563      	str	r3, [r4, #84]	@ 0x54
  hspi->pRxBuffPtr  = (uint8_t *)pData;
 8003ae0:	f8c4 8038 	str.w	r8, [r4, #56]	@ 0x38
  hspi->RxXferSize  = Size;
 8003ae4:	f8a4 903c 	strh.w	r9, [r4, #60]	@ 0x3c
  hspi->RxXferCount = Size;
 8003ae8:	f8a4 903e 	strh.w	r9, [r4, #62]	@ 0x3e
  hspi->pTxBuffPtr  = (uint8_t *)NULL;
 8003aec:	6323      	str	r3, [r4, #48]	@ 0x30
  hspi->TxXferSize  = 0U;
 8003aee:	86a3      	strh	r3, [r4, #52]	@ 0x34
  hspi->TxXferCount = 0U;
 8003af0:	86e3      	strh	r3, [r4, #54]	@ 0x36
  hspi->RxISR       = NULL;
 8003af2:	6423      	str	r3, [r4, #64]	@ 0x40
  hspi->TxISR       = NULL;
 8003af4:	6463      	str	r3, [r4, #68]	@ 0x44
  if (hspi->Init.Direction == SPI_DIRECTION_1LINE)
 8003af6:	68a3      	ldr	r3, [r4, #8]
 8003af8:	f5b3 4f00 	cmp.w	r3, #32768	@ 0x8000
 8003afc:	d015      	beq.n	8003b2a <HAL_SPI_Receive+0x9c>
  if ((hspi->Instance->CR1 & SPI_CR1_SPE) != SPI_CR1_SPE)
 8003afe:	6823      	ldr	r3, [r4, #0]
 8003b00:	681a      	ldr	r2, [r3, #0]
 8003b02:	f012 0f40 	tst.w	r2, #64	@ 0x40
 8003b06:	d103      	bne.n	8003b10 <HAL_SPI_Receive+0x82>
    __HAL_SPI_ENABLE(hspi);
 8003b08:	681a      	ldr	r2, [r3, #0]
 8003b0a:	f042 0240 	orr.w	r2, r2, #64	@ 0x40
 8003b0e:	601a      	str	r2, [r3, #0]
  if (hspi->Init.DataSize == SPI_DATASIZE_8BIT)
 8003b10:	68e3      	ldr	r3, [r4, #12]
 8003b12:	b1f3      	cbz	r3, 8003b52 <HAL_SPI_Receive+0xc4>
 8003b14:	e043      	b.n	8003b9e <HAL_SPI_Receive+0x110>
    hspi->State = HAL_SPI_STATE_BUSY_RX;
 8003b16:	2304      	movs	r3, #4
 8003b18:	f880 3051 	strb.w	r3, [r0, #81]	@ 0x51
    return HAL_SPI_TransmitReceive(hspi, pData, pData, Size, Timeout);
 8003b1c:	9500      	str	r5, [sp, #0]
 8003b1e:	4613      	mov	r3, r2
 8003b20:	460a      	mov	r2, r1
 8003b22:	f7ff fe82 	bl	800382a <HAL_SPI_TransmitReceive>
 8003b26:	4606      	mov	r6, r0
 8003b28:	e06d      	b.n	8003c06 <HAL_SPI_Receive+0x178>
    __HAL_SPI_DISABLE(hspi);
 8003b2a:	6822      	ldr	r2, [r4, #0]
 8003b2c:	6813      	ldr	r3, [r2, #0]
 8003b2e:	f023 0340 	bic.w	r3, r3, #64	@ 0x40
 8003b32:	6013      	str	r3, [r2, #0]
    SPI_1LINE_RX(hspi);
 8003b34:	6822      	ldr	r2, [r4, #0]
 8003b36:	6813      	ldr	r3, [r2, #0]
 8003b38:	f423 4380 	bic.w	r3, r3, #16384	@ 0x4000
 8003b3c:	6013      	str	r3, [r2, #0]
 8003b3e:	e7de      	b.n	8003afe <HAL_SPI_Receive+0x70>
        if ((((HAL_GetTick() - tickstart) >=  Timeout) && (Timeout != HAL_MAX_DELAY)) || (Timeout == 0U))
 8003b40:	f7fd fea8 	bl	8001894 <HAL_GetTick>
 8003b44:	1bc0      	subs	r0, r0, r7
 8003b46:	42a8      	cmp	r0, r5
 8003b48:	d302      	bcc.n	8003b50 <HAL_SPI_Receive+0xc2>
 8003b4a:	f1b5 3fff 	cmp.w	r5, #4294967295
 8003b4e:	d115      	bne.n	8003b7c <HAL_SPI_Receive+0xee>
 8003b50:	b1a5      	cbz	r5, 8003b7c <HAL_SPI_Receive+0xee>
    while (hspi->RxXferCount > 0U)
 8003b52:	8fe3      	ldrh	r3, [r4, #62]	@ 0x3e
 8003b54:	b29b      	uxth	r3, r3
 8003b56:	2b00      	cmp	r3, #0
 8003b58:	d042      	beq.n	8003be0 <HAL_SPI_Receive+0x152>
      if (__HAL_SPI_GET_FLAG(hspi, SPI_FLAG_RXNE))
 8003b5a:	6823      	ldr	r3, [r4, #0]
 8003b5c:	689a      	ldr	r2, [r3, #8]
 8003b5e:	f012 0f01 	tst.w	r2, #1
 8003b62:	d0ed      	beq.n	8003b40 <HAL_SPI_Receive+0xb2>
        (* (uint8_t *)hspi->pRxBuffPtr) = *(__IO uint8_t *)&hspi->Instance->DR;
 8003b64:	6ba2      	ldr	r2, [r4, #56]	@ 0x38
 8003b66:	7b1b      	ldrb	r3, [r3, #12]
 8003b68:	7013      	strb	r3, [r2, #0]
        hspi->pRxBuffPtr += sizeof(uint8_t);
 8003b6a:	6ba3      	ldr	r3, [r4, #56]	@ 0x38
 8003b6c:	3301      	adds	r3, #1
 8003b6e:	63a3      	str	r3, [r4, #56]	@ 0x38
        hspi->RxXferCount--;
 8003b70:	8fe3      	ldrh	r3, [r4, #62]	@ 0x3e
 8003b72:	b29b      	uxth	r3, r3
 8003b74:	3b01      	subs	r3, #1
 8003b76:	b29b      	uxth	r3, r3
 8003b78:	87e3      	strh	r3, [r4, #62]	@ 0x3e
 8003b7a:	e7ea      	b.n	8003b52 <HAL_SPI_Receive+0xc4>
          hspi->State = HAL_SPI_STATE_READY;
 8003b7c:	2301      	movs	r3, #1
 8003b7e:	f884 3051 	strb.w	r3, [r4, #81]	@ 0x51
          __HAL_UNLOCK(hspi);
 8003b82:	2300      	movs	r3, #0
 8003b84:	f884 3050 	strb.w	r3, [r4, #80]	@ 0x50
          return HAL_TIMEOUT;
 8003b88:	2603      	movs	r6, #3
 8003b8a:	e03c      	b.n	8003c06 <HAL_SPI_Receive+0x178>
        if ((((HAL_GetTick() - tickstart) >=  Timeout) && (Timeout != HAL_MAX_DELAY)) || (Timeout == 0U))
 8003b8c:	f7fd fe82 	bl	8001894 <HAL_GetTick>
 8003b90:	1bc0      	subs	r0, r0, r7
 8003b92:	42a8      	cmp	r0, r5
 8003b94:	d302      	bcc.n	8003b9c <HAL_SPI_Receive+0x10e>
 8003b96:	f1b5 3fff 	cmp.w	r5, #4294967295
 8003b9a:	d119      	bne.n	8003bd0 <HAL_SPI_Receive+0x142>
 8003b9c:	b1c5      	cbz	r5, 8003bd0 <HAL_SPI_Receive+0x142>
    while (hspi->RxXferCount > 0U)
 8003b9e:	8fe3      	ldrh	r3, [r4, #62]	@ 0x3e
 8003ba0:	b29b      	uxth	r3, r3
 8003ba2:	b1eb      	cbz	r3, 8003be0 <HAL_SPI_Receive+0x152>
      if (__HAL_SPI_GET_FLAG(hspi, SPI_FLAG_RXNE))
 8003ba4:	6823      	ldr	r3, [r4, #0]
 8003ba6:	689a      	ldr	r2, [r3, #8]
 8003ba8:	f012 0f01 	tst.w	r2, #1
 8003bac:	d0ee      	beq.n	8003b8c <HAL_SPI_Receive+0xfe>
        *((uint16_t *)hspi->pRxBuffPtr) = (uint16_t)hspi->Instance->DR;
 8003bae:	68da      	ldr	r2, [r3, #12]
 8003bb0:	6ba3      	ldr	r3, [r4, #56]	@ 0x38
 8003bb2:	801a      	strh	r2, [r3, #0]
        hspi->pRxBuffPtr += sizeof(uint16_t);
 8003bb4:	6ba3      	ldr	r3, [r4, #56]	@ 0x38
 8003bb6:	3302      	adds	r3, #2
 8003bb8:	63a3      	str	r3, [r4, #56]	@ 0x38
        hspi->RxXferCount--;
 8003bba:	f8b4 c03e 	ldrh.w	ip, [r4, #62]	@ 0x3e
 8003bbe:	fa1f fc8c 	uxth.w	ip, ip
 8003bc2:	f10c 3cff 	add.w	ip, ip, #4294967295
 8003bc6:	fa1f fc8c 	uxth.w	ip, ip
 8003bca:	f8a4 c03e 	strh.w	ip, [r4, #62]	@ 0x3e
 8003bce:	e7e6      	b.n	8003b9e <HAL_SPI_Receive+0x110>
          hspi->State = HAL_SPI_STATE_READY;
 8003bd0:	2301      	movs	r3, #1
 8003bd2:	f884 3051 	strb.w	r3, [r4, #81]	@ 0x51
          __HAL_UNLOCK(hspi);
 8003bd6:	2300      	movs	r3, #0
 8003bd8:	f884 3050 	strb.w	r3, [r4, #80]	@ 0x50
          return HAL_TIMEOUT;
 8003bdc:	2603      	movs	r6, #3
 8003bde:	e012      	b.n	8003c06 <HAL_SPI_Receive+0x178>
  if (SPI_EndRxTransaction(hspi, Timeout, tickstart) != HAL_OK)
 8003be0:	463a      	mov	r2, r7
 8003be2:	4629      	mov	r1, r5
 8003be4:	4620      	mov	r0, r4
 8003be6:	f7ff fd7b 	bl	80036e0 <SPI_EndRxTransaction>
 8003bea:	b108      	cbz	r0, 8003bf0 <HAL_SPI_Receive+0x162>
    hspi->ErrorCode = HAL_SPI_ERROR_FLAG;
 8003bec:	2320      	movs	r3, #32
 8003bee:	6563      	str	r3, [r4, #84]	@ 0x54
  hspi->State = HAL_SPI_STATE_READY;
 8003bf0:	2301      	movs	r3, #1
 8003bf2:	f884 3051 	strb.w	r3, [r4, #81]	@ 0x51
  __HAL_UNLOCK(hspi);
 8003bf6:	2300      	movs	r3, #0
 8003bf8:	f884 3050 	strb.w	r3, [r4, #80]	@ 0x50
  if (hspi->ErrorCode != HAL_SPI_ERROR_NONE)
 8003bfc:	6d63      	ldr	r3, [r4, #84]	@ 0x54
 8003bfe:	b913      	cbnz	r3, 8003c06 <HAL_SPI_Receive+0x178>
    return HAL_OK;
 8003c00:	461e      	mov	r6, r3
 8003c02:	e000      	b.n	8003c06 <HAL_SPI_Receive+0x178>
    return HAL_BUSY;
 8003c04:	2602      	movs	r6, #2
}
 8003c06:	4630      	mov	r0, r6
 8003c08:	b003      	add	sp, #12
 8003c0a:	e8bd 83f0 	ldmia.w	sp!, {r4, r5, r6, r7, r8, r9, pc}
  __HAL_LOCK(hspi);
 8003c0e:	2602      	movs	r6, #2
 8003c10:	e7f9      	b.n	8003c06 <HAL_SPI_Receive+0x178>

08003c12 <HAL_TIM_Base_MspInit>:
  UNUSED(htim);

  /* NOTE : This function should not be modified, when the callback is needed,
            the HAL_TIM_Base_MspInit could be implemented in the user file
   */
}
 8003c12:	4770      	bx	lr

08003c14 <HAL_TIM_Base_Start_IT>:

  /* Check the parameters */
  assert_param(IS_TIM_INSTANCE(htim->Instance));

  /* Check the TIM state */
  if (htim->State != HAL_TIM_STATE_READY)
 8003c14:	f890 303d 	ldrb.w	r3, [r0, #61]	@ 0x3d
 8003c18:	2b01      	cmp	r3, #1
 8003c1a:	d137      	bne.n	8003c8c <HAL_TIM_Base_Start_IT+0x78>
  {
    return HAL_ERROR;
  }

  /* Set the TIM state */
  htim->State = HAL_TIM_STATE_BUSY;
 8003c1c:	2302      	movs	r3, #2
 8003c1e:	f880 303d 	strb.w	r3, [r0, #61]	@ 0x3d

  /* Enable the TIM Update interrupt */
  __HAL_TIM_ENABLE_IT(htim, TIM_IT_UPDATE);
 8003c22:	6802      	ldr	r2, [r0, #0]
 8003c24:	68d3      	ldr	r3, [r2, #12]
 8003c26:	f043 0301 	orr.w	r3, r3, #1
 8003c2a:	60d3      	str	r3, [r2, #12]

  /* Enable the Peripheral, except in trigger mode where enable is automatically done with trigger */
  if (IS_TIM_SLAVE_INSTANCE(htim->Instance))
 8003c2c:	6803      	ldr	r3, [r0, #0]
 8003c2e:	4a19      	ldr	r2, [pc, #100]	@ (8003c94 <HAL_TIM_Base_Start_IT+0x80>)
 8003c30:	4293      	cmp	r3, r2
 8003c32:	d020      	beq.n	8003c76 <HAL_TIM_Base_Start_IT+0x62>
 8003c34:	f1b3 4f80 	cmp.w	r3, #1073741824	@ 0x40000000
 8003c38:	d01d      	beq.n	8003c76 <HAL_TIM_Base_Start_IT+0x62>
 8003c3a:	f5a2 427c 	sub.w	r2, r2, #64512	@ 0xfc00
 8003c3e:	4293      	cmp	r3, r2
 8003c40:	d019      	beq.n	8003c76 <HAL_TIM_Base_Start_IT+0x62>
 8003c42:	f502 6280 	add.w	r2, r2, #1024	@ 0x400
 8003c46:	4293      	cmp	r3, r2
 8003c48:	d015      	beq.n	8003c76 <HAL_TIM_Base_Start_IT+0x62>
 8003c4a:	f502 6280 	add.w	r2, r2, #1024	@ 0x400
 8003c4e:	4293      	cmp	r3, r2
 8003c50:	d011      	beq.n	8003c76 <HAL_TIM_Base_Start_IT+0x62>
 8003c52:	f502 4278 	add.w	r2, r2, #63488	@ 0xf800
 8003c56:	4293      	cmp	r3, r2
 8003c58:	d00d      	beq.n	8003c76 <HAL_TIM_Base_Start_IT+0x62>
 8003c5a:	f502 5270 	add.w	r2, r2, #15360	@ 0x3c00
 8003c5e:	4293      	cmp	r3, r2
 8003c60:	d009      	beq.n	8003c76 <HAL_TIM_Base_Start_IT+0x62>
 8003c62:	f5a2 3294 	sub.w	r2, r2, #75776	@ 0x12800
 8003c66:	4293      	cmp	r3, r2
 8003c68:	d005      	beq.n	8003c76 <HAL_TIM_Base_Start_IT+0x62>
      __HAL_TIM_ENABLE(htim);
    }
  }
  else
  {
    __HAL_TIM_ENABLE(htim);
 8003c6a:	681a      	ldr	r2, [r3, #0]
 8003c6c:	f042 0201 	orr.w	r2, r2, #1
 8003c70:	601a      	str	r2, [r3, #0]
  }

  /* Return function status */
  return HAL_OK;
 8003c72:	2000      	movs	r0, #0
 8003c74:	4770      	bx	lr
    tmpsmcr = htim->Instance->SMCR & TIM_SMCR_SMS;
 8003c76:	689a      	ldr	r2, [r3, #8]
 8003c78:	f002 0207 	and.w	r2, r2, #7
    if (!IS_TIM_SLAVEMODE_TRIGGER_ENABLED(tmpsmcr))
 8003c7c:	2a06      	cmp	r2, #6
 8003c7e:	d007      	beq.n	8003c90 <HAL_TIM_Base_Start_IT+0x7c>
      __HAL_TIM_ENABLE(htim);
 8003c80:	681a      	ldr	r2, [r3, #0]
 8003c82:	f042 0201 	orr.w	r2, r2, #1
 8003c86:	601a      	str	r2, [r3, #0]
  return HAL_OK;
 8003c88:	2000      	movs	r0, #0
 8003c8a:	4770      	bx	lr
    return HAL_ERROR;
 8003c8c:	2001      	movs	r0, #1
 8003c8e:	4770      	bx	lr
  return HAL_OK;
 8003c90:	2000      	movs	r0, #0
}
 8003c92:	4770      	bx	lr
 8003c94:	40010000 	.word	0x40010000

08003c98 <HAL_TIM_OC_DelayElapsedCallback>:
  UNUSED(htim);

  /* NOTE : This function should not be modified, when the callback is needed,
            the HAL_TIM_OC_DelayElapsedCallback could be implemented in the user file
   */
}
 8003c98:	4770      	bx	lr

08003c9a <HAL_TIM_IC_CaptureCallback>:
  UNUSED(htim);

  /* NOTE : This function should not be modified, when the callback is needed,
            the HAL_TIM_IC_CaptureCallback could be implemented in the user file
   */
}
 8003c9a:	4770      	bx	lr

08003c9c <HAL_TIM_PWM_PulseFinishedCallback>:
  UNUSED(htim);

  /* NOTE : This function should not be modified, when the callback is needed,
            the HAL_TIM_PWM_PulseFinishedCallback could be implemented in the user file
   */
}
 8003c9c:	4770      	bx	lr

08003c9e <HAL_TIM_TriggerCallback>:
  UNUSED(htim);

  /* NOTE : This function should not be modified, when the callback is needed,
            the HAL_TIM_TriggerCallback could be implemented in the user file
   */
}
 8003c9e:	4770      	bx	lr

08003ca0 <HAL_TIM_IRQHandler>:
{
 8003ca0:	b570      	push	{r4, r5, r6, lr}
 8003ca2:	4604      	mov	r4, r0
  uint32_t itsource = htim->Instance->DIER;
 8003ca4:	6803      	ldr	r3, [r0, #0]
 8003ca6:	68de      	ldr	r6, [r3, #12]
  uint32_t itflag   = htim->Instance->SR;
 8003ca8:	691d      	ldr	r5, [r3, #16]
  if ((itflag & (TIM_FLAG_CC1)) == (TIM_FLAG_CC1))
 8003caa:	f015 0f02 	tst.w	r5, #2
 8003cae:	d010      	beq.n	8003cd2 <HAL_TIM_IRQHandler+0x32>
    if ((itsource & (TIM_IT_CC1)) == (TIM_IT_CC1))
 8003cb0:	f016 0f02 	tst.w	r6, #2
 8003cb4:	d00d      	beq.n	8003cd2 <HAL_TIM_IRQHandler+0x32>
        __HAL_TIM_CLEAR_FLAG(htim, TIM_FLAG_CC1);
 8003cb6:	f06f 0202 	mvn.w	r2, #2
 8003cba:	611a      	str	r2, [r3, #16]
        htim->Channel = HAL_TIM_ACTIVE_CHANNEL_1;
 8003cbc:	2301      	movs	r3, #1
 8003cbe:	7703      	strb	r3, [r0, #28]
        if ((htim->Instance->CCMR1 & TIM_CCMR1_CC1S) != 0x00U)
 8003cc0:	6803      	ldr	r3, [r0, #0]
 8003cc2:	699b      	ldr	r3, [r3, #24]
 8003cc4:	f013 0f03 	tst.w	r3, #3
 8003cc8:	d05e      	beq.n	8003d88 <HAL_TIM_IRQHandler+0xe8>
          HAL_TIM_IC_CaptureCallback(htim);
 8003cca:	f7ff ffe6 	bl	8003c9a <HAL_TIM_IC_CaptureCallback>
        htim->Channel = HAL_TIM_ACTIVE_CHANNEL_CLEARED;
 8003cce:	2300      	movs	r3, #0
 8003cd0:	7723      	strb	r3, [r4, #28]
  if ((itflag & (TIM_FLAG_CC2)) == (TIM_FLAG_CC2))
 8003cd2:	f015 0f04 	tst.w	r5, #4
 8003cd6:	d012      	beq.n	8003cfe <HAL_TIM_IRQHandler+0x5e>
    if ((itsource & (TIM_IT_CC2)) == (TIM_IT_CC2))
 8003cd8:	f016 0f04 	tst.w	r6, #4
 8003cdc:	d00f      	beq.n	8003cfe <HAL_TIM_IRQHandler+0x5e>
      __HAL_TIM_CLEAR_FLAG(htim, TIM_FLAG_CC2);
 8003cde:	6823      	ldr	r3, [r4, #0]
 8003ce0:	f06f 0204 	mvn.w	r2, #4
 8003ce4:	611a      	str	r2, [r3, #16]
      htim->Channel = HAL_TIM_ACTIVE_CHANNEL_2;
 8003ce6:	2302      	movs	r3, #2
 8003ce8:	7723      	strb	r3, [r4, #28]
      if ((htim->Instance->CCMR1 & TIM_CCMR1_CC2S) != 0x00U)
 8003cea:	6823      	ldr	r3, [r4, #0]
 8003cec:	699b      	ldr	r3, [r3, #24]
 8003cee:	f413 7f40 	tst.w	r3, #768	@ 0x300
 8003cf2:	d04f      	beq.n	8003d94 <HAL_TIM_IRQHandler+0xf4>
        HAL_TIM_IC_CaptureCallback(htim);
 8003cf4:	4620      	mov	r0, r4
 8003cf6:	f7ff ffd0 	bl	8003c9a <HAL_TIM_IC_CaptureCallback>
      htim->Channel = HAL_TIM_ACTIVE_CHANNEL_CLEARED;
 8003cfa:	2300      	movs	r3, #0
 8003cfc:	7723      	strb	r3, [r4, #28]
  if ((itflag & (TIM_FLAG_CC3)) == (TIM_FLAG_CC3))
 8003cfe:	f015 0f08 	tst.w	r5, #8
 8003d02:	d012      	beq.n	8003d2a <HAL_TIM_IRQHandler+0x8a>
    if ((itsource & (TIM_IT_CC3)) == (TIM_IT_CC3))
 8003d04:	f016 0f08 	tst.w	r6, #8
 8003d08:	d00f      	beq.n	8003d2a <HAL_TIM_IRQHandler+0x8a>
      __HAL_TIM_CLEAR_FLAG(htim, TIM_FLAG_CC3);
 8003d0a:	6823      	ldr	r3, [r4, #0]
 8003d0c:	f06f 0208 	mvn.w	r2, #8
 8003d10:	611a      	str	r2, [r3, #16]
      htim->Channel = HAL_TIM_ACTIVE_CHANNEL_3;
 8003d12:	2304      	movs	r3, #4
 8003d14:	7723      	strb	r3, [r4, #28]
      if ((htim->Instance->CCMR2 & TIM_CCMR2_CC3S) != 0x00U)
 8003d16:	6823      	ldr	r3, [r4, #0]
 8003d18:	69db      	ldr	r3, [r3, #28]
 8003d1a:	f013 0f03 	tst.w	r3, #3
 8003d1e:	d040      	beq.n	8003da2 <HAL_TIM_IRQHandler+0x102>
        HAL_TIM_IC_CaptureCallback(htim);
 8003d20:	4620      	mov	r0, r4
 8003d22:	f7ff ffba 	bl	8003c9a <HAL_TIM_IC_CaptureCallback>
      htim->Channel = HAL_TIM_ACTIVE_CHANNEL_CLEARED;
 8003d26:	2300      	movs	r3, #0
 8003d28:	7723      	strb	r3, [r4, #28]
  if ((itflag & (TIM_FLAG_CC4)) == (TIM_FLAG_CC4))
 8003d2a:	f015 0f10 	tst.w	r5, #16
 8003d2e:	d012      	beq.n	8003d56 <HAL_TIM_IRQHandler+0xb6>
    if ((itsource & (TIM_IT_CC4)) == (TIM_IT_CC4))
 8003d30:	f016 0f10 	tst.w	r6, #16
 8003d34:	d00f      	beq.n	8003d56 <HAL_TIM_IRQHandler+0xb6>
      __HAL_TIM_CLEAR_FLAG(htim, TIM_FLAG_CC4);
 8003d36:	6823      	ldr	r3, [r4, #0]
 8003d38:	f06f 0210 	mvn.w	r2, #16
 8003d3c:	611a      	str	r2, [r3, #16]
      htim->Channel = HAL_TIM_ACTIVE_CHANNEL_4;
 8003d3e:	2308      	movs	r3, #8
 8003d40:	7723      	strb	r3, [r4, #28]
      if ((htim->Instance->CCMR2 & TIM_CCMR2_CC4S) != 0x00U)
 8003d42:	6823      	ldr	r3, [r4, #0]
 8003d44:	69db      	ldr	r3, [r3, #28]
 8003d46:	f413 7f40 	tst.w	r3, #768	@ 0x300
 8003d4a:	d031      	beq.n	8003db0 <HAL_TIM_IRQHandler+0x110>
        HAL_TIM_IC_CaptureCallback(htim);
 8003d4c:	4620      	mov	r0, r4
 8003d4e:	f7ff ffa4 	bl	8003c9a <HAL_TIM_IC_CaptureCallback>
      htim->Channel = HAL_TIM_ACTIVE_CHANNEL_CLEARED;
 8003d52:	2300      	movs	r3, #0
 8003d54:	7723      	strb	r3, [r4, #28]
  if ((itflag & (TIM_FLAG_UPDATE)) == (TIM_FLAG_UPDATE))
 8003d56:	f015 0f01 	tst.w	r5, #1
 8003d5a:	d002      	beq.n	8003d62 <HAL_TIM_IRQHandler+0xc2>
    if ((itsource & (TIM_IT_UPDATE)) == (TIM_IT_UPDATE))
 8003d5c:	f016 0f01 	tst.w	r6, #1
 8003d60:	d12d      	bne.n	8003dbe <HAL_TIM_IRQHandler+0x11e>
  if ((itflag & (TIM_FLAG_BREAK)) == (TIM_FLAG_BREAK))
 8003d62:	f015 0f80 	tst.w	r5, #128	@ 0x80
 8003d66:	d002      	beq.n	8003d6e <HAL_TIM_IRQHandler+0xce>
    if ((itsource & (TIM_IT_BREAK)) == (TIM_IT_BREAK))
 8003d68:	f016 0f80 	tst.w	r6, #128	@ 0x80
 8003d6c:	d12f      	bne.n	8003dce <HAL_TIM_IRQHandler+0x12e>
  if ((itflag & (TIM_FLAG_TRIGGER)) == (TIM_FLAG_TRIGGER))
 8003d6e:	f015 0f40 	tst.w	r5, #64	@ 0x40
 8003d72:	d002      	beq.n	8003d7a <HAL_TIM_IRQHandler+0xda>
    if ((itsource & (TIM_IT_TRIGGER)) == (TIM_IT_TRIGGER))
 8003d74:	f016 0f40 	tst.w	r6, #64	@ 0x40
 8003d78:	d131      	bne.n	8003dde <HAL_TIM_IRQHandler+0x13e>
  if ((itflag & (TIM_FLAG_COM)) == (TIM_FLAG_COM))
 8003d7a:	f015 0f20 	tst.w	r5, #32
 8003d7e:	d002      	beq.n	8003d86 <HAL_TIM_IRQHandler+0xe6>
    if ((itsource & (TIM_IT_COM)) == (TIM_IT_COM))
 8003d80:	f016 0f20 	tst.w	r6, #32
 8003d84:	d133      	bne.n	8003dee <HAL_TIM_IRQHandler+0x14e>
}
 8003d86:	bd70      	pop	{r4, r5, r6, pc}
          HAL_TIM_OC_DelayElapsedCallback(htim);
 8003d88:	f7ff ff86 	bl	8003c98 <HAL_TIM_OC_DelayElapsedCallback>
          HAL_TIM_PWM_PulseFinishedCallback(htim);
 8003d8c:	4620      	mov	r0, r4
 8003d8e:	f7ff ff85 	bl	8003c9c <HAL_TIM_PWM_PulseFinishedCallback>
 8003d92:	e79c      	b.n	8003cce <HAL_TIM_IRQHandler+0x2e>
        HAL_TIM_OC_DelayElapsedCallback(htim);
 8003d94:	4620      	mov	r0, r4
 8003d96:	f7ff ff7f 	bl	8003c98 <HAL_TIM_OC_DelayElapsedCallback>
        HAL_TIM_PWM_PulseFinishedCallback(htim);
 8003d9a:	4620      	mov	r0, r4
 8003d9c:	f7ff ff7e 	bl	8003c9c <HAL_TIM_PWM_PulseFinishedCallback>
 8003da0:	e7ab      	b.n	8003cfa <HAL_TIM_IRQHandler+0x5a>
        HAL_TIM_OC_DelayElapsedCallback(htim);
 8003da2:	4620      	mov	r0, r4
 8003da4:	f7ff ff78 	bl	8003c98 <HAL_TIM_OC_DelayElapsedCallback>
        HAL_TIM_PWM_PulseFinishedCallback(htim);
 8003da8:	4620      	mov	r0, r4
 8003daa:	f7ff ff77 	bl	8003c9c <HAL_TIM_PWM_PulseFinishedCallback>
 8003dae:	e7ba      	b.n	8003d26 <HAL_TIM_IRQHandler+0x86>
        HAL_TIM_OC_DelayElapsedCallback(htim);
 8003db0:	4620      	mov	r0, r4
 8003db2:	f7ff ff71 	bl	8003c98 <HAL_TIM_OC_DelayElapsedCallback>
        HAL_TIM_PWM_PulseFinishedCallback(htim);
 8003db6:	4620      	mov	r0, r4
 8003db8:	f7ff ff70 	bl	8003c9c <HAL_TIM_PWM_PulseFinishedCallback>
 8003dbc:	e7c9      	b.n	8003d52 <HAL_TIM_IRQHandler+0xb2>
      __HAL_TIM_CLEAR_FLAG(htim, TIM_FLAG_UPDATE);
 8003dbe:	6823      	ldr	r3, [r4, #0]
 8003dc0:	f06f 0201 	mvn.w	r2, #1
 8003dc4:	611a      	str	r2, [r3, #16]
      HAL_TIM_PeriodElapsedCallback(htim);
 8003dc6:	4620      	mov	r0, r4
 8003dc8:	f7fc fee8 	bl	8000b9c <HAL_TIM_PeriodElapsedCallback>
 8003dcc:	e7c9      	b.n	8003d62 <HAL_TIM_IRQHandler+0xc2>
      __HAL_TIM_CLEAR_FLAG(htim, TIM_FLAG_BREAK);
 8003dce:	6823      	ldr	r3, [r4, #0]
 8003dd0:	f06f 0280 	mvn.w	r2, #128	@ 0x80
 8003dd4:	611a      	str	r2, [r3, #16]
      HAL_TIMEx_BreakCallback(htim);
 8003dd6:	4620      	mov	r0, r4
 8003dd8:	f000 f8a7 	bl	8003f2a <HAL_TIMEx_BreakCallback>
 8003ddc:	e7c7      	b.n	8003d6e <HAL_TIM_IRQHandler+0xce>
      __HAL_TIM_CLEAR_FLAG(htim, TIM_FLAG_TRIGGER);
 8003dde:	6823      	ldr	r3, [r4, #0]
 8003de0:	f06f 0240 	mvn.w	r2, #64	@ 0x40
 8003de4:	611a      	str	r2, [r3, #16]
      HAL_TIM_TriggerCallback(htim);
 8003de6:	4620      	mov	r0, r4
 8003de8:	f7ff ff59 	bl	8003c9e <HAL_TIM_TriggerCallback>
 8003dec:	e7c5      	b.n	8003d7a <HAL_TIM_IRQHandler+0xda>
      __HAL_TIM_CLEAR_FLAG(htim, TIM_FLAG_COM);
 8003dee:	6823      	ldr	r3, [r4, #0]
 8003df0:	f06f 0220 	mvn.w	r2, #32
 8003df4:	611a      	str	r2, [r3, #16]
      HAL_TIMEx_CommutCallback(htim);
 8003df6:	4620      	mov	r0, r4
 8003df8:	f000 f896 	bl	8003f28 <HAL_TIMEx_CommutCallback>
}
 8003dfc:	e7c3      	b.n	8003d86 <HAL_TIM_IRQHandler+0xe6>
	...

08003e00 <TIM_Base_SetConfig>:
  * @retval None
  */
void TIM_Base_SetConfig(TIM_TypeDef *TIMx, const TIM_Base_InitTypeDef *Structure)
{
  uint32_t tmpcr1;
  tmpcr1 = TIMx->CR1;
 8003e00:	6803      	ldr	r3, [r0, #0]

  /* Set TIM Time Base Unit parameters ---------------------------------------*/
  if (IS_TIM_COUNTER_MODE_SELECT_INSTANCE(TIMx))
 8003e02:	4a32      	ldr	r2, [pc, #200]	@ (8003ecc <TIM_Base_SetConfig+0xcc>)
 8003e04:	4290      	cmp	r0, r2
 8003e06:	d012      	beq.n	8003e2e <TIM_Base_SetConfig+0x2e>
 8003e08:	f1b0 4f80 	cmp.w	r0, #1073741824	@ 0x40000000
 8003e0c:	d00f      	beq.n	8003e2e <TIM_Base_SetConfig+0x2e>
 8003e0e:	f5a2 427c 	sub.w	r2, r2, #64512	@ 0xfc00
 8003e12:	4290      	cmp	r0, r2
 8003e14:	d00b      	beq.n	8003e2e <TIM_Base_SetConfig+0x2e>
 8003e16:	f502 6280 	add.w	r2, r2, #1024	@ 0x400
 8003e1a:	4290      	cmp	r0, r2
 8003e1c:	d007      	beq.n	8003e2e <TIM_Base_SetConfig+0x2e>
 8003e1e:	f502 6280 	add.w	r2, r2, #1024	@ 0x400
 8003e22:	4290      	cmp	r0, r2
 8003e24:	d003      	beq.n	8003e2e <TIM_Base_SetConfig+0x2e>
 8003e26:	f502 4278 	add.w	r2, r2, #63488	@ 0xf800
 8003e2a:	4290      	cmp	r0, r2
 8003e2c:	d103      	bne.n	8003e36 <TIM_Base_SetConfig+0x36>
  {
    /* Select the Counter Mode */
    tmpcr1 &= ~(TIM_CR1_DIR | TIM_CR1_CMS);
 8003e2e:	f023 0370 	bic.w	r3, r3, #112	@ 0x70
    tmpcr1 |= Structure->CounterMode;
 8003e32:	684a      	ldr	r2, [r1, #4]
 8003e34:	4313      	orrs	r3, r2
  }

  if (IS_TIM_CLOCK_DIVISION_INSTANCE(TIMx))
 8003e36:	4a25      	ldr	r2, [pc, #148]	@ (8003ecc <TIM_Base_SetConfig+0xcc>)
 8003e38:	4290      	cmp	r0, r2
 8003e3a:	d02a      	beq.n	8003e92 <TIM_Base_SetConfig+0x92>
 8003e3c:	f1b0 4f80 	cmp.w	r0, #1073741824	@ 0x40000000
 8003e40:	d027      	beq.n	8003e92 <TIM_Base_SetConfig+0x92>
 8003e42:	f5a2 427c 	sub.w	r2, r2, #64512	@ 0xfc00
 8003e46:	4290      	cmp	r0, r2
 8003e48:	d023      	beq.n	8003e92 <TIM_Base_SetConfig+0x92>
 8003e4a:	f502 6280 	add.w	r2, r2, #1024	@ 0x400
 8003e4e:	4290      	cmp	r0, r2
 8003e50:	d01f      	beq.n	8003e92 <TIM_Base_SetConfig+0x92>
 8003e52:	f502 6280 	add.w	r2, r2, #1024	@ 0x400
 8003e56:	4290      	cmp	r0, r2
 8003e58:	d01b      	beq.n	8003e92 <TIM_Base_SetConfig+0x92>
 8003e5a:	f502 4278 	add.w	r2, r2, #63488	@ 0xf800
 8003e5e:	4290      	cmp	r0, r2
 8003e60:	d017      	beq.n	8003e92 <TIM_Base_SetConfig+0x92>
 8003e62:	f502 5270 	add.w	r2, r2, #15360	@ 0x3c00
 8003e66:	4290      	cmp	r0, r2
 8003e68:	d013      	beq.n	8003e92 <TIM_Base_SetConfig+0x92>
 8003e6a:	f502 6280 	add.w	r2, r2, #1024	@ 0x400
 8003e6e:	4290      	cmp	r0, r2
 8003e70:	d00f      	beq.n	8003e92 <TIM_Base_SetConfig+0x92>
 8003e72:	f502 6280 	add.w	r2, r2, #1024	@ 0x400
 8003e76:	4290      	cmp	r0, r2
 8003e78:	d00b      	beq.n	8003e92 <TIM_Base_SetConfig+0x92>
 8003e7a:	f5a2 3298 	sub.w	r2, r2, #77824	@ 0x13000
 8003e7e:	4290      	cmp	r0, r2
 8003e80:	d007      	beq.n	8003e92 <TIM_Base_SetConfig+0x92>
 8003e82:	f502 6280 	add.w	r2, r2, #1024	@ 0x400
 8003e86:	4290      	cmp	r0, r2
 8003e88:	d003      	beq.n	8003e92 <TIM_Base_SetConfig+0x92>
 8003e8a:	f502 6280 	add.w	r2, r2, #1024	@ 0x400
 8003e8e:	4290      	cmp	r0, r2
 8003e90:	d103      	bne.n	8003e9a <TIM_Base_SetConfig+0x9a>
  {
    /* Set the clock division */
    tmpcr1 &= ~TIM_CR1_CKD;
 8003e92:	f423 7340 	bic.w	r3, r3, #768	@ 0x300
    tmpcr1 |= (uint32_t)Structure->ClockDivision;
 8003e96:	68ca      	ldr	r2, [r1, #12]
 8003e98:	4313      	orrs	r3, r2
  }

  /* Set the auto-reload preload */
  MODIFY_REG(tmpcr1, TIM_CR1_ARPE, Structure->AutoReloadPreload);
 8003e9a:	f023 0380 	bic.w	r3, r3, #128	@ 0x80
 8003e9e:	694a      	ldr	r2, [r1, #20]
 8003ea0:	4313      	orrs	r3, r2

  /* Set the Autoreload value */
  TIMx->ARR = (uint32_t)Structure->Period ;
 8003ea2:	688a      	ldr	r2, [r1, #8]
 8003ea4:	62c2      	str	r2, [r0, #44]	@ 0x2c

  /* Set the Prescaler value */
  TIMx->PSC = Structure->Prescaler;
 8003ea6:	680a      	ldr	r2, [r1, #0]
 8003ea8:	6282      	str	r2, [r0, #40]	@ 0x28

  if (IS_TIM_REPETITION_COUNTER_INSTANCE(TIMx))
 8003eaa:	4a08      	ldr	r2, [pc, #32]	@ (8003ecc <TIM_Base_SetConfig+0xcc>)
 8003eac:	4290      	cmp	r0, r2
 8003eae:	d003      	beq.n	8003eb8 <TIM_Base_SetConfig+0xb8>
 8003eb0:	f502 6280 	add.w	r2, r2, #1024	@ 0x400
 8003eb4:	4290      	cmp	r0, r2
 8003eb6:	d101      	bne.n	8003ebc <TIM_Base_SetConfig+0xbc>
  {
    /* Set the Repetition Counter value */
    TIMx->RCR = Structure->RepetitionCounter;
 8003eb8:	690a      	ldr	r2, [r1, #16]
 8003eba:	6302      	str	r2, [r0, #48]	@ 0x30
  }

  /* Disable Update Event (UEV) with Update Generation (UG)
     by changing Update Request Source (URS) to avoid Update flag (UIF) */
  SET_BIT(TIMx->CR1, TIM_CR1_URS);
 8003ebc:	6802      	ldr	r2, [r0, #0]
 8003ebe:	f042 0204 	orr.w	r2, r2, #4
 8003ec2:	6002      	str	r2, [r0, #0]

  /* Generate an update event to reload the Prescaler
     and the repetition counter (only for advanced timer) value immediately */
  TIMx->EGR = TIM_EGR_UG;
 8003ec4:	2201      	movs	r2, #1
 8003ec6:	6142      	str	r2, [r0, #20]

  TIMx->CR1 = tmpcr1;
 8003ec8:	6003      	str	r3, [r0, #0]
}
 8003eca:	4770      	bx	lr
 8003ecc:	40010000 	.word	0x40010000

08003ed0 <HAL_TIM_Base_Init>:
  if (htim == NULL)
 8003ed0:	b340      	cbz	r0, 8003f24 <HAL_TIM_Base_Init+0x54>
{
 8003ed2:	b510      	push	{r4, lr}
 8003ed4:	4604      	mov	r4, r0
  if (htim->State == HAL_TIM_STATE_RESET)
 8003ed6:	f890 303d 	ldrb.w	r3, [r0, #61]	@ 0x3d
 8003eda:	b1f3      	cbz	r3, 8003f1a <HAL_TIM_Base_Init+0x4a>
  htim->State = HAL_TIM_STATE_BUSY;
 8003edc:	2302      	movs	r3, #2
 8003ede:	f884 303d 	strb.w	r3, [r4, #61]	@ 0x3d
  TIM_Base_SetConfig(htim->Instance, &htim->Init);
 8003ee2:	4621      	mov	r1, r4
 8003ee4:	f851 0b04 	ldr.w	r0, [r1], #4
 8003ee8:	f7ff ff8a 	bl	8003e00 <TIM_Base_SetConfig>
  htim->DMABurstState = HAL_DMA_BURST_STATE_READY;
 8003eec:	2301      	movs	r3, #1
 8003eee:	f884 3046 	strb.w	r3, [r4, #70]	@ 0x46
  TIM_CHANNEL_STATE_SET_ALL(htim, HAL_TIM_CHANNEL_STATE_READY);
 8003ef2:	f884 303e 	strb.w	r3, [r4, #62]	@ 0x3e
 8003ef6:	f884 303f 	strb.w	r3, [r4, #63]	@ 0x3f
 8003efa:	f884 3040 	strb.w	r3, [r4, #64]	@ 0x40
 8003efe:	f884 3041 	strb.w	r3, [r4, #65]	@ 0x41
  TIM_CHANNEL_N_STATE_SET_ALL(htim, HAL_TIM_CHANNEL_STATE_READY);
 8003f02:	f884 3042 	strb.w	r3, [r4, #66]	@ 0x42
 8003f06:	f884 3043 	strb.w	r3, [r4, #67]	@ 0x43
 8003f0a:	f884 3044 	strb.w	r3, [r4, #68]	@ 0x44
 8003f0e:	f884 3045 	strb.w	r3, [r4, #69]	@ 0x45
  htim->State = HAL_TIM_STATE_READY;
 8003f12:	f884 303d 	strb.w	r3, [r4, #61]	@ 0x3d
  return HAL_OK;
 8003f16:	2000      	movs	r0, #0
}
 8003f18:	bd10      	pop	{r4, pc}
    htim->Lock = HAL_UNLOCKED;
 8003f1a:	f880 303c 	strb.w	r3, [r0, #60]	@ 0x3c
    HAL_TIM_Base_MspInit(htim);
 8003f1e:	f7ff fe78 	bl	8003c12 <HAL_TIM_Base_MspInit>
 8003f22:	e7db      	b.n	8003edc <HAL_TIM_Base_Init+0xc>
    return HAL_ERROR;
 8003f24:	2001      	movs	r0, #1
}
 8003f26:	4770      	bx	lr

08003f28 <HAL_TIMEx_CommutCallback>:
  UNUSED(htim);

  /* NOTE : This function should not be modified, when the callback is needed,
            the HAL_TIMEx_CommutCallback could be implemented in the user file
   */
}
 8003f28:	4770      	bx	lr

08003f2a <HAL_TIMEx_BreakCallback>:
  UNUSED(htim);

  /* NOTE : This function should not be modified, when the callback is needed,
            the HAL_TIMEx_BreakCallback could be implemented in the user file
   */
}
 8003f2a:	4770      	bx	lr

08003f2c <HAL_InitTick>:
  *         reset by HAL_Init() or at any time when clock is configured, by HAL_RCC_ClockConfig().
  * @param  TickPriority: Tick interrupt priority.
  * @retval HAL status
  */
HAL_StatusTypeDef HAL_InitTick(uint32_t TickPriority)
{
 8003f2c:	b530      	push	{r4, r5, lr}
 8003f2e:	b089      	sub	sp, #36	@ 0x24
 8003f30:	4605      	mov	r5, r0
  uint32_t              pFLatency;

  HAL_StatusTypeDef     status;

  /* Enable TIM1 clock */
  __HAL_RCC_TIM1_CLK_ENABLE();
 8003f32:	2400      	movs	r4, #0
 8003f34:	9401      	str	r4, [sp, #4]
 8003f36:	4b1e      	ldr	r3, [pc, #120]	@ (8003fb0 <HAL_InitTick+0x84>)
 8003f38:	6c5a      	ldr	r2, [r3, #68]	@ 0x44
 8003f3a:	f042 0201 	orr.w	r2, r2, #1
 8003f3e:	645a      	str	r2, [r3, #68]	@ 0x44
 8003f40:	6c5b      	ldr	r3, [r3, #68]	@ 0x44
 8003f42:	f003 0301 	and.w	r3, r3, #1
 8003f46:	9301      	str	r3, [sp, #4]
 8003f48:	9b01      	ldr	r3, [sp, #4]

  /* Get clock configuration */
  HAL_RCC_GetClockConfig(&clkconfig, &pFLatency);
 8003f4a:	a902      	add	r1, sp, #8
 8003f4c:	a803      	add	r0, sp, #12
 8003f4e:	f7ff fa1f 	bl	8003390 <HAL_RCC_GetClockConfig>

  /* Compute TIM1 clock */
      uwTimclock = 2*HAL_RCC_GetPCLK2Freq();
 8003f52:	f7ff fa0d 	bl	8003370 <HAL_RCC_GetPCLK2Freq>
 8003f56:	0043      	lsls	r3, r0, #1

  /* Compute the prescaler value to have TIM1 counter clock equal to 1MHz */
  uwPrescalerValue = (uint32_t) ((uwTimclock / 1000000U) - 1U);
 8003f58:	4a16      	ldr	r2, [pc, #88]	@ (8003fb4 <HAL_InitTick+0x88>)
 8003f5a:	fba2 2303 	umull	r2, r3, r2, r3
 8003f5e:	0c9b      	lsrs	r3, r3, #18
 8003f60:	3b01      	subs	r3, #1

  /* Initialize TIM1 */
  htim1.Instance = TIM1;
 8003f62:	4815      	ldr	r0, [pc, #84]	@ (8003fb8 <HAL_InitTick+0x8c>)
 8003f64:	4a15      	ldr	r2, [pc, #84]	@ (8003fbc <HAL_InitTick+0x90>)
 8003f66:	6002      	str	r2, [r0, #0]
   * Period = [(TIM1CLK/1000) - 1]. to have a (1/1000) s time base.
   * Prescaler = (uwTimclock/1000000 - 1) to have a 1MHz counter clock.
   * ClockDivision = 0
   * Counter direction = Up
   */
  htim1.Init.Period = (1000000U / 1000U) - 1U;
 8003f68:	f240 32e7 	movw	r2, #999	@ 0x3e7
 8003f6c:	60c2      	str	r2, [r0, #12]
  htim1.Init.Prescaler = uwPrescalerValue;
 8003f6e:	6043      	str	r3, [r0, #4]
  htim1.Init.ClockDivision = 0;
 8003f70:	6104      	str	r4, [r0, #16]
  htim1.Init.CounterMode = TIM_COUNTERMODE_UP;
 8003f72:	6084      	str	r4, [r0, #8]
  htim1.Init.AutoReloadPreload = TIM_AUTORELOAD_PRELOAD_DISABLE;
 8003f74:	6184      	str	r4, [r0, #24]

  status = HAL_TIM_Base_Init(&htim1);
 8003f76:	f7ff ffab 	bl	8003ed0 <HAL_TIM_Base_Init>
  if (status == HAL_OK)
 8003f7a:	4604      	mov	r4, r0
 8003f7c:	b110      	cbz	r0, 8003f84 <HAL_InitTick+0x58>
    }
  }

 /* Return function status */
  return status;
}
 8003f7e:	4620      	mov	r0, r4
 8003f80:	b009      	add	sp, #36	@ 0x24
 8003f82:	bd30      	pop	{r4, r5, pc}
    status = HAL_TIM_Base_Start_IT(&htim1);
 8003f84:	480c      	ldr	r0, [pc, #48]	@ (8003fb8 <HAL_InitTick+0x8c>)
 8003f86:	f7ff fe45 	bl	8003c14 <HAL_TIM_Base_Start_IT>
    if (status == HAL_OK)
 8003f8a:	4604      	mov	r4, r0
 8003f8c:	2800      	cmp	r0, #0
 8003f8e:	d1f6      	bne.n	8003f7e <HAL_InitTick+0x52>
        HAL_NVIC_EnableIRQ(TIM1_UP_TIM10_IRQn);
 8003f90:	2019      	movs	r0, #25
 8003f92:	f7fd fced 	bl	8001970 <HAL_NVIC_EnableIRQ>
      if (TickPriority < (1UL << __NVIC_PRIO_BITS))
 8003f96:	2d0f      	cmp	r5, #15
 8003f98:	d901      	bls.n	8003f9e <HAL_InitTick+0x72>
        status = HAL_ERROR;
 8003f9a:	2401      	movs	r4, #1
 8003f9c:	e7ef      	b.n	8003f7e <HAL_InitTick+0x52>
        HAL_NVIC_SetPriority(TIM1_UP_TIM10_IRQn, TickPriority, 0U);
 8003f9e:	2200      	movs	r2, #0
 8003fa0:	4629      	mov	r1, r5
 8003fa2:	2019      	movs	r0, #25
 8003fa4:	f7fd fcd4 	bl	8001950 <HAL_NVIC_SetPriority>
        uwTickPrio = TickPriority;
 8003fa8:	4b05      	ldr	r3, [pc, #20]	@ (8003fc0 <HAL_InitTick+0x94>)
 8003faa:	601d      	str	r5, [r3, #0]
 8003fac:	e7e7      	b.n	8003f7e <HAL_InitTick+0x52>
 8003fae:	bf00      	nop
 8003fb0:	40023800 	.word	0x40023800
 8003fb4:	431bde83 	.word	0x431bde83
 8003fb8:	20004ae8 	.word	0x20004ae8
 8003fbc:	40010000 	.word	0x40010000
 8003fc0:	20000014 	.word	0x20000014

08003fc4 <NMI_Handler>:
{
  /* USER CODE BEGIN NonMaskableInt_IRQn 0 */

  /* USER CODE END NonMaskableInt_IRQn 0 */
  /* USER CODE BEGIN NonMaskableInt_IRQn 1 */
   while (1)
 8003fc4:	e7fe      	b.n	8003fc4 <NMI_Handler>

08003fc6 <HardFault_Handler>:
void HardFault_Handler(void)
{
  /* USER CODE BEGIN HardFault_IRQn 0 */

  /* USER CODE END HardFault_IRQn 0 */
  while (1)
 8003fc6:	e7fe      	b.n	8003fc6 <HardFault_Handler>

08003fc8 <MemManage_Handler>:
void MemManage_Handler(void)
{
  /* USER CODE BEGIN MemoryManagement_IRQn 0 */

  /* USER CODE END MemoryManagement_IRQn 0 */
  while (1)
 8003fc8:	e7fe      	b.n	8003fc8 <MemManage_Handler>

08003fca <BusFault_Handler>:
void BusFault_Handler(void)
{
  /* USER CODE BEGIN BusFault_IRQn 0 */

  /* USER CODE END BusFault_IRQn 0 */
  while (1)
 8003fca:	e7fe      	b.n	8003fca <BusFault_Handler>

08003fcc <UsageFault_Handler>:
void UsageFault_Handler(void)
{
  /* USER CODE BEGIN UsageFault_IRQn 0 */

  /* USER CODE END UsageFault_IRQn 0 */
  while (1)
 8003fcc:	e7fe      	b.n	8003fcc <UsageFault_Handler>

08003fce <DebugMon_Handler>:

  /* USER CODE END DebugMonitor_IRQn 0 */
  /* USER CODE BEGIN DebugMonitor_IRQn 1 */

  /* USER CODE END DebugMonitor_IRQn 1 */
}
 8003fce:	4770      	bx	lr

08003fd0 <DMA1_Stream0_IRQHandler>:

/**
  * @brief This function handles DMA1 stream0 global interrupt.
  */
void DMA1_Stream0_IRQHandler(void)
{
 8003fd0:	b508      	push	{r3, lr}
  /* USER CODE BEGIN DMA1_Stream0_IRQn 0 */

  /* USER CODE END DMA1_Stream0_IRQn 0 */
  HAL_DMA_IRQHandler(&hdma_i2s3_ext_rx);
 8003fd2:	4802      	ldr	r0, [pc, #8]	@ (8003fdc <DMA1_Stream0_IRQHandler+0xc>)
 8003fd4:	f7fd fdf0 	bl	8001bb8 <HAL_DMA_IRQHandler>
  /* USER CODE BEGIN DMA1_Stream0_IRQn 1 */

  /* USER CODE END DMA1_Stream0_IRQn 1 */
}
 8003fd8:	bd08      	pop	{r3, pc}
 8003fda:	bf00      	nop
 8003fdc:	200049e0 	.word	0x200049e0

08003fe0 <DMA1_Stream5_IRQHandler>:

/**
  * @brief This function handles DMA1 stream5 global interrupt.
  */
void DMA1_Stream5_IRQHandler(void)
{
 8003fe0:	b508      	push	{r3, lr}
  /* USER CODE BEGIN DMA1_Stream5_IRQn 0 */

  /* USER CODE END DMA1_Stream5_IRQn 0 */
  HAL_DMA_IRQHandler(&hdma_spi3_tx);
 8003fe2:	4802      	ldr	r0, [pc, #8]	@ (8003fec <DMA1_Stream5_IRQHandler+0xc>)
 8003fe4:	f7fd fde8 	bl	8001bb8 <HAL_DMA_IRQHandler>
  /* USER CODE BEGIN DMA1_Stream5_IRQn 1 */

  /* USER CODE END DMA1_Stream5_IRQn 1 */
}
 8003fe8:	bd08      	pop	{r3, pc}
 8003fea:	bf00      	nop
 8003fec:	20004980 	.word	0x20004980

08003ff0 <TIM1_UP_TIM10_IRQHandler>:

/**
  * @brief This function handles TIM1 update interrupt and TIM10 global interrupt.
  */
void TIM1_UP_TIM10_IRQHandler(void)
{
 8003ff0:	b508      	push	{r3, lr}
  /* USER CODE BEGIN TIM1_UP_TIM10_IRQn 0 */

  /* USER CODE END TIM1_UP_TIM10_IRQn 0 */
  HAL_TIM_IRQHandler(&htim1);
 8003ff2:	4802      	ldr	r0, [pc, #8]	@ (8003ffc <TIM1_UP_TIM10_IRQHandler+0xc>)
 8003ff4:	f7ff fe54 	bl	8003ca0 <HAL_TIM_IRQHandler>
  /* USER CODE BEGIN TIM1_UP_TIM10_IRQn 1 */

  /* USER CODE END TIM1_UP_TIM10_IRQn 1 */
}
 8003ff8:	bd08      	pop	{r3, pc}
 8003ffa:	bf00      	nop
 8003ffc:	20004ae8 	.word	0x20004ae8

08004000 <SystemInit>:
  */
void SystemInit(void)
{
  /* FPU settings ------------------------------------------------------------*/
  #if (__FPU_PRESENT == 1) && (__FPU_USED == 1)
    SCB->CPACR |= ((3UL << 10*2)|(3UL << 11*2));  /* set CP10 and CP11 Full Access */
 8004000:	4a03      	ldr	r2, [pc, #12]	@ (8004010 <SystemInit+0x10>)
 8004002:	f8d2 3088 	ldr.w	r3, [r2, #136]	@ 0x88
 8004006:	f443 0370 	orr.w	r3, r3, #15728640	@ 0xf00000
 800400a:	f8c2 3088 	str.w	r3, [r2, #136]	@ 0x88

  /* Configure the Vector Table location -------------------------------------*/
#if defined(USER_VECT_TAB_ADDRESS)
  SCB->VTOR = VECT_TAB_BASE_ADDRESS | VECT_TAB_OFFSET; /* Vector Table Relocation in Internal SRAM */
#endif /* USER_VECT_TAB_ADDRESS */
}
 800400e:	4770      	bx	lr
 8004010:	e000ed00 	.word	0xe000ed00

08004014 <prvResetNextTaskUnblockTime>:

static void prvResetNextTaskUnblockTime( void )
{
TCB_t *pxTCB;

	if( listLIST_IS_EMPTY( pxDelayedTaskList ) != pdFALSE )
 8004014:	4b08      	ldr	r3, [pc, #32]	@ (8004038 <prvResetNextTaskUnblockTime+0x24>)
 8004016:	681b      	ldr	r3, [r3, #0]
 8004018:	681b      	ldr	r3, [r3, #0]
 800401a:	b923      	cbnz	r3, 8004026 <prvResetNextTaskUnblockTime+0x12>
	{
		/* The new current delayed list is empty.  Set xNextTaskUnblockTime to
		the maximum possible value so it is	extremely unlikely that the
		if( xTickCount >= xNextTaskUnblockTime ) test will pass until
		there is an item in the delayed list. */
		xNextTaskUnblockTime = portMAX_DELAY;
 800401c:	4b07      	ldr	r3, [pc, #28]	@ (800403c <prvResetNextTaskUnblockTime+0x28>)
 800401e:	f04f 32ff 	mov.w	r2, #4294967295
 8004022:	601a      	str	r2, [r3, #0]
 8004024:	4770      	bx	lr
	{
		/* The new current delayed list is not empty, get the value of
		the item at the head of the delayed list.  This is the time at
		which the task at the head of the delayed list should be removed
		from the Blocked state. */
		( pxTCB ) = listGET_OWNER_OF_HEAD_ENTRY( pxDelayedTaskList ); /*lint !e9079 void * is used as this macro is used with timers and co-routines too.  Alignment is known to be fine as the type of the pointer stored and retrieved is the same. */
 8004026:	4b04      	ldr	r3, [pc, #16]	@ (8004038 <prvResetNextTaskUnblockTime+0x24>)
 8004028:	681b      	ldr	r3, [r3, #0]
 800402a:	68db      	ldr	r3, [r3, #12]
 800402c:	68db      	ldr	r3, [r3, #12]
		xNextTaskUnblockTime = listGET_LIST_ITEM_VALUE( &( ( pxTCB )->xStateListItem ) );
 800402e:	685a      	ldr	r2, [r3, #4]
 8004030:	4b02      	ldr	r3, [pc, #8]	@ (800403c <prvResetNextTaskUnblockTime+0x28>)
 8004032:	601a      	str	r2, [r3, #0]
	}
}
 8004034:	4770      	bx	lr
 8004036:	bf00      	nop
 8004038:	20004ba0 	.word	0x20004ba0
 800403c:	20004b38 	.word	0x20004b38

08004040 <prvInitialiseNewTask>:
{
 8004040:	e92d 43f8 	stmdb	sp!, {r3, r4, r5, r6, r7, r8, r9, lr}
 8004044:	4680      	mov	r8, r0
 8004046:	4699      	mov	r9, r3
 8004048:	9d08      	ldr	r5, [sp, #32]
 800404a:	9c0a      	ldr	r4, [sp, #40]	@ 0x28
		pxTopOfStack = &( pxNewTCB->pxStack[ ulStackDepth - ( uint32_t ) 1 ] );
 800404c:	6b23      	ldr	r3, [r4, #48]	@ 0x30
 800404e:	f102 4280 	add.w	r2, r2, #1073741824	@ 0x40000000
 8004052:	3a01      	subs	r2, #1
 8004054:	eb03 0382 	add.w	r3, r3, r2, lsl #2
		pxTopOfStack = ( StackType_t * ) ( ( ( portPOINTER_SIZE_TYPE ) pxTopOfStack ) & ( ~( ( portPOINTER_SIZE_TYPE ) portBYTE_ALIGNMENT_MASK ) ) ); /*lint !e923 !e9033 !e9078 MISRA exception.  Avoiding casts between pointers and integers is not practical.  Size differences accounted for using portPOINTER_SIZE_TYPE type.  Checked by assert(). */
 8004058:	f023 0307 	bic.w	r3, r3, #7
 800405c:	461f      	mov	r7, r3
	if( pcName != NULL )
 800405e:	b399      	cbz	r1, 80040c8 <prvInitialiseNewTask+0x88>
 8004060:	4608      	mov	r0, r1
		for( x = ( UBaseType_t ) 0; x < ( UBaseType_t ) configMAX_TASK_NAME_LEN; x++ )
 8004062:	f04f 0c00 	mov.w	ip, #0
 8004066:	f1bc 0f0f 	cmp.w	ip, #15
 800406a:	d809      	bhi.n	8004080 <prvInitialiseNewTask+0x40>
			pxNewTCB->pcTaskName[ x ] = pcName[ x ];
 800406c:	f810 200c 	ldrb.w	r2, [r0, ip]
 8004070:	eb04 030c 	add.w	r3, r4, ip
 8004074:	f883 2034 	strb.w	r2, [r3, #52]	@ 0x34
			if( pcName[ x ] == ( char ) 0x00 )
 8004078:	b112      	cbz	r2, 8004080 <prvInitialiseNewTask+0x40>
		for( x = ( UBaseType_t ) 0; x < ( UBaseType_t ) configMAX_TASK_NAME_LEN; x++ )
 800407a:	f10c 0c01 	add.w	ip, ip, #1
 800407e:	e7f2      	b.n	8004066 <prvInitialiseNewTask+0x26>
		pxNewTCB->pcTaskName[ configMAX_TASK_NAME_LEN - 1 ] = '\0';
 8004080:	2300      	movs	r3, #0
 8004082:	f884 3043 	strb.w	r3, [r4, #67]	@ 0x43
	if( uxPriority >= ( UBaseType_t ) configMAX_PRIORITIES )
 8004086:	2d06      	cmp	r5, #6
 8004088:	d900      	bls.n	800408c <prvInitialiseNewTask+0x4c>
		uxPriority = ( UBaseType_t ) configMAX_PRIORITIES - ( UBaseType_t ) 1U;
 800408a:	2506      	movs	r5, #6
	pxNewTCB->uxPriority = uxPriority;
 800408c:	62e5      	str	r5, [r4, #44]	@ 0x2c
		pxNewTCB->uxBasePriority = uxPriority;
 800408e:	6465      	str	r5, [r4, #68]	@ 0x44
		pxNewTCB->uxMutexesHeld = 0;
 8004090:	2600      	movs	r6, #0
 8004092:	64a6      	str	r6, [r4, #72]	@ 0x48
	vListInitialiseItem( &( pxNewTCB->xStateListItem ) );
 8004094:	1d20      	adds	r0, r4, #4
 8004096:	f7fc fc44 	bl	8000922 <vListInitialiseItem>
	vListInitialiseItem( &( pxNewTCB->xEventListItem ) );
 800409a:	f104 0018 	add.w	r0, r4, #24
 800409e:	f7fc fc40 	bl	8000922 <vListInitialiseItem>
	listSET_LIST_ITEM_OWNER( &( pxNewTCB->xStateListItem ), pxNewTCB );
 80040a2:	6124      	str	r4, [r4, #16]
	listSET_LIST_ITEM_VALUE( &( pxNewTCB->xEventListItem ), ( TickType_t ) configMAX_PRIORITIES - ( TickType_t ) uxPriority ); /*lint !e961 MISRA exception as the casts are only redundant for some ports. */
 80040a4:	f1c5 0507 	rsb	r5, r5, #7
 80040a8:	61a5      	str	r5, [r4, #24]
	listSET_LIST_ITEM_OWNER( &( pxNewTCB->xEventListItem ), pxNewTCB );
 80040aa:	6264      	str	r4, [r4, #36]	@ 0x24
		pxNewTCB->ulNotifiedValue = 0;
 80040ac:	64e6      	str	r6, [r4, #76]	@ 0x4c
		pxNewTCB->ucNotifyState = taskNOT_WAITING_NOTIFICATION;
 80040ae:	f884 6050 	strb.w	r6, [r4, #80]	@ 0x50
			pxNewTCB->pxTopOfStack = pxPortInitialiseStack( pxTopOfStack, pxTaskCode, pvParameters );
 80040b2:	464a      	mov	r2, r9
 80040b4:	4641      	mov	r1, r8
 80040b6:	4638      	mov	r0, r7
 80040b8:	f7fc feea 	bl	8000e90 <pxPortInitialiseStack>
 80040bc:	6020      	str	r0, [r4, #0]
	if( pxCreatedTask != NULL )
 80040be:	9b09      	ldr	r3, [sp, #36]	@ 0x24
 80040c0:	b103      	cbz	r3, 80040c4 <prvInitialiseNewTask+0x84>
		*pxCreatedTask = ( TaskHandle_t ) pxNewTCB;
 80040c2:	601c      	str	r4, [r3, #0]
}
 80040c4:	e8bd 83f8 	ldmia.w	sp!, {r3, r4, r5, r6, r7, r8, r9, pc}
		pxNewTCB->pcTaskName[ 0 ] = 0x00;
 80040c8:	2300      	movs	r3, #0
 80040ca:	f884 3034 	strb.w	r3, [r4, #52]	@ 0x34
 80040ce:	e7da      	b.n	8004086 <prvInitialiseNewTask+0x46>

080040d0 <prvInitialiseTaskLists>:
{
 80040d0:	b538      	push	{r3, r4, r5, lr}
	for( uxPriority = ( UBaseType_t ) 0U; uxPriority < ( UBaseType_t ) configMAX_PRIORITIES; uxPriority++ )
 80040d2:	2400      	movs	r4, #0
 80040d4:	e007      	b.n	80040e6 <prvInitialiseTaskLists+0x16>
		vListInitialise( &( pxReadyTasksLists[ uxPriority ] ) );
 80040d6:	eb04 0084 	add.w	r0, r4, r4, lsl #2
 80040da:	4b0f      	ldr	r3, [pc, #60]	@ (8004118 <prvInitialiseTaskLists+0x48>)
 80040dc:	eb03 0080 	add.w	r0, r3, r0, lsl #2
 80040e0:	f7fc fc14 	bl	800090c <vListInitialise>
	for( uxPriority = ( UBaseType_t ) 0U; uxPriority < ( UBaseType_t ) configMAX_PRIORITIES; uxPriority++ )
 80040e4:	3401      	adds	r4, #1
 80040e6:	2c06      	cmp	r4, #6
 80040e8:	d9f5      	bls.n	80040d6 <prvInitialiseTaskLists+0x6>
	vListInitialise( &xDelayedTaskList1 );
 80040ea:	4d0c      	ldr	r5, [pc, #48]	@ (800411c <prvInitialiseTaskLists+0x4c>)
 80040ec:	4628      	mov	r0, r5
 80040ee:	f7fc fc0d 	bl	800090c <vListInitialise>
	vListInitialise( &xDelayedTaskList2 );
 80040f2:	4c0b      	ldr	r4, [pc, #44]	@ (8004120 <prvInitialiseTaskLists+0x50>)
 80040f4:	4620      	mov	r0, r4
 80040f6:	f7fc fc09 	bl	800090c <vListInitialise>
	vListInitialise( &xPendingReadyList );
 80040fa:	480a      	ldr	r0, [pc, #40]	@ (8004124 <prvInitialiseTaskLists+0x54>)
 80040fc:	f7fc fc06 	bl	800090c <vListInitialise>
		vListInitialise( &xTasksWaitingTermination );
 8004100:	4809      	ldr	r0, [pc, #36]	@ (8004128 <prvInitialiseTaskLists+0x58>)
 8004102:	f7fc fc03 	bl	800090c <vListInitialise>
		vListInitialise( &xSuspendedTaskList );
 8004106:	4809      	ldr	r0, [pc, #36]	@ (800412c <prvInitialiseTaskLists+0x5c>)
 8004108:	f7fc fc00 	bl	800090c <vListInitialise>
	pxDelayedTaskList = &xDelayedTaskList1;
 800410c:	4b08      	ldr	r3, [pc, #32]	@ (8004130 <prvInitialiseTaskLists+0x60>)
 800410e:	601d      	str	r5, [r3, #0]
	pxOverflowDelayedTaskList = &xDelayedTaskList2;
 8004110:	4b08      	ldr	r3, [pc, #32]	@ (8004134 <prvInitialiseTaskLists+0x64>)
 8004112:	601c      	str	r4, [r3, #0]
}
 8004114:	bd38      	pop	{r3, r4, r5, pc}
 8004116:	bf00      	nop
 8004118:	20004bcc 	.word	0x20004bcc
 800411c:	20004bb8 	.word	0x20004bb8
 8004120:	20004ba4 	.word	0x20004ba4
 8004124:	20004b88 	.word	0x20004b88
 8004128:	20004b74 	.word	0x20004b74
 800412c:	20004b5c 	.word	0x20004b5c
 8004130:	20004ba0 	.word	0x20004ba0
 8004134:	20004b9c 	.word	0x20004b9c

08004138 <prvAddNewTaskToReadyList>:
{
 8004138:	b510      	push	{r4, lr}
 800413a:	4604      	mov	r4, r0
	taskENTER_CRITICAL();
 800413c:	f7fc fed2 	bl	8000ee4 <vPortEnterCritical>
		uxCurrentNumberOfTasks++;
 8004140:	4a21      	ldr	r2, [pc, #132]	@ (80041c8 <prvAddNewTaskToReadyList+0x90>)
 8004142:	6813      	ldr	r3, [r2, #0]
 8004144:	3301      	adds	r3, #1
 8004146:	6013      	str	r3, [r2, #0]
		if( pxCurrentTCB == NULL )
 8004148:	4b20      	ldr	r3, [pc, #128]	@ (80041cc <prvAddNewTaskToReadyList+0x94>)
 800414a:	681b      	ldr	r3, [r3, #0]
 800414c:	b15b      	cbz	r3, 8004166 <prvAddNewTaskToReadyList+0x2e>
			if( xSchedulerRunning == pdFALSE )
 800414e:	4b20      	ldr	r3, [pc, #128]	@ (80041d0 <prvAddNewTaskToReadyList+0x98>)
 8004150:	681b      	ldr	r3, [r3, #0]
 8004152:	b96b      	cbnz	r3, 8004170 <prvAddNewTaskToReadyList+0x38>
				if( pxCurrentTCB->uxPriority <= pxNewTCB->uxPriority )
 8004154:	4b1d      	ldr	r3, [pc, #116]	@ (80041cc <prvAddNewTaskToReadyList+0x94>)
 8004156:	681b      	ldr	r3, [r3, #0]
 8004158:	6ada      	ldr	r2, [r3, #44]	@ 0x2c
 800415a:	6ae3      	ldr	r3, [r4, #44]	@ 0x2c
 800415c:	429a      	cmp	r2, r3
 800415e:	d807      	bhi.n	8004170 <prvAddNewTaskToReadyList+0x38>
					pxCurrentTCB = pxNewTCB;
 8004160:	4b1a      	ldr	r3, [pc, #104]	@ (80041cc <prvAddNewTaskToReadyList+0x94>)
 8004162:	601c      	str	r4, [r3, #0]
 8004164:	e004      	b.n	8004170 <prvAddNewTaskToReadyList+0x38>
			pxCurrentTCB = pxNewTCB;
 8004166:	4b19      	ldr	r3, [pc, #100]	@ (80041cc <prvAddNewTaskToReadyList+0x94>)
 8004168:	601c      	str	r4, [r3, #0]
			if( uxCurrentNumberOfTasks == ( UBaseType_t ) 1 )
 800416a:	6813      	ldr	r3, [r2, #0]
 800416c:	2b01      	cmp	r3, #1
 800416e:	d028      	beq.n	80041c2 <prvAddNewTaskToReadyList+0x8a>
		uxTaskNumber++;
 8004170:	4a18      	ldr	r2, [pc, #96]	@ (80041d4 <prvAddNewTaskToReadyList+0x9c>)
 8004172:	6813      	ldr	r3, [r2, #0]
 8004174:	3301      	adds	r3, #1
 8004176:	6013      	str	r3, [r2, #0]
		prvAddTaskToReadyList( pxNewTCB );
 8004178:	6ae0      	ldr	r0, [r4, #44]	@ 0x2c
 800417a:	2301      	movs	r3, #1
 800417c:	4083      	lsls	r3, r0
 800417e:	4a16      	ldr	r2, [pc, #88]	@ (80041d8 <prvAddNewTaskToReadyList+0xa0>)
 8004180:	6811      	ldr	r1, [r2, #0]
 8004182:	430b      	orrs	r3, r1
 8004184:	6013      	str	r3, [r2, #0]
 8004186:	eb00 0080 	add.w	r0, r0, r0, lsl #2
 800418a:	1d21      	adds	r1, r4, #4
 800418c:	4b13      	ldr	r3, [pc, #76]	@ (80041dc <prvAddNewTaskToReadyList+0xa4>)
 800418e:	eb03 0080 	add.w	r0, r3, r0, lsl #2
 8004192:	f7fc fbc9 	bl	8000928 <vListInsertEnd>
	taskEXIT_CRITICAL();
 8004196:	f7fc fec7 	bl	8000f28 <vPortExitCritical>
	if( xSchedulerRunning != pdFALSE )
 800419a:	4b0d      	ldr	r3, [pc, #52]	@ (80041d0 <prvAddNewTaskToReadyList+0x98>)
 800419c:	681b      	ldr	r3, [r3, #0]
 800419e:	b17b      	cbz	r3, 80041c0 <prvAddNewTaskToReadyList+0x88>
		if( pxCurrentTCB->uxPriority < pxNewTCB->uxPriority )
 80041a0:	4b0a      	ldr	r3, [pc, #40]	@ (80041cc <prvAddNewTaskToReadyList+0x94>)
 80041a2:	681b      	ldr	r3, [r3, #0]
 80041a4:	6ada      	ldr	r2, [r3, #44]	@ 0x2c
 80041a6:	6ae3      	ldr	r3, [r4, #44]	@ 0x2c
 80041a8:	429a      	cmp	r2, r3
 80041aa:	d209      	bcs.n	80041c0 <prvAddNewTaskToReadyList+0x88>
			taskYIELD_IF_USING_PREEMPTION();
 80041ac:	f04f 23e0 	mov.w	r3, #3758153728	@ 0xe000e000
 80041b0:	f04f 5280 	mov.w	r2, #268435456	@ 0x10000000
 80041b4:	f8c3 2d04 	str.w	r2, [r3, #3332]	@ 0xd04
 80041b8:	f3bf 8f4f 	dsb	sy
 80041bc:	f3bf 8f6f 	isb	sy
}
 80041c0:	bd10      	pop	{r4, pc}
				prvInitialiseTaskLists();
 80041c2:	f7ff ff85 	bl	80040d0 <prvInitialiseTaskLists>
 80041c6:	e7d3      	b.n	8004170 <prvAddNewTaskToReadyList+0x38>
 80041c8:	20004b58 	.word	0x20004b58
 80041cc:	20004c58 	.word	0x20004c58
 80041d0:	20004b4c 	.word	0x20004b4c
 80041d4:	20004b3c 	.word	0x20004b3c
 80041d8:	20004b50 	.word	0x20004b50
 80041dc:	20004bcc 	.word	0x20004bcc

080041e0 <prvDeleteTCB>:
	{
 80041e0:	b510      	push	{r4, lr}
 80041e2:	4604      	mov	r4, r0
			if( pxTCB->ucStaticallyAllocated == tskDYNAMICALLY_ALLOCATED_STACK_AND_TCB )
 80041e4:	f890 3051 	ldrb.w	r3, [r0, #81]	@ 0x51
 80041e8:	b163      	cbz	r3, 8004204 <prvDeleteTCB+0x24>
			else if( pxTCB->ucStaticallyAllocated == tskSTATICALLY_ALLOCATED_STACK_ONLY )
 80041ea:	2b01      	cmp	r3, #1
 80041ec:	d011      	beq.n	8004212 <prvDeleteTCB+0x32>
				configASSERT( pxTCB->ucStaticallyAllocated == tskSTATICALLY_ALLOCATED_STACK_AND_TCB	);
 80041ee:	2b02      	cmp	r3, #2
 80041f0:	d00e      	beq.n	8004210 <prvDeleteTCB+0x30>
 80041f2:	f04f 0350 	mov.w	r3, #80	@ 0x50
 80041f6:	f383 8811 	msr	BASEPRI, r3
 80041fa:	f3bf 8f6f 	isb	sy
 80041fe:	f3bf 8f4f 	dsb	sy
 8004202:	e7fe      	b.n	8004202 <prvDeleteTCB+0x22>
				vPortFree( pxTCB->pxStack );
 8004204:	6b00      	ldr	r0, [r0, #48]	@ 0x30
 8004206:	f7fc fb41 	bl	800088c <vPortFree>
				vPortFree( pxTCB );
 800420a:	4620      	mov	r0, r4
 800420c:	f7fc fb3e 	bl	800088c <vPortFree>
	}
 8004210:	bd10      	pop	{r4, pc}
				vPortFree( pxTCB );
 8004212:	f7fc fb3b 	bl	800088c <vPortFree>
 8004216:	e7fb      	b.n	8004210 <prvDeleteTCB+0x30>

08004218 <prvCheckTasksWaitingTermination>:
		while( uxDeletedTasksWaitingCleanUp > ( UBaseType_t ) 0U )
 8004218:	4b0f      	ldr	r3, [pc, #60]	@ (8004258 <prvCheckTasksWaitingTermination+0x40>)
 800421a:	681b      	ldr	r3, [r3, #0]
 800421c:	b1d3      	cbz	r3, 8004254 <prvCheckTasksWaitingTermination+0x3c>
{
 800421e:	b510      	push	{r4, lr}
			taskENTER_CRITICAL();
 8004220:	f7fc fe60 	bl	8000ee4 <vPortEnterCritical>
				pxTCB = listGET_OWNER_OF_HEAD_ENTRY( ( &xTasksWaitingTermination ) ); /*lint !e9079 void * is used as this macro is used with timers and co-routines too.  Alignment is known to be fine as the type of the pointer stored and retrieved is the same. */
 8004224:	4b0d      	ldr	r3, [pc, #52]	@ (800425c <prvCheckTasksWaitingTermination+0x44>)
 8004226:	68db      	ldr	r3, [r3, #12]
 8004228:	68dc      	ldr	r4, [r3, #12]
				( void ) uxListRemove( &( pxTCB->xStateListItem ) );
 800422a:	1d20      	adds	r0, r4, #4
 800422c:	f7fc fba3 	bl	8000976 <uxListRemove>
				--uxCurrentNumberOfTasks;
 8004230:	4a0b      	ldr	r2, [pc, #44]	@ (8004260 <prvCheckTasksWaitingTermination+0x48>)
 8004232:	6813      	ldr	r3, [r2, #0]
 8004234:	3b01      	subs	r3, #1
 8004236:	6013      	str	r3, [r2, #0]
				--uxDeletedTasksWaitingCleanUp;
 8004238:	4a07      	ldr	r2, [pc, #28]	@ (8004258 <prvCheckTasksWaitingTermination+0x40>)
 800423a:	6813      	ldr	r3, [r2, #0]
 800423c:	3b01      	subs	r3, #1
 800423e:	6013      	str	r3, [r2, #0]
			taskEXIT_CRITICAL();
 8004240:	f7fc fe72 	bl	8000f28 <vPortExitCritical>
			prvDeleteTCB( pxTCB );
 8004244:	4620      	mov	r0, r4
 8004246:	f7ff ffcb 	bl	80041e0 <prvDeleteTCB>
		while( uxDeletedTasksWaitingCleanUp > ( UBaseType_t ) 0U )
 800424a:	4b03      	ldr	r3, [pc, #12]	@ (8004258 <prvCheckTasksWaitingTermination+0x40>)
 800424c:	681b      	ldr	r3, [r3, #0]
 800424e:	2b00      	cmp	r3, #0
 8004250:	d1e6      	bne.n	8004220 <prvCheckTasksWaitingTermination+0x8>
}
 8004252:	bd10      	pop	{r4, pc}
 8004254:	4770      	bx	lr
 8004256:	bf00      	nop
 8004258:	20004b70 	.word	0x20004b70
 800425c:	20004b74 	.word	0x20004b74
 8004260:	20004b58 	.word	0x20004b58

08004264 <prvIdleTask>:
{
 8004264:	b508      	push	{r3, lr}
		prvCheckTasksWaitingTermination();
 8004266:	f7ff ffd7 	bl	8004218 <prvCheckTasksWaitingTermination>
			if( listCURRENT_LIST_LENGTH( &( pxReadyTasksLists[ tskIDLE_PRIORITY ] ) ) > ( UBaseType_t ) 1 )
 800426a:	4b07      	ldr	r3, [pc, #28]	@ (8004288 <prvIdleTask+0x24>)
 800426c:	681b      	ldr	r3, [r3, #0]
 800426e:	2b01      	cmp	r3, #1
 8004270:	d9f9      	bls.n	8004266 <prvIdleTask+0x2>
				taskYIELD();
 8004272:	f04f 23e0 	mov.w	r3, #3758153728	@ 0xe000e000
 8004276:	f04f 5280 	mov.w	r2, #268435456	@ 0x10000000
 800427a:	f8c3 2d04 	str.w	r2, [r3, #3332]	@ 0xd04
 800427e:	f3bf 8f4f 	dsb	sy
 8004282:	f3bf 8f6f 	isb	sy
 8004286:	e7ee      	b.n	8004266 <prvIdleTask+0x2>
 8004288:	20004bcc 	.word	0x20004bcc

0800428c <prvAddCurrentTaskToDelayedList>:

#endif
/*-----------------------------------------------------------*/

static void prvAddCurrentTaskToDelayedList( TickType_t xTicksToWait, const BaseType_t xCanBlockIndefinitely )
{
 800428c:	b570      	push	{r4, r5, r6, lr}
 800428e:	4604      	mov	r4, r0
 8004290:	460e      	mov	r6, r1
TickType_t xTimeToWake;
const TickType_t xConstTickCount = xTickCount;
 8004292:	4b1d      	ldr	r3, [pc, #116]	@ (8004308 <prvAddCurrentTaskToDelayedList+0x7c>)
 8004294:	681d      	ldr	r5, [r3, #0]
	}
	#endif

	/* Remove the task from the ready list before adding it to the blocked list
	as the same list item is used for both lists. */
	if( uxListRemove( &( pxCurrentTCB->xStateListItem ) ) == ( UBaseType_t ) 0 )
 8004296:	4b1d      	ldr	r3, [pc, #116]	@ (800430c <prvAddCurrentTaskToDelayedList+0x80>)
 8004298:	6818      	ldr	r0, [r3, #0]
 800429a:	3004      	adds	r0, #4
 800429c:	f7fc fb6b 	bl	8000976 <uxListRemove>
 80042a0:	b948      	cbnz	r0, 80042b6 <prvAddCurrentTaskToDelayedList+0x2a>
	{
		/* The current task must be in a ready list, so there is no need to
		check, and the port reset macro can be called directly. */
		portRESET_READY_PRIORITY( pxCurrentTCB->uxPriority, uxTopReadyPriority ); /*lint !e931 pxCurrentTCB cannot change as it is the calling task.  pxCurrentTCB->uxPriority and uxTopReadyPriority cannot change as called with scheduler suspended or in a critical section. */
 80042a2:	4b1a      	ldr	r3, [pc, #104]	@ (800430c <prvAddCurrentTaskToDelayedList+0x80>)
 80042a4:	681b      	ldr	r3, [r3, #0]
 80042a6:	6adb      	ldr	r3, [r3, #44]	@ 0x2c
 80042a8:	2201      	movs	r2, #1
 80042aa:	409a      	lsls	r2, r3
 80042ac:	4918      	ldr	r1, [pc, #96]	@ (8004310 <prvAddCurrentTaskToDelayedList+0x84>)
 80042ae:	680b      	ldr	r3, [r1, #0]
 80042b0:	ea23 0302 	bic.w	r3, r3, r2
 80042b4:	600b      	str	r3, [r1, #0]
		mtCOVERAGE_TEST_MARKER();
	}

	#if ( INCLUDE_vTaskSuspend == 1 )
	{
		if( ( xTicksToWait == portMAX_DELAY ) && ( xCanBlockIndefinitely != pdFALSE ) )
 80042b6:	f1b4 3fff 	cmp.w	r4, #4294967295
 80042ba:	d00d      	beq.n	80042d8 <prvAddCurrentTaskToDelayedList+0x4c>
		else
		{
			/* Calculate the time at which the task should be woken if the event
			does not occur.  This may overflow but this doesn't matter, the
			kernel will manage it correctly. */
			xTimeToWake = xConstTickCount + xTicksToWait;
 80042bc:	442c      	add	r4, r5

			/* The list item will be inserted in wake time order. */
			listSET_LIST_ITEM_VALUE( &( pxCurrentTCB->xStateListItem ), xTimeToWake );
 80042be:	4b13      	ldr	r3, [pc, #76]	@ (800430c <prvAddCurrentTaskToDelayedList+0x80>)
 80042c0:	681b      	ldr	r3, [r3, #0]
 80042c2:	605c      	str	r4, [r3, #4]

			if( xTimeToWake < xConstTickCount )
 80042c4:	42a5      	cmp	r5, r4
 80042c6:	d910      	bls.n	80042ea <prvAddCurrentTaskToDelayedList+0x5e>
			{
				/* Wake time has overflowed.  Place this item in the overflow
				list. */
				vListInsert( pxOverflowDelayedTaskList, &( pxCurrentTCB->xStateListItem ) );
 80042c8:	4b12      	ldr	r3, [pc, #72]	@ (8004314 <prvAddCurrentTaskToDelayedList+0x88>)
 80042ca:	6818      	ldr	r0, [r3, #0]
 80042cc:	4b0f      	ldr	r3, [pc, #60]	@ (800430c <prvAddCurrentTaskToDelayedList+0x80>)
 80042ce:	6819      	ldr	r1, [r3, #0]
 80042d0:	3104      	adds	r1, #4
 80042d2:	f7fc fb34 	bl	800093e <vListInsert>

		/* Avoid compiler warning when INCLUDE_vTaskSuspend is not 1. */
		( void ) xCanBlockIndefinitely;
	}
	#endif /* INCLUDE_vTaskSuspend */
}
 80042d6:	bd70      	pop	{r4, r5, r6, pc}
		if( ( xTicksToWait == portMAX_DELAY ) && ( xCanBlockIndefinitely != pdFALSE ) )
 80042d8:	2e00      	cmp	r6, #0
 80042da:	d0ef      	beq.n	80042bc <prvAddCurrentTaskToDelayedList+0x30>
			vListInsertEnd( &xSuspendedTaskList, &( pxCurrentTCB->xStateListItem ) );
 80042dc:	4b0b      	ldr	r3, [pc, #44]	@ (800430c <prvAddCurrentTaskToDelayedList+0x80>)
 80042de:	6819      	ldr	r1, [r3, #0]
 80042e0:	3104      	adds	r1, #4
 80042e2:	480d      	ldr	r0, [pc, #52]	@ (8004318 <prvAddCurrentTaskToDelayedList+0x8c>)
 80042e4:	f7fc fb20 	bl	8000928 <vListInsertEnd>
 80042e8:	e7f5      	b.n	80042d6 <prvAddCurrentTaskToDelayedList+0x4a>
				vListInsert( pxDelayedTaskList, &( pxCurrentTCB->xStateListItem ) );
 80042ea:	4b0c      	ldr	r3, [pc, #48]	@ (800431c <prvAddCurrentTaskToDelayedList+0x90>)
 80042ec:	6818      	ldr	r0, [r3, #0]
 80042ee:	4b07      	ldr	r3, [pc, #28]	@ (800430c <prvAddCurrentTaskToDelayedList+0x80>)
 80042f0:	6819      	ldr	r1, [r3, #0]
 80042f2:	3104      	adds	r1, #4
 80042f4:	f7fc fb23 	bl	800093e <vListInsert>
				if( xTimeToWake < xNextTaskUnblockTime )
 80042f8:	4b09      	ldr	r3, [pc, #36]	@ (8004320 <prvAddCurrentTaskToDelayedList+0x94>)
 80042fa:	681b      	ldr	r3, [r3, #0]
 80042fc:	42a3      	cmp	r3, r4
 80042fe:	d9ea      	bls.n	80042d6 <prvAddCurrentTaskToDelayedList+0x4a>
					xNextTaskUnblockTime = xTimeToWake;
 8004300:	4b07      	ldr	r3, [pc, #28]	@ (8004320 <prvAddCurrentTaskToDelayedList+0x94>)
 8004302:	601c      	str	r4, [r3, #0]
}
 8004304:	e7e7      	b.n	80042d6 <prvAddCurrentTaskToDelayedList+0x4a>
 8004306:	bf00      	nop
 8004308:	20004b54 	.word	0x20004b54
 800430c:	20004c58 	.word	0x20004c58
 8004310:	20004b50 	.word	0x20004b50
 8004314:	20004b9c 	.word	0x20004b9c
 8004318:	20004b5c 	.word	0x20004b5c
 800431c:	20004ba0 	.word	0x20004ba0
 8004320:	20004b38 	.word	0x20004b38

08004324 <xTaskCreateStatic>:
	{
 8004324:	b510      	push	{r4, lr}
 8004326:	b086      	sub	sp, #24
 8004328:	468c      	mov	ip, r1
		configASSERT( puxStackBuffer != NULL );
 800432a:	9909      	ldr	r1, [sp, #36]	@ 0x24
 800432c:	b179      	cbz	r1, 800434e <xTaskCreateStatic+0x2a>
		configASSERT( pxTaskBuffer != NULL );
 800432e:	990a      	ldr	r1, [sp, #40]	@ 0x28
 8004330:	b1b1      	cbz	r1, 8004360 <xTaskCreateStatic+0x3c>
			volatile size_t xSize = sizeof( StaticTask_t );
 8004332:	2154      	movs	r1, #84	@ 0x54
 8004334:	9104      	str	r1, [sp, #16]
			configASSERT( xSize == sizeof( TCB_t ) );
 8004336:	9904      	ldr	r1, [sp, #16]
 8004338:	2954      	cmp	r1, #84	@ 0x54
 800433a:	d01a      	beq.n	8004372 <xTaskCreateStatic+0x4e>
 800433c:	f04f 0350 	mov.w	r3, #80	@ 0x50
 8004340:	f383 8811 	msr	BASEPRI, r3
 8004344:	f3bf 8f6f 	isb	sy
 8004348:	f3bf 8f4f 	dsb	sy
 800434c:	e7fe      	b.n	800434c <xTaskCreateStatic+0x28>
 800434e:	f04f 0350 	mov.w	r3, #80	@ 0x50
 8004352:	f383 8811 	msr	BASEPRI, r3
 8004356:	f3bf 8f6f 	isb	sy
 800435a:	f3bf 8f4f 	dsb	sy
		configASSERT( puxStackBuffer != NULL );
 800435e:	e7fe      	b.n	800435e <xTaskCreateStatic+0x3a>
 8004360:	f04f 0350 	mov.w	r3, #80	@ 0x50
 8004364:	f383 8811 	msr	BASEPRI, r3
 8004368:	f3bf 8f6f 	isb	sy
 800436c:	f3bf 8f4f 	dsb	sy
		configASSERT( pxTaskBuffer != NULL );
 8004370:	e7fe      	b.n	8004370 <xTaskCreateStatic+0x4c>
			( void ) xSize; /* Prevent lint warning when configASSERT() is not used. */
 8004372:	f8dd e010 	ldr.w	lr, [sp, #16]
			pxNewTCB->pxStack = ( StackType_t * ) puxStackBuffer;
 8004376:	990a      	ldr	r1, [sp, #40]	@ 0x28
 8004378:	9c09      	ldr	r4, [sp, #36]	@ 0x24
 800437a:	630c      	str	r4, [r1, #48]	@ 0x30
				pxNewTCB->ucStaticallyAllocated = tskSTATICALLY_ALLOCATED_STACK_AND_TCB;
 800437c:	2102      	movs	r1, #2
 800437e:	9c0a      	ldr	r4, [sp, #40]	@ 0x28
 8004380:	f884 1051 	strb.w	r1, [r4, #81]	@ 0x51
			prvInitialiseNewTask( pxTaskCode, pcName, ulStackDepth, pvParameters, uxPriority, &xReturn, pxNewTCB, NULL );
 8004384:	2100      	movs	r1, #0
 8004386:	9103      	str	r1, [sp, #12]
 8004388:	9402      	str	r4, [sp, #8]
 800438a:	a905      	add	r1, sp, #20
 800438c:	9101      	str	r1, [sp, #4]
 800438e:	9908      	ldr	r1, [sp, #32]
 8004390:	9100      	str	r1, [sp, #0]
 8004392:	4661      	mov	r1, ip
 8004394:	f7ff fe54 	bl	8004040 <prvInitialiseNewTask>
			prvAddNewTaskToReadyList( pxNewTCB );
 8004398:	980a      	ldr	r0, [sp, #40]	@ 0x28
 800439a:	f7ff fecd 	bl	8004138 <prvAddNewTaskToReadyList>
	}
 800439e:	9805      	ldr	r0, [sp, #20]
 80043a0:	b006      	add	sp, #24
 80043a2:	bd10      	pop	{r4, pc}

080043a4 <xTaskCreate>:
	{
 80043a4:	e92d 43f0 	stmdb	sp!, {r4, r5, r6, r7, r8, r9, lr}
 80043a8:	b085      	sub	sp, #20
 80043aa:	4681      	mov	r9, r0
 80043ac:	4688      	mov	r8, r1
 80043ae:	4614      	mov	r4, r2
 80043b0:	461f      	mov	r7, r3
			pxStack = pvPortMalloc( ( ( ( size_t ) usStackDepth ) * sizeof( StackType_t ) ) ); /*lint !e9079 All values returned by pvPortMalloc() have at least the alignment required by the MCU's stack and this allocation is the stack. */
 80043b2:	0090      	lsls	r0, r2, #2
 80043b4:	f7fc f9e8 	bl	8000788 <pvPortMalloc>
			if( pxStack != NULL )
 80043b8:	b300      	cbz	r0, 80043fc <xTaskCreate+0x58>
 80043ba:	4606      	mov	r6, r0
				pxNewTCB = ( TCB_t * ) pvPortMalloc( sizeof( TCB_t ) ); /*lint !e9087 !e9079 All values returned by pvPortMalloc() have at least the alignment required by the MCU's stack, and the first member of TCB_t is always a pointer to the task's stack. */
 80043bc:	2054      	movs	r0, #84	@ 0x54
 80043be:	f7fc f9e3 	bl	8000788 <pvPortMalloc>
				if( pxNewTCB != NULL )
 80043c2:	4605      	mov	r5, r0
 80043c4:	b1a0      	cbz	r0, 80043f0 <xTaskCreate+0x4c>
					pxNewTCB->pxStack = pxStack;
 80043c6:	632e      	str	r6, [r5, #48]	@ 0x30
				pxNewTCB->ucStaticallyAllocated = tskDYNAMICALLY_ALLOCATED_STACK_AND_TCB;
 80043c8:	2300      	movs	r3, #0
 80043ca:	f880 3051 	strb.w	r3, [r0, #81]	@ 0x51
			prvInitialiseNewTask( pxTaskCode, pcName, ( uint32_t ) usStackDepth, pvParameters, uxPriority, pxCreatedTask, pxNewTCB, NULL );
 80043ce:	9303      	str	r3, [sp, #12]
 80043d0:	9002      	str	r0, [sp, #8]
 80043d2:	9b0d      	ldr	r3, [sp, #52]	@ 0x34
 80043d4:	9301      	str	r3, [sp, #4]
 80043d6:	9b0c      	ldr	r3, [sp, #48]	@ 0x30
 80043d8:	9300      	str	r3, [sp, #0]
 80043da:	463b      	mov	r3, r7
 80043dc:	4622      	mov	r2, r4
 80043de:	4641      	mov	r1, r8
 80043e0:	4648      	mov	r0, r9
 80043e2:	f7ff fe2d 	bl	8004040 <prvInitialiseNewTask>
			prvAddNewTaskToReadyList( pxNewTCB );
 80043e6:	4628      	mov	r0, r5
 80043e8:	f7ff fea6 	bl	8004138 <prvAddNewTaskToReadyList>
			xReturn = pdPASS;
 80043ec:	2001      	movs	r0, #1
 80043ee:	e007      	b.n	8004400 <xTaskCreate+0x5c>
					vPortFree( pxStack );
 80043f0:	4630      	mov	r0, r6
 80043f2:	f7fc fa4b 	bl	800088c <vPortFree>
			xReturn = errCOULD_NOT_ALLOCATE_REQUIRED_MEMORY;
 80043f6:	f04f 30ff 	mov.w	r0, #4294967295
 80043fa:	e001      	b.n	8004400 <xTaskCreate+0x5c>
 80043fc:	f04f 30ff 	mov.w	r0, #4294967295
	}
 8004400:	b005      	add	sp, #20
 8004402:	e8bd 83f0 	ldmia.w	sp!, {r4, r5, r6, r7, r8, r9, pc}
	...

08004408 <vTaskStartScheduler>:
{
 8004408:	b510      	push	{r4, lr}
 800440a:	b088      	sub	sp, #32
		StaticTask_t *pxIdleTaskTCBBuffer = NULL;
 800440c:	2400      	movs	r4, #0
 800440e:	9405      	str	r4, [sp, #20]
		StackType_t *pxIdleTaskStackBuffer = NULL;
 8004410:	9406      	str	r4, [sp, #24]
		vApplicationGetIdleTaskMemory( &pxIdleTaskTCBBuffer, &pxIdleTaskStackBuffer, &ulIdleTaskStackSize );
 8004412:	aa07      	add	r2, sp, #28
 8004414:	a906      	add	r1, sp, #24
 8004416:	a805      	add	r0, sp, #20
 8004418:	f7fc f94a 	bl	80006b0 <vApplicationGetIdleTaskMemory>
		xIdleTaskHandle = xTaskCreateStatic(	prvIdleTask,
 800441c:	9b05      	ldr	r3, [sp, #20]
 800441e:	9302      	str	r3, [sp, #8]
 8004420:	9b06      	ldr	r3, [sp, #24]
 8004422:	9301      	str	r3, [sp, #4]
 8004424:	9400      	str	r4, [sp, #0]
 8004426:	4623      	mov	r3, r4
 8004428:	9a07      	ldr	r2, [sp, #28]
 800442a:	490e      	ldr	r1, [pc, #56]	@ (8004464 <vTaskStartScheduler+0x5c>)
 800442c:	480e      	ldr	r0, [pc, #56]	@ (8004468 <vTaskStartScheduler+0x60>)
 800442e:	f7ff ff79 	bl	8004324 <xTaskCreateStatic>
 8004432:	4b0e      	ldr	r3, [pc, #56]	@ (800446c <vTaskStartScheduler+0x64>)
 8004434:	6018      	str	r0, [r3, #0]
		if( xIdleTaskHandle != NULL )
 8004436:	b190      	cbz	r0, 800445e <vTaskStartScheduler+0x56>
 8004438:	f04f 0350 	mov.w	r3, #80	@ 0x50
 800443c:	f383 8811 	msr	BASEPRI, r3
 8004440:	f3bf 8f6f 	isb	sy
 8004444:	f3bf 8f4f 	dsb	sy
		xNextTaskUnblockTime = portMAX_DELAY;
 8004448:	4b09      	ldr	r3, [pc, #36]	@ (8004470 <vTaskStartScheduler+0x68>)
 800444a:	f04f 32ff 	mov.w	r2, #4294967295
 800444e:	601a      	str	r2, [r3, #0]
		xSchedulerRunning = pdTRUE;
 8004450:	4b08      	ldr	r3, [pc, #32]	@ (8004474 <vTaskStartScheduler+0x6c>)
 8004452:	2201      	movs	r2, #1
 8004454:	601a      	str	r2, [r3, #0]
		xTickCount = ( TickType_t ) configINITIAL_TICK_COUNT;
 8004456:	4b08      	ldr	r3, [pc, #32]	@ (8004478 <vTaskStartScheduler+0x70>)
 8004458:	601c      	str	r4, [r3, #0]
		if( xPortStartScheduler() != pdFALSE )
 800445a:	f7fc fddd 	bl	8001018 <xPortStartScheduler>
}
 800445e:	b008      	add	sp, #32
 8004460:	bd10      	pop	{r4, pc}
 8004462:	bf00      	nop
 8004464:	08005288 	.word	0x08005288
 8004468:	08004265 	.word	0x08004265
 800446c:	20004b34 	.word	0x20004b34
 8004470:	20004b38 	.word	0x20004b38
 8004474:	20004b4c 	.word	0x20004b4c
 8004478:	20004b54 	.word	0x20004b54

0800447c <vTaskSuspendAll>:
	++uxSchedulerSuspended;
 800447c:	4a02      	ldr	r2, [pc, #8]	@ (8004488 <vTaskSuspendAll+0xc>)
 800447e:	6813      	ldr	r3, [r2, #0]
 8004480:	3301      	adds	r3, #1
 8004482:	6013      	str	r3, [r2, #0]
}
 8004484:	4770      	bx	lr
 8004486:	bf00      	nop
 8004488:	20004b30 	.word	0x20004b30

0800448c <xTaskIncrementTick>:
{
 800448c:	b5f8      	push	{r3, r4, r5, r6, r7, lr}
	if( uxSchedulerSuspended == ( UBaseType_t ) pdFALSE )
 800448e:	4b3d      	ldr	r3, [pc, #244]	@ (8004584 <xTaskIncrementTick+0xf8>)
 8004490:	681b      	ldr	r3, [r3, #0]
 8004492:	2b00      	cmp	r3, #0
 8004494:	d16e      	bne.n	8004574 <xTaskIncrementTick+0xe8>
		const TickType_t xConstTickCount = xTickCount + ( TickType_t ) 1;
 8004496:	4b3c      	ldr	r3, [pc, #240]	@ (8004588 <xTaskIncrementTick+0xfc>)
 8004498:	681d      	ldr	r5, [r3, #0]
 800449a:	3501      	adds	r5, #1
		xTickCount = xConstTickCount;
 800449c:	601d      	str	r5, [r3, #0]
		if( xConstTickCount == ( TickType_t ) 0U ) /*lint !e774 'if' does not always evaluate to false as it is looking for an overflow. */
 800449e:	b9c5      	cbnz	r5, 80044d2 <xTaskIncrementTick+0x46>
			taskSWITCH_DELAYED_LISTS();
 80044a0:	4b3a      	ldr	r3, [pc, #232]	@ (800458c <xTaskIncrementTick+0x100>)
 80044a2:	681b      	ldr	r3, [r3, #0]
 80044a4:	681b      	ldr	r3, [r3, #0]
 80044a6:	b143      	cbz	r3, 80044ba <xTaskIncrementTick+0x2e>
 80044a8:	f04f 0350 	mov.w	r3, #80	@ 0x50
 80044ac:	f383 8811 	msr	BASEPRI, r3
 80044b0:	f3bf 8f6f 	isb	sy
 80044b4:	f3bf 8f4f 	dsb	sy
 80044b8:	e7fe      	b.n	80044b8 <xTaskIncrementTick+0x2c>
 80044ba:	4a34      	ldr	r2, [pc, #208]	@ (800458c <xTaskIncrementTick+0x100>)
 80044bc:	6811      	ldr	r1, [r2, #0]
 80044be:	4b34      	ldr	r3, [pc, #208]	@ (8004590 <xTaskIncrementTick+0x104>)
 80044c0:	6818      	ldr	r0, [r3, #0]
 80044c2:	6010      	str	r0, [r2, #0]
 80044c4:	6019      	str	r1, [r3, #0]
 80044c6:	4a33      	ldr	r2, [pc, #204]	@ (8004594 <xTaskIncrementTick+0x108>)
 80044c8:	6813      	ldr	r3, [r2, #0]
 80044ca:	3301      	adds	r3, #1
 80044cc:	6013      	str	r3, [r2, #0]
 80044ce:	f7ff fda1 	bl	8004014 <prvResetNextTaskUnblockTime>
		if( xConstTickCount >= xNextTaskUnblockTime )
 80044d2:	4b31      	ldr	r3, [pc, #196]	@ (8004598 <xTaskIncrementTick+0x10c>)
 80044d4:	681b      	ldr	r3, [r3, #0]
 80044d6:	42ab      	cmp	r3, r5
 80044d8:	d941      	bls.n	800455e <xTaskIncrementTick+0xd2>
BaseType_t xSwitchRequired = pdFALSE;
 80044da:	2300      	movs	r3, #0
 80044dc:	461f      	mov	r7, r3
			if( listCURRENT_LIST_LENGTH( &( pxReadyTasksLists[ pxCurrentTCB->uxPriority ] ) ) > ( UBaseType_t ) 1 )
 80044de:	4b2f      	ldr	r3, [pc, #188]	@ (800459c <xTaskIncrementTick+0x110>)
 80044e0:	681b      	ldr	r3, [r3, #0]
 80044e2:	6adb      	ldr	r3, [r3, #44]	@ 0x2c
 80044e4:	eb03 0383 	add.w	r3, r3, r3, lsl #2
 80044e8:	009b      	lsls	r3, r3, #2
 80044ea:	4a2d      	ldr	r2, [pc, #180]	@ (80045a0 <xTaskIncrementTick+0x114>)
 80044ec:	58d3      	ldr	r3, [r2, r3]
 80044ee:	2b01      	cmp	r3, #1
 80044f0:	d901      	bls.n	80044f6 <xTaskIncrementTick+0x6a>
				xSwitchRequired = pdTRUE;
 80044f2:	2301      	movs	r3, #1
 80044f4:	461f      	mov	r7, r3
			if( xYieldPending != pdFALSE )
 80044f6:	4b2b      	ldr	r3, [pc, #172]	@ (80045a4 <xTaskIncrementTick+0x118>)
 80044f8:	681b      	ldr	r3, [r3, #0]
 80044fa:	2b00      	cmp	r3, #0
 80044fc:	d040      	beq.n	8004580 <xTaskIncrementTick+0xf4>
				xSwitchRequired = pdTRUE;
 80044fe:	2301      	movs	r3, #1
 8004500:	461f      	mov	r7, r3
	return xSwitchRequired;
 8004502:	e03d      	b.n	8004580 <xTaskIncrementTick+0xf4>
							xSwitchRequired = pdTRUE;
 8004504:	2301      	movs	r3, #1
 8004506:	461f      	mov	r7, r3
				if( listLIST_IS_EMPTY( pxDelayedTaskList ) != pdFALSE )
 8004508:	4b20      	ldr	r3, [pc, #128]	@ (800458c <xTaskIncrementTick+0x100>)
 800450a:	681b      	ldr	r3, [r3, #0]
 800450c:	681b      	ldr	r3, [r3, #0]
 800450e:	b34b      	cbz	r3, 8004564 <xTaskIncrementTick+0xd8>
					pxTCB = listGET_OWNER_OF_HEAD_ENTRY( pxDelayedTaskList ); /*lint !e9079 void * is used as this macro is used with timers and co-routines too.  Alignment is known to be fine as the type of the pointer stored and retrieved is the same. */
 8004510:	4b1e      	ldr	r3, [pc, #120]	@ (800458c <xTaskIncrementTick+0x100>)
 8004512:	681b      	ldr	r3, [r3, #0]
 8004514:	68db      	ldr	r3, [r3, #12]
 8004516:	68dc      	ldr	r4, [r3, #12]
					xItemValue = listGET_LIST_ITEM_VALUE( &( pxTCB->xStateListItem ) );
 8004518:	6863      	ldr	r3, [r4, #4]
					if( xConstTickCount < xItemValue )
 800451a:	429d      	cmp	r5, r3
 800451c:	d327      	bcc.n	800456e <xTaskIncrementTick+0xe2>
					( void ) uxListRemove( &( pxTCB->xStateListItem ) );
 800451e:	1d26      	adds	r6, r4, #4
 8004520:	4630      	mov	r0, r6
 8004522:	f7fc fa28 	bl	8000976 <uxListRemove>
					if( listLIST_ITEM_CONTAINER( &( pxTCB->xEventListItem ) ) != NULL )
 8004526:	6aa3      	ldr	r3, [r4, #40]	@ 0x28
 8004528:	b11b      	cbz	r3, 8004532 <xTaskIncrementTick+0xa6>
						( void ) uxListRemove( &( pxTCB->xEventListItem ) );
 800452a:	f104 0018 	add.w	r0, r4, #24
 800452e:	f7fc fa22 	bl	8000976 <uxListRemove>
					prvAddTaskToReadyList( pxTCB );
 8004532:	6ae0      	ldr	r0, [r4, #44]	@ 0x2c
 8004534:	2301      	movs	r3, #1
 8004536:	4083      	lsls	r3, r0
 8004538:	4a1b      	ldr	r2, [pc, #108]	@ (80045a8 <xTaskIncrementTick+0x11c>)
 800453a:	6811      	ldr	r1, [r2, #0]
 800453c:	430b      	orrs	r3, r1
 800453e:	6013      	str	r3, [r2, #0]
 8004540:	eb00 0080 	add.w	r0, r0, r0, lsl #2
 8004544:	4631      	mov	r1, r6
 8004546:	4b16      	ldr	r3, [pc, #88]	@ (80045a0 <xTaskIncrementTick+0x114>)
 8004548:	eb03 0080 	add.w	r0, r3, r0, lsl #2
 800454c:	f7fc f9ec 	bl	8000928 <vListInsertEnd>
						if( pxTCB->uxPriority >= pxCurrentTCB->uxPriority )
 8004550:	6ae2      	ldr	r2, [r4, #44]	@ 0x2c
 8004552:	4b12      	ldr	r3, [pc, #72]	@ (800459c <xTaskIncrementTick+0x110>)
 8004554:	681b      	ldr	r3, [r3, #0]
 8004556:	6adb      	ldr	r3, [r3, #44]	@ 0x2c
 8004558:	429a      	cmp	r2, r3
 800455a:	d2d3      	bcs.n	8004504 <xTaskIncrementTick+0x78>
 800455c:	e7d4      	b.n	8004508 <xTaskIncrementTick+0x7c>
BaseType_t xSwitchRequired = pdFALSE;
 800455e:	2300      	movs	r3, #0
 8004560:	461f      	mov	r7, r3
 8004562:	e7d1      	b.n	8004508 <xTaskIncrementTick+0x7c>
					xNextTaskUnblockTime = portMAX_DELAY; /*lint !e961 MISRA exception as the casts are only redundant for some ports. */
 8004564:	4b0c      	ldr	r3, [pc, #48]	@ (8004598 <xTaskIncrementTick+0x10c>)
 8004566:	f04f 32ff 	mov.w	r2, #4294967295
 800456a:	601a      	str	r2, [r3, #0]
					break;
 800456c:	e7b7      	b.n	80044de <xTaskIncrementTick+0x52>
						xNextTaskUnblockTime = xItemValue;
 800456e:	4a0a      	ldr	r2, [pc, #40]	@ (8004598 <xTaskIncrementTick+0x10c>)
 8004570:	6013      	str	r3, [r2, #0]
						break; /*lint !e9011 Code structure here is deedmed easier to understand with multiple breaks. */
 8004572:	e7b4      	b.n	80044de <xTaskIncrementTick+0x52>
		++xPendedTicks;
 8004574:	4a0d      	ldr	r2, [pc, #52]	@ (80045ac <xTaskIncrementTick+0x120>)
 8004576:	6813      	ldr	r3, [r2, #0]
 8004578:	3301      	adds	r3, #1
 800457a:	6013      	str	r3, [r2, #0]
BaseType_t xSwitchRequired = pdFALSE;
 800457c:	2300      	movs	r3, #0
 800457e:	461f      	mov	r7, r3
}
 8004580:	4638      	mov	r0, r7
 8004582:	bdf8      	pop	{r3, r4, r5, r6, r7, pc}
 8004584:	20004b30 	.word	0x20004b30
 8004588:	20004b54 	.word	0x20004b54
 800458c:	20004ba0 	.word	0x20004ba0
 8004590:	20004b9c 	.word	0x20004b9c
 8004594:	20004b40 	.word	0x20004b40
 8004598:	20004b38 	.word	0x20004b38
 800459c:	20004c58 	.word	0x20004c58
 80045a0:	20004bcc 	.word	0x20004bcc
 80045a4:	20004b44 	.word	0x20004b44
 80045a8:	20004b50 	.word	0x20004b50
 80045ac:	20004b48 	.word	0x20004b48

080045b0 <xTaskResumeAll>:
{
 80045b0:	b538      	push	{r3, r4, r5, lr}
	configASSERT( uxSchedulerSuspended );
 80045b2:	4b35      	ldr	r3, [pc, #212]	@ (8004688 <xTaskResumeAll+0xd8>)
 80045b4:	681b      	ldr	r3, [r3, #0]
 80045b6:	b943      	cbnz	r3, 80045ca <xTaskResumeAll+0x1a>
 80045b8:	f04f 0350 	mov.w	r3, #80	@ 0x50
 80045bc:	f383 8811 	msr	BASEPRI, r3
 80045c0:	f3bf 8f6f 	isb	sy
 80045c4:	f3bf 8f4f 	dsb	sy
 80045c8:	e7fe      	b.n	80045c8 <xTaskResumeAll+0x18>
	taskENTER_CRITICAL();
 80045ca:	f7fc fc8b 	bl	8000ee4 <vPortEnterCritical>
		--uxSchedulerSuspended;
 80045ce:	4b2e      	ldr	r3, [pc, #184]	@ (8004688 <xTaskResumeAll+0xd8>)
 80045d0:	681a      	ldr	r2, [r3, #0]
 80045d2:	3a01      	subs	r2, #1
 80045d4:	601a      	str	r2, [r3, #0]
		if( uxSchedulerSuspended == ( UBaseType_t ) pdFALSE )
 80045d6:	681b      	ldr	r3, [r3, #0]
 80045d8:	2b00      	cmp	r3, #0
 80045da:	d14f      	bne.n	800467c <xTaskResumeAll+0xcc>
			if( uxCurrentNumberOfTasks > ( UBaseType_t ) 0U )
 80045dc:	4b2b      	ldr	r3, [pc, #172]	@ (800468c <xTaskResumeAll+0xdc>)
 80045de:	681b      	ldr	r3, [r3, #0]
 80045e0:	b90b      	cbnz	r3, 80045e6 <xTaskResumeAll+0x36>
BaseType_t xAlreadyYielded = pdFALSE;
 80045e2:	461c      	mov	r4, r3
 80045e4:	e04b      	b.n	800467e <xTaskResumeAll+0xce>
TCB_t *pxTCB = NULL;
 80045e6:	2400      	movs	r4, #0
				while( listLIST_IS_EMPTY( &xPendingReadyList ) == pdFALSE )
 80045e8:	4b29      	ldr	r3, [pc, #164]	@ (8004690 <xTaskResumeAll+0xe0>)
 80045ea:	681b      	ldr	r3, [r3, #0]
 80045ec:	b31b      	cbz	r3, 8004636 <xTaskResumeAll+0x86>
					pxTCB = listGET_OWNER_OF_HEAD_ENTRY( ( &xPendingReadyList ) ); /*lint !e9079 void * is used as this macro is used with timers and co-routines too.  Alignment is known to be fine as the type of the pointer stored and retrieved is the same. */
 80045ee:	4b28      	ldr	r3, [pc, #160]	@ (8004690 <xTaskResumeAll+0xe0>)
 80045f0:	68db      	ldr	r3, [r3, #12]
 80045f2:	68dc      	ldr	r4, [r3, #12]
					( void ) uxListRemove( &( pxTCB->xEventListItem ) );
 80045f4:	f104 0018 	add.w	r0, r4, #24
 80045f8:	f7fc f9bd 	bl	8000976 <uxListRemove>
					( void ) uxListRemove( &( pxTCB->xStateListItem ) );
 80045fc:	1d25      	adds	r5, r4, #4
 80045fe:	4628      	mov	r0, r5
 8004600:	f7fc f9b9 	bl	8000976 <uxListRemove>
					prvAddTaskToReadyList( pxTCB );
 8004604:	6ae0      	ldr	r0, [r4, #44]	@ 0x2c
 8004606:	2301      	movs	r3, #1
 8004608:	4083      	lsls	r3, r0
 800460a:	4a22      	ldr	r2, [pc, #136]	@ (8004694 <xTaskResumeAll+0xe4>)
 800460c:	6811      	ldr	r1, [r2, #0]
 800460e:	430b      	orrs	r3, r1
 8004610:	6013      	str	r3, [r2, #0]
 8004612:	eb00 0080 	add.w	r0, r0, r0, lsl #2
 8004616:	4629      	mov	r1, r5
 8004618:	4b1f      	ldr	r3, [pc, #124]	@ (8004698 <xTaskResumeAll+0xe8>)
 800461a:	eb03 0080 	add.w	r0, r3, r0, lsl #2
 800461e:	f7fc f983 	bl	8000928 <vListInsertEnd>
					if( pxTCB->uxPriority >= pxCurrentTCB->uxPriority )
 8004622:	6ae2      	ldr	r2, [r4, #44]	@ 0x2c
 8004624:	4b1d      	ldr	r3, [pc, #116]	@ (800469c <xTaskResumeAll+0xec>)
 8004626:	681b      	ldr	r3, [r3, #0]
 8004628:	6adb      	ldr	r3, [r3, #44]	@ 0x2c
 800462a:	429a      	cmp	r2, r3
 800462c:	d3dc      	bcc.n	80045e8 <xTaskResumeAll+0x38>
						xYieldPending = pdTRUE;
 800462e:	4b1c      	ldr	r3, [pc, #112]	@ (80046a0 <xTaskResumeAll+0xf0>)
 8004630:	2201      	movs	r2, #1
 8004632:	601a      	str	r2, [r3, #0]
 8004634:	e7d8      	b.n	80045e8 <xTaskResumeAll+0x38>
				if( pxTCB != NULL )
 8004636:	b10c      	cbz	r4, 800463c <xTaskResumeAll+0x8c>
					prvResetNextTaskUnblockTime();
 8004638:	f7ff fcec 	bl	8004014 <prvResetNextTaskUnblockTime>
					TickType_t xPendedCounts = xPendedTicks; /* Non-volatile copy. */
 800463c:	4b19      	ldr	r3, [pc, #100]	@ (80046a4 <xTaskResumeAll+0xf4>)
 800463e:	681c      	ldr	r4, [r3, #0]
					if( xPendedCounts > ( TickType_t ) 0U )
 8004640:	b984      	cbnz	r4, 8004664 <xTaskResumeAll+0xb4>
				if( xYieldPending != pdFALSE )
 8004642:	4b17      	ldr	r3, [pc, #92]	@ (80046a0 <xTaskResumeAll+0xf0>)
 8004644:	681c      	ldr	r4, [r3, #0]
 8004646:	b1d4      	cbz	r4, 800467e <xTaskResumeAll+0xce>
					taskYIELD_IF_USING_PREEMPTION();
 8004648:	f04f 23e0 	mov.w	r3, #3758153728	@ 0xe000e000
 800464c:	f04f 5280 	mov.w	r2, #268435456	@ 0x10000000
 8004650:	f8c3 2d04 	str.w	r2, [r3, #3332]	@ 0xd04
 8004654:	f3bf 8f4f 	dsb	sy
 8004658:	f3bf 8f6f 	isb	sy
						xAlreadyYielded = pdTRUE;
 800465c:	2401      	movs	r4, #1
 800465e:	e00e      	b.n	800467e <xTaskResumeAll+0xce>
						} while( xPendedCounts > ( TickType_t ) 0U );
 8004660:	3c01      	subs	r4, #1
 8004662:	d007      	beq.n	8004674 <xTaskResumeAll+0xc4>
							if( xTaskIncrementTick() != pdFALSE )
 8004664:	f7ff ff12 	bl	800448c <xTaskIncrementTick>
 8004668:	2800      	cmp	r0, #0
 800466a:	d0f9      	beq.n	8004660 <xTaskResumeAll+0xb0>
								xYieldPending = pdTRUE;
 800466c:	4b0c      	ldr	r3, [pc, #48]	@ (80046a0 <xTaskResumeAll+0xf0>)
 800466e:	2201      	movs	r2, #1
 8004670:	601a      	str	r2, [r3, #0]
 8004672:	e7f5      	b.n	8004660 <xTaskResumeAll+0xb0>
						xPendedTicks = 0;
 8004674:	4b0b      	ldr	r3, [pc, #44]	@ (80046a4 <xTaskResumeAll+0xf4>)
 8004676:	2200      	movs	r2, #0
 8004678:	601a      	str	r2, [r3, #0]
 800467a:	e7e2      	b.n	8004642 <xTaskResumeAll+0x92>
BaseType_t xAlreadyYielded = pdFALSE;
 800467c:	2400      	movs	r4, #0
	taskEXIT_CRITICAL();
 800467e:	f7fc fc53 	bl	8000f28 <vPortExitCritical>
}
 8004682:	4620      	mov	r0, r4
 8004684:	bd38      	pop	{r3, r4, r5, pc}
 8004686:	bf00      	nop
 8004688:	20004b30 	.word	0x20004b30
 800468c:	20004b58 	.word	0x20004b58
 8004690:	20004b88 	.word	0x20004b88
 8004694:	20004b50 	.word	0x20004b50
 8004698:	20004bcc 	.word	0x20004bcc
 800469c:	20004c58 	.word	0x20004c58
 80046a0:	20004b44 	.word	0x20004b44
 80046a4:	20004b48 	.word	0x20004b48

080046a8 <vTaskDelay>:
	{
 80046a8:	b510      	push	{r4, lr}
		if( xTicksToDelay > ( TickType_t ) 0U )
 80046aa:	b1a8      	cbz	r0, 80046d8 <vTaskDelay+0x30>
 80046ac:	4604      	mov	r4, r0
			configASSERT( uxSchedulerSuspended == 0 );
 80046ae:	4b10      	ldr	r3, [pc, #64]	@ (80046f0 <vTaskDelay+0x48>)
 80046b0:	681b      	ldr	r3, [r3, #0]
 80046b2:	b143      	cbz	r3, 80046c6 <vTaskDelay+0x1e>
 80046b4:	f04f 0350 	mov.w	r3, #80	@ 0x50
 80046b8:	f383 8811 	msr	BASEPRI, r3
 80046bc:	f3bf 8f6f 	isb	sy
 80046c0:	f3bf 8f4f 	dsb	sy
 80046c4:	e7fe      	b.n	80046c4 <vTaskDelay+0x1c>
			vTaskSuspendAll();
 80046c6:	f7ff fed9 	bl	800447c <vTaskSuspendAll>
				prvAddCurrentTaskToDelayedList( xTicksToDelay, pdFALSE );
 80046ca:	2100      	movs	r1, #0
 80046cc:	4620      	mov	r0, r4
 80046ce:	f7ff fddd 	bl	800428c <prvAddCurrentTaskToDelayedList>
			xAlreadyYielded = xTaskResumeAll();
 80046d2:	f7ff ff6d 	bl	80045b0 <xTaskResumeAll>
		if( xAlreadyYielded == pdFALSE )
 80046d6:	b948      	cbnz	r0, 80046ec <vTaskDelay+0x44>
			portYIELD_WITHIN_API();
 80046d8:	f04f 23e0 	mov.w	r3, #3758153728	@ 0xe000e000
 80046dc:	f04f 5280 	mov.w	r2, #268435456	@ 0x10000000
 80046e0:	f8c3 2d04 	str.w	r2, [r3, #3332]	@ 0xd04
 80046e4:	f3bf 8f4f 	dsb	sy
 80046e8:	f3bf 8f6f 	isb	sy
	}
 80046ec:	bd10      	pop	{r4, pc}
 80046ee:	bf00      	nop
 80046f0:	20004b30 	.word	0x20004b30

080046f4 <vTaskSwitchContext>:
	if( uxSchedulerSuspended != ( UBaseType_t ) pdFALSE )
 80046f4:	4b20      	ldr	r3, [pc, #128]	@ (8004778 <vTaskSwitchContext+0x84>)
 80046f6:	681b      	ldr	r3, [r3, #0]
 80046f8:	b11b      	cbz	r3, 8004702 <vTaskSwitchContext+0xe>
		xYieldPending = pdTRUE;
 80046fa:	4b20      	ldr	r3, [pc, #128]	@ (800477c <vTaskSwitchContext+0x88>)
 80046fc:	2201      	movs	r2, #1
 80046fe:	601a      	str	r2, [r3, #0]
 8004700:	4770      	bx	lr
		xYieldPending = pdFALSE;
 8004702:	4b1e      	ldr	r3, [pc, #120]	@ (800477c <vTaskSwitchContext+0x88>)
 8004704:	2200      	movs	r2, #0
 8004706:	601a      	str	r2, [r3, #0]
		taskSELECT_HIGHEST_PRIORITY_TASK(); /*lint !e9079 void * is used as this macro is used with timers and co-routines too.  Alignment is known to be fine as the type of the pointer stored and retrieved is the same. */
 8004708:	4b1d      	ldr	r3, [pc, #116]	@ (8004780 <vTaskSwitchContext+0x8c>)
 800470a:	681b      	ldr	r3, [r3, #0]
		__asm volatile ( "clz %0, %1" : "=r" ( ucReturn ) : "r" ( ulBitmap ) : "memory" );
 800470c:	fab3 f383 	clz	r3, r3
 8004710:	b2db      	uxtb	r3, r3
 8004712:	f1c3 031f 	rsb	r3, r3, #31
 8004716:	eb03 0283 	add.w	r2, r3, r3, lsl #2
 800471a:	0092      	lsls	r2, r2, #2
 800471c:	4919      	ldr	r1, [pc, #100]	@ (8004784 <vTaskSwitchContext+0x90>)
 800471e:	588a      	ldr	r2, [r1, r2]
 8004720:	b942      	cbnz	r2, 8004734 <vTaskSwitchContext+0x40>
	__asm volatile
 8004722:	f04f 0350 	mov.w	r3, #80	@ 0x50
 8004726:	f383 8811 	msr	BASEPRI, r3
 800472a:	f3bf 8f6f 	isb	sy
 800472e:	f3bf 8f4f 	dsb	sy
 8004732:	e7fe      	b.n	8004732 <vTaskSwitchContext+0x3e>
 8004734:	4813      	ldr	r0, [pc, #76]	@ (8004784 <vTaskSwitchContext+0x90>)
 8004736:	eb03 0283 	add.w	r2, r3, r3, lsl #2
 800473a:	eb00 0282 	add.w	r2, r0, r2, lsl #2
 800473e:	6851      	ldr	r1, [r2, #4]
 8004740:	6849      	ldr	r1, [r1, #4]
 8004742:	6051      	str	r1, [r2, #4]
 8004744:	eb03 0283 	add.w	r2, r3, r3, lsl #2
 8004748:	0092      	lsls	r2, r2, #2
 800474a:	3208      	adds	r2, #8
 800474c:	4402      	add	r2, r0
 800474e:	4291      	cmp	r1, r2
 8004750:	d009      	beq.n	8004766 <vTaskSwitchContext+0x72>
 8004752:	eb03 0383 	add.w	r3, r3, r3, lsl #2
 8004756:	4a0b      	ldr	r2, [pc, #44]	@ (8004784 <vTaskSwitchContext+0x90>)
 8004758:	eb02 0383 	add.w	r3, r2, r3, lsl #2
 800475c:	685b      	ldr	r3, [r3, #4]
 800475e:	68da      	ldr	r2, [r3, #12]
 8004760:	4b09      	ldr	r3, [pc, #36]	@ (8004788 <vTaskSwitchContext+0x94>)
 8004762:	601a      	str	r2, [r3, #0]
}
 8004764:	4770      	bx	lr
		taskSELECT_HIGHEST_PRIORITY_TASK(); /*lint !e9079 void * is used as this macro is used with timers and co-routines too.  Alignment is known to be fine as the type of the pointer stored and retrieved is the same. */
 8004766:	6848      	ldr	r0, [r1, #4]
 8004768:	eb03 0183 	add.w	r1, r3, r3, lsl #2
 800476c:	4a05      	ldr	r2, [pc, #20]	@ (8004784 <vTaskSwitchContext+0x90>)
 800476e:	eb02 0281 	add.w	r2, r2, r1, lsl #2
 8004772:	6050      	str	r0, [r2, #4]
 8004774:	e7ed      	b.n	8004752 <vTaskSwitchContext+0x5e>
 8004776:	bf00      	nop
 8004778:	20004b30 	.word	0x20004b30
 800477c:	20004b44 	.word	0x20004b44
 8004780:	20004b50 	.word	0x20004b50
 8004784:	20004bcc 	.word	0x20004bcc
 8004788:	20004c58 	.word	0x20004c58

0800478c <vTaskPlaceOnEventList>:
	configASSERT( pxEventList );
 800478c:	b158      	cbz	r0, 80047a6 <vTaskPlaceOnEventList+0x1a>
{
 800478e:	b510      	push	{r4, lr}
 8004790:	460c      	mov	r4, r1
	vListInsert( pxEventList, &( pxCurrentTCB->xEventListItem ) );
 8004792:	4a09      	ldr	r2, [pc, #36]	@ (80047b8 <vTaskPlaceOnEventList+0x2c>)
 8004794:	6811      	ldr	r1, [r2, #0]
 8004796:	3118      	adds	r1, #24
 8004798:	f7fc f8d1 	bl	800093e <vListInsert>
	prvAddCurrentTaskToDelayedList( xTicksToWait, pdTRUE );
 800479c:	2101      	movs	r1, #1
 800479e:	4620      	mov	r0, r4
 80047a0:	f7ff fd74 	bl	800428c <prvAddCurrentTaskToDelayedList>
}
 80047a4:	bd10      	pop	{r4, pc}
 80047a6:	f04f 0350 	mov.w	r3, #80	@ 0x50
 80047aa:	f383 8811 	msr	BASEPRI, r3
 80047ae:	f3bf 8f6f 	isb	sy
 80047b2:	f3bf 8f4f 	dsb	sy
	configASSERT( pxEventList );
 80047b6:	e7fe      	b.n	80047b6 <vTaskPlaceOnEventList+0x2a>
 80047b8:	20004c58 	.word	0x20004c58

080047bc <xTaskRemoveFromEventList>:
{
 80047bc:	b538      	push	{r3, r4, r5, lr}
	pxUnblockedTCB = listGET_OWNER_OF_HEAD_ENTRY( pxEventList ); /*lint !e9079 void * is used as this macro is used with timers and co-routines too.  Alignment is known to be fine as the type of the pointer stored and retrieved is the same. */
 80047be:	68c3      	ldr	r3, [r0, #12]
 80047c0:	68dc      	ldr	r4, [r3, #12]
	configASSERT( pxUnblockedTCB );
 80047c2:	b334      	cbz	r4, 8004812 <xTaskRemoveFromEventList+0x56>
	( void ) uxListRemove( &( pxUnblockedTCB->xEventListItem ) );
 80047c4:	f104 0318 	add.w	r3, r4, #24
 80047c8:	461d      	mov	r5, r3
 80047ca:	4618      	mov	r0, r3
 80047cc:	f7fc f8d3 	bl	8000976 <uxListRemove>
	if( uxSchedulerSuspended == ( UBaseType_t ) pdFALSE )
 80047d0:	4b18      	ldr	r3, [pc, #96]	@ (8004834 <xTaskRemoveFromEventList+0x78>)
 80047d2:	681b      	ldr	r3, [r3, #0]
 80047d4:	bb33      	cbnz	r3, 8004824 <xTaskRemoveFromEventList+0x68>
		( void ) uxListRemove( &( pxUnblockedTCB->xStateListItem ) );
 80047d6:	1d23      	adds	r3, r4, #4
 80047d8:	461d      	mov	r5, r3
 80047da:	4618      	mov	r0, r3
 80047dc:	f7fc f8cb 	bl	8000976 <uxListRemove>
		prvAddTaskToReadyList( pxUnblockedTCB );
 80047e0:	6ae0      	ldr	r0, [r4, #44]	@ 0x2c
 80047e2:	2301      	movs	r3, #1
 80047e4:	4083      	lsls	r3, r0
 80047e6:	4a14      	ldr	r2, [pc, #80]	@ (8004838 <xTaskRemoveFromEventList+0x7c>)
 80047e8:	6811      	ldr	r1, [r2, #0]
 80047ea:	430b      	orrs	r3, r1
 80047ec:	6013      	str	r3, [r2, #0]
 80047ee:	eb00 0080 	add.w	r0, r0, r0, lsl #2
 80047f2:	4629      	mov	r1, r5
 80047f4:	4b11      	ldr	r3, [pc, #68]	@ (800483c <xTaskRemoveFromEventList+0x80>)
 80047f6:	eb03 0080 	add.w	r0, r3, r0, lsl #2
 80047fa:	f7fc f895 	bl	8000928 <vListInsertEnd>
	if( pxUnblockedTCB->uxPriority > pxCurrentTCB->uxPriority )
 80047fe:	6ae2      	ldr	r2, [r4, #44]	@ 0x2c
 8004800:	4b0f      	ldr	r3, [pc, #60]	@ (8004840 <xTaskRemoveFromEventList+0x84>)
 8004802:	681b      	ldr	r3, [r3, #0]
 8004804:	6adb      	ldr	r3, [r3, #44]	@ 0x2c
 8004806:	429a      	cmp	r2, r3
 8004808:	d911      	bls.n	800482e <xTaskRemoveFromEventList+0x72>
		xYieldPending = pdTRUE;
 800480a:	2001      	movs	r0, #1
 800480c:	4b0d      	ldr	r3, [pc, #52]	@ (8004844 <xTaskRemoveFromEventList+0x88>)
 800480e:	6018      	str	r0, [r3, #0]
}
 8004810:	bd38      	pop	{r3, r4, r5, pc}
 8004812:	f04f 0350 	mov.w	r3, #80	@ 0x50
 8004816:	f383 8811 	msr	BASEPRI, r3
 800481a:	f3bf 8f6f 	isb	sy
 800481e:	f3bf 8f4f 	dsb	sy
	configASSERT( pxUnblockedTCB );
 8004822:	e7fe      	b.n	8004822 <xTaskRemoveFromEventList+0x66>
		vListInsertEnd( &( xPendingReadyList ), &( pxUnblockedTCB->xEventListItem ) );
 8004824:	4629      	mov	r1, r5
 8004826:	4808      	ldr	r0, [pc, #32]	@ (8004848 <xTaskRemoveFromEventList+0x8c>)
 8004828:	f7fc f87e 	bl	8000928 <vListInsertEnd>
 800482c:	e7e7      	b.n	80047fe <xTaskRemoveFromEventList+0x42>
		xReturn = pdFALSE;
 800482e:	2000      	movs	r0, #0
	return xReturn;
 8004830:	e7ee      	b.n	8004810 <xTaskRemoveFromEventList+0x54>
 8004832:	bf00      	nop
 8004834:	20004b30 	.word	0x20004b30
 8004838:	20004b50 	.word	0x20004b50
 800483c:	20004bcc 	.word	0x20004bcc
 8004840:	20004c58 	.word	0x20004c58
 8004844:	20004b44 	.word	0x20004b44
 8004848:	20004b88 	.word	0x20004b88

0800484c <vTaskInternalSetTimeOutState>:
	pxTimeOut->xOverflowCount = xNumOfOverflows;
 800484c:	4b03      	ldr	r3, [pc, #12]	@ (800485c <vTaskInternalSetTimeOutState+0x10>)
 800484e:	681b      	ldr	r3, [r3, #0]
 8004850:	6003      	str	r3, [r0, #0]
	pxTimeOut->xTimeOnEntering = xTickCount;
 8004852:	4b03      	ldr	r3, [pc, #12]	@ (8004860 <vTaskInternalSetTimeOutState+0x14>)
 8004854:	681b      	ldr	r3, [r3, #0]
 8004856:	6043      	str	r3, [r0, #4]
}
 8004858:	4770      	bx	lr
 800485a:	bf00      	nop
 800485c:	20004b40 	.word	0x20004b40
 8004860:	20004b54 	.word	0x20004b54

08004864 <xTaskCheckForTimeOut>:
	configASSERT( pxTimeOut );
 8004864:	b1e0      	cbz	r0, 80048a0 <xTaskCheckForTimeOut+0x3c>
{
 8004866:	b570      	push	{r4, r5, r6, lr}
 8004868:	460c      	mov	r4, r1
 800486a:	4606      	mov	r6, r0
	configASSERT( pxTicksToWait );
 800486c:	b309      	cbz	r1, 80048b2 <xTaskCheckForTimeOut+0x4e>
	taskENTER_CRITICAL();
 800486e:	f7fc fb39 	bl	8000ee4 <vPortEnterCritical>
		const TickType_t xConstTickCount = xTickCount;
 8004872:	4b1c      	ldr	r3, [pc, #112]	@ (80048e4 <xTaskCheckForTimeOut+0x80>)
 8004874:	6819      	ldr	r1, [r3, #0]
		const TickType_t xElapsedTime = xConstTickCount - pxTimeOut->xTimeOnEntering;
 8004876:	6873      	ldr	r3, [r6, #4]
 8004878:	1ac8      	subs	r0, r1, r3
			if( *pxTicksToWait == portMAX_DELAY )
 800487a:	6822      	ldr	r2, [r4, #0]
 800487c:	f1b2 3fff 	cmp.w	r2, #4294967295
 8004880:	d028      	beq.n	80048d4 <xTaskCheckForTimeOut+0x70>
		if( ( xNumOfOverflows != pxTimeOut->xOverflowCount ) && ( xConstTickCount >= pxTimeOut->xTimeOnEntering ) ) /*lint !e525 Indentation preferred as is to make code within pre-processor directives clearer. */
 8004882:	6835      	ldr	r5, [r6, #0]
 8004884:	f8df c060 	ldr.w	ip, [pc, #96]	@ 80048e8 <xTaskCheckForTimeOut+0x84>
 8004888:	f8dc c000 	ldr.w	ip, [ip]
 800488c:	4565      	cmp	r5, ip
 800488e:	d001      	beq.n	8004894 <xTaskCheckForTimeOut+0x30>
 8004890:	428b      	cmp	r3, r1
 8004892:	d924      	bls.n	80048de <xTaskCheckForTimeOut+0x7a>
		else if( xElapsedTime < *pxTicksToWait ) /*lint !e961 Explicit casting is only redundant with some compilers, whereas others require it to prevent integer conversion errors. */
 8004894:	4282      	cmp	r2, r0
 8004896:	d815      	bhi.n	80048c4 <xTaskCheckForTimeOut+0x60>
			*pxTicksToWait = 0;
 8004898:	2300      	movs	r3, #0
 800489a:	6023      	str	r3, [r4, #0]
			xReturn = pdTRUE;
 800489c:	2401      	movs	r4, #1
 800489e:	e01a      	b.n	80048d6 <xTaskCheckForTimeOut+0x72>
 80048a0:	f04f 0350 	mov.w	r3, #80	@ 0x50
 80048a4:	f383 8811 	msr	BASEPRI, r3
 80048a8:	f3bf 8f6f 	isb	sy
 80048ac:	f3bf 8f4f 	dsb	sy
	configASSERT( pxTimeOut );
 80048b0:	e7fe      	b.n	80048b0 <xTaskCheckForTimeOut+0x4c>
 80048b2:	f04f 0350 	mov.w	r3, #80	@ 0x50
 80048b6:	f383 8811 	msr	BASEPRI, r3
 80048ba:	f3bf 8f6f 	isb	sy
 80048be:	f3bf 8f4f 	dsb	sy
	configASSERT( pxTicksToWait );
 80048c2:	e7fe      	b.n	80048c2 <xTaskCheckForTimeOut+0x5e>
			*pxTicksToWait -= xElapsedTime;
 80048c4:	1a5b      	subs	r3, r3, r1
 80048c6:	4413      	add	r3, r2
 80048c8:	6023      	str	r3, [r4, #0]
			vTaskInternalSetTimeOutState( pxTimeOut );
 80048ca:	4630      	mov	r0, r6
 80048cc:	f7ff ffbe 	bl	800484c <vTaskInternalSetTimeOutState>
			xReturn = pdFALSE;
 80048d0:	2400      	movs	r4, #0
 80048d2:	e000      	b.n	80048d6 <xTaskCheckForTimeOut+0x72>
				xReturn = pdFALSE;
 80048d4:	2400      	movs	r4, #0
	taskEXIT_CRITICAL();
 80048d6:	f7fc fb27 	bl	8000f28 <vPortExitCritical>
}
 80048da:	4620      	mov	r0, r4
 80048dc:	bd70      	pop	{r4, r5, r6, pc}
			xReturn = pdTRUE;
 80048de:	2401      	movs	r4, #1
 80048e0:	e7f9      	b.n	80048d6 <xTaskCheckForTimeOut+0x72>
 80048e2:	bf00      	nop
 80048e4:	20004b54 	.word	0x20004b54
 80048e8:	20004b40 	.word	0x20004b40

080048ec <vTaskMissedYield>:
	xYieldPending = pdTRUE;
 80048ec:	4b01      	ldr	r3, [pc, #4]	@ (80048f4 <vTaskMissedYield+0x8>)
 80048ee:	2201      	movs	r2, #1
 80048f0:	601a      	str	r2, [r3, #0]
}
 80048f2:	4770      	bx	lr
 80048f4:	20004b44 	.word	0x20004b44

080048f8 <xTaskGetCurrentTaskHandle>:
		xReturn = pxCurrentTCB;
 80048f8:	4b01      	ldr	r3, [pc, #4]	@ (8004900 <xTaskGetCurrentTaskHandle+0x8>)
 80048fa:	6818      	ldr	r0, [r3, #0]
	}
 80048fc:	4770      	bx	lr
 80048fe:	bf00      	nop
 8004900:	20004c58 	.word	0x20004c58

08004904 <xTaskGetSchedulerState>:
		if( xSchedulerRunning == pdFALSE )
 8004904:	4b05      	ldr	r3, [pc, #20]	@ (800491c <xTaskGetSchedulerState+0x18>)
 8004906:	681b      	ldr	r3, [r3, #0]
 8004908:	b133      	cbz	r3, 8004918 <xTaskGetSchedulerState+0x14>
			if( uxSchedulerSuspended == ( UBaseType_t ) pdFALSE )
 800490a:	4b05      	ldr	r3, [pc, #20]	@ (8004920 <xTaskGetSchedulerState+0x1c>)
 800490c:	681b      	ldr	r3, [r3, #0]
 800490e:	b10b      	cbz	r3, 8004914 <xTaskGetSchedulerState+0x10>
				xReturn = taskSCHEDULER_SUSPENDED;
 8004910:	2000      	movs	r0, #0
	}
 8004912:	4770      	bx	lr
				xReturn = taskSCHEDULER_RUNNING;
 8004914:	2002      	movs	r0, #2
 8004916:	4770      	bx	lr
			xReturn = taskSCHEDULER_NOT_STARTED;
 8004918:	2001      	movs	r0, #1
 800491a:	4770      	bx	lr
 800491c:	20004b4c 	.word	0x20004b4c
 8004920:	20004b30 	.word	0x20004b30

08004924 <xTaskPriorityInherit>:
		if( pxMutexHolder != NULL )
 8004924:	2800      	cmp	r0, #0
 8004926:	d04b      	beq.n	80049c0 <xTaskPriorityInherit+0x9c>
	{
 8004928:	b538      	push	{r3, r4, r5, lr}
 800492a:	4604      	mov	r4, r0
			if( pxMutexHolderTCB->uxPriority < pxCurrentTCB->uxPriority )
 800492c:	6ac3      	ldr	r3, [r0, #44]	@ 0x2c
 800492e:	4a25      	ldr	r2, [pc, #148]	@ (80049c4 <xTaskPriorityInherit+0xa0>)
 8004930:	6812      	ldr	r2, [r2, #0]
 8004932:	6ad2      	ldr	r2, [r2, #44]	@ 0x2c
 8004934:	4293      	cmp	r3, r2
 8004936:	d239      	bcs.n	80049ac <xTaskPriorityInherit+0x88>
				if( ( listGET_LIST_ITEM_VALUE( &( pxMutexHolderTCB->xEventListItem ) ) & taskEVENT_LIST_ITEM_VALUE_IN_USE ) == 0UL )
 8004938:	6982      	ldr	r2, [r0, #24]
 800493a:	2a00      	cmp	r2, #0
 800493c:	db05      	blt.n	800494a <xTaskPriorityInherit+0x26>
					listSET_LIST_ITEM_VALUE( &( pxMutexHolderTCB->xEventListItem ), ( TickType_t ) configMAX_PRIORITIES - ( TickType_t ) pxCurrentTCB->uxPriority ); /*lint !e961 MISRA exception as the casts are only redundant for some ports. */
 800493e:	4a21      	ldr	r2, [pc, #132]	@ (80049c4 <xTaskPriorityInherit+0xa0>)
 8004940:	6812      	ldr	r2, [r2, #0]
 8004942:	6ad2      	ldr	r2, [r2, #44]	@ 0x2c
 8004944:	f1c2 0207 	rsb	r2, r2, #7
 8004948:	6182      	str	r2, [r0, #24]
				if( listIS_CONTAINED_WITHIN( &( pxReadyTasksLists[ pxMutexHolderTCB->uxPriority ] ), &( pxMutexHolderTCB->xStateListItem ) ) != pdFALSE )
 800494a:	6961      	ldr	r1, [r4, #20]
 800494c:	eb03 0383 	add.w	r3, r3, r3, lsl #2
 8004950:	4a1d      	ldr	r2, [pc, #116]	@ (80049c8 <xTaskPriorityInherit+0xa4>)
 8004952:	eb02 0383 	add.w	r3, r2, r3, lsl #2
 8004956:	4299      	cmp	r1, r3
 8004958:	d005      	beq.n	8004966 <xTaskPriorityInherit+0x42>
					pxMutexHolderTCB->uxPriority = pxCurrentTCB->uxPriority;
 800495a:	4b1a      	ldr	r3, [pc, #104]	@ (80049c4 <xTaskPriorityInherit+0xa0>)
 800495c:	681b      	ldr	r3, [r3, #0]
 800495e:	6adb      	ldr	r3, [r3, #44]	@ 0x2c
 8004960:	62e3      	str	r3, [r4, #44]	@ 0x2c
				xReturn = pdTRUE;
 8004962:	2001      	movs	r0, #1
	}
 8004964:	bd38      	pop	{r3, r4, r5, pc}
					if( uxListRemove( &( pxMutexHolderTCB->xStateListItem ) ) == ( UBaseType_t ) 0 )
 8004966:	1d23      	adds	r3, r4, #4
 8004968:	461d      	mov	r5, r3
 800496a:	4618      	mov	r0, r3
 800496c:	f7fc f803 	bl	8000976 <uxListRemove>
 8004970:	b938      	cbnz	r0, 8004982 <xTaskPriorityInherit+0x5e>
						portRESET_READY_PRIORITY( pxMutexHolderTCB->uxPriority, uxTopReadyPriority );
 8004972:	6ae3      	ldr	r3, [r4, #44]	@ 0x2c
 8004974:	2201      	movs	r2, #1
 8004976:	409a      	lsls	r2, r3
 8004978:	4914      	ldr	r1, [pc, #80]	@ (80049cc <xTaskPriorityInherit+0xa8>)
 800497a:	680b      	ldr	r3, [r1, #0]
 800497c:	ea23 0302 	bic.w	r3, r3, r2
 8004980:	600b      	str	r3, [r1, #0]
					pxMutexHolderTCB->uxPriority = pxCurrentTCB->uxPriority;
 8004982:	4b10      	ldr	r3, [pc, #64]	@ (80049c4 <xTaskPriorityInherit+0xa0>)
 8004984:	681b      	ldr	r3, [r3, #0]
 8004986:	6ad8      	ldr	r0, [r3, #44]	@ 0x2c
 8004988:	62e0      	str	r0, [r4, #44]	@ 0x2c
					prvAddTaskToReadyList( pxMutexHolderTCB );
 800498a:	2401      	movs	r4, #1
 800498c:	fa04 f300 	lsl.w	r3, r4, r0
 8004990:	4a0e      	ldr	r2, [pc, #56]	@ (80049cc <xTaskPriorityInherit+0xa8>)
 8004992:	6811      	ldr	r1, [r2, #0]
 8004994:	430b      	orrs	r3, r1
 8004996:	6013      	str	r3, [r2, #0]
 8004998:	eb00 0080 	add.w	r0, r0, r0, lsl #2
 800499c:	4629      	mov	r1, r5
 800499e:	4b0a      	ldr	r3, [pc, #40]	@ (80049c8 <xTaskPriorityInherit+0xa4>)
 80049a0:	eb03 0080 	add.w	r0, r3, r0, lsl #2
 80049a4:	f7fb ffc0 	bl	8000928 <vListInsertEnd>
				xReturn = pdTRUE;
 80049a8:	4620      	mov	r0, r4
 80049aa:	e7db      	b.n	8004964 <xTaskPriorityInherit+0x40>
				if( pxMutexHolderTCB->uxBasePriority < pxCurrentTCB->uxPriority )
 80049ac:	6c42      	ldr	r2, [r0, #68]	@ 0x44
 80049ae:	4b05      	ldr	r3, [pc, #20]	@ (80049c4 <xTaskPriorityInherit+0xa0>)
 80049b0:	681b      	ldr	r3, [r3, #0]
 80049b2:	6adb      	ldr	r3, [r3, #44]	@ 0x2c
 80049b4:	429a      	cmp	r2, r3
 80049b6:	d301      	bcc.n	80049bc <xTaskPriorityInherit+0x98>
	BaseType_t xReturn = pdFALSE;
 80049b8:	2000      	movs	r0, #0
 80049ba:	e7d3      	b.n	8004964 <xTaskPriorityInherit+0x40>
					xReturn = pdTRUE;
 80049bc:	2001      	movs	r0, #1
		return xReturn;
 80049be:	e7d1      	b.n	8004964 <xTaskPriorityInherit+0x40>
	}
 80049c0:	4770      	bx	lr
 80049c2:	bf00      	nop
 80049c4:	20004c58 	.word	0x20004c58
 80049c8:	20004bcc 	.word	0x20004bcc
 80049cc:	20004b50 	.word	0x20004b50

080049d0 <xTaskPriorityDisinherit>:
		if( pxMutexHolder != NULL )
 80049d0:	2800      	cmp	r0, #0
 80049d2:	d04e      	beq.n	8004a72 <xTaskPriorityDisinherit+0xa2>
	{
 80049d4:	b538      	push	{r3, r4, r5, lr}
 80049d6:	4604      	mov	r4, r0
			configASSERT( pxTCB == pxCurrentTCB );
 80049d8:	4b26      	ldr	r3, [pc, #152]	@ (8004a74 <xTaskPriorityDisinherit+0xa4>)
 80049da:	681b      	ldr	r3, [r3, #0]
 80049dc:	4283      	cmp	r3, r0
 80049de:	d008      	beq.n	80049f2 <xTaskPriorityDisinherit+0x22>
 80049e0:	f04f 0350 	mov.w	r3, #80	@ 0x50
 80049e4:	f383 8811 	msr	BASEPRI, r3
 80049e8:	f3bf 8f6f 	isb	sy
 80049ec:	f3bf 8f4f 	dsb	sy
 80049f0:	e7fe      	b.n	80049f0 <xTaskPriorityDisinherit+0x20>
			configASSERT( pxTCB->uxMutexesHeld );
 80049f2:	6c83      	ldr	r3, [r0, #72]	@ 0x48
 80049f4:	b943      	cbnz	r3, 8004a08 <xTaskPriorityDisinherit+0x38>
 80049f6:	f04f 0350 	mov.w	r3, #80	@ 0x50
 80049fa:	f383 8811 	msr	BASEPRI, r3
 80049fe:	f3bf 8f6f 	isb	sy
 8004a02:	f3bf 8f4f 	dsb	sy
 8004a06:	e7fe      	b.n	8004a06 <xTaskPriorityDisinherit+0x36>
			( pxTCB->uxMutexesHeld )--;
 8004a08:	3b01      	subs	r3, #1
 8004a0a:	6483      	str	r3, [r0, #72]	@ 0x48
			if( pxTCB->uxPriority != pxTCB->uxBasePriority )
 8004a0c:	6ac1      	ldr	r1, [r0, #44]	@ 0x2c
 8004a0e:	6c42      	ldr	r2, [r0, #68]	@ 0x44
 8004a10:	4291      	cmp	r1, r2
 8004a12:	d02c      	beq.n	8004a6e <xTaskPriorityDisinherit+0x9e>
				if( pxTCB->uxMutexesHeld == ( UBaseType_t ) 0 )
 8004a14:	b10b      	cbz	r3, 8004a1a <xTaskPriorityDisinherit+0x4a>
	BaseType_t xReturn = pdFALSE;
 8004a16:	2000      	movs	r0, #0
	}
 8004a18:	bd38      	pop	{r3, r4, r5, pc}
					if( uxListRemove( &( pxTCB->xStateListItem ) ) == ( UBaseType_t ) 0 )
 8004a1a:	1d03      	adds	r3, r0, #4
 8004a1c:	461d      	mov	r5, r3
 8004a1e:	4618      	mov	r0, r3
 8004a20:	f7fb ffa9 	bl	8000976 <uxListRemove>
 8004a24:	b968      	cbnz	r0, 8004a42 <xTaskPriorityDisinherit+0x72>
						taskRESET_READY_PRIORITY( pxTCB->uxPriority );
 8004a26:	6ae3      	ldr	r3, [r4, #44]	@ 0x2c
 8004a28:	eb03 0283 	add.w	r2, r3, r3, lsl #2
 8004a2c:	0092      	lsls	r2, r2, #2
 8004a2e:	4912      	ldr	r1, [pc, #72]	@ (8004a78 <xTaskPriorityDisinherit+0xa8>)
 8004a30:	588a      	ldr	r2, [r1, r2]
 8004a32:	b932      	cbnz	r2, 8004a42 <xTaskPriorityDisinherit+0x72>
 8004a34:	2201      	movs	r2, #1
 8004a36:	409a      	lsls	r2, r3
 8004a38:	4910      	ldr	r1, [pc, #64]	@ (8004a7c <xTaskPriorityDisinherit+0xac>)
 8004a3a:	680b      	ldr	r3, [r1, #0]
 8004a3c:	ea23 0302 	bic.w	r3, r3, r2
 8004a40:	600b      	str	r3, [r1, #0]
					pxTCB->uxPriority = pxTCB->uxBasePriority;
 8004a42:	6c60      	ldr	r0, [r4, #68]	@ 0x44
 8004a44:	62e0      	str	r0, [r4, #44]	@ 0x2c
					listSET_LIST_ITEM_VALUE( &( pxTCB->xEventListItem ), ( TickType_t ) configMAX_PRIORITIES - ( TickType_t ) pxTCB->uxPriority ); /*lint !e961 MISRA exception as the casts are only redundant for some ports. */
 8004a46:	f1c0 0307 	rsb	r3, r0, #7
 8004a4a:	61a3      	str	r3, [r4, #24]
					prvAddTaskToReadyList( pxTCB );
 8004a4c:	2401      	movs	r4, #1
 8004a4e:	fa04 f300 	lsl.w	r3, r4, r0
 8004a52:	4a0a      	ldr	r2, [pc, #40]	@ (8004a7c <xTaskPriorityDisinherit+0xac>)
 8004a54:	6811      	ldr	r1, [r2, #0]
 8004a56:	430b      	orrs	r3, r1
 8004a58:	6013      	str	r3, [r2, #0]
 8004a5a:	eb00 0080 	add.w	r0, r0, r0, lsl #2
 8004a5e:	4629      	mov	r1, r5
 8004a60:	4b05      	ldr	r3, [pc, #20]	@ (8004a78 <xTaskPriorityDisinherit+0xa8>)
 8004a62:	eb03 0080 	add.w	r0, r3, r0, lsl #2
 8004a66:	f7fb ff5f 	bl	8000928 <vListInsertEnd>
					xReturn = pdTRUE;
 8004a6a:	4620      	mov	r0, r4
 8004a6c:	e7d4      	b.n	8004a18 <xTaskPriorityDisinherit+0x48>
	BaseType_t xReturn = pdFALSE;
 8004a6e:	2000      	movs	r0, #0
 8004a70:	e7d2      	b.n	8004a18 <xTaskPriorityDisinherit+0x48>
	}
 8004a72:	4770      	bx	lr
 8004a74:	20004c58 	.word	0x20004c58
 8004a78:	20004bcc 	.word	0x20004bcc
 8004a7c:	20004b50 	.word	0x20004b50

08004a80 <vTaskPriorityDisinheritAfterTimeout>:
		if( pxMutexHolder != NULL )
 8004a80:	2800      	cmp	r0, #0
 8004a82:	d050      	beq.n	8004b26 <vTaskPriorityDisinheritAfterTimeout+0xa6>
	{
 8004a84:	b538      	push	{r3, r4, r5, lr}
 8004a86:	4604      	mov	r4, r0
			configASSERT( pxTCB->uxMutexesHeld );
 8004a88:	6c83      	ldr	r3, [r0, #72]	@ 0x48
 8004a8a:	b943      	cbnz	r3, 8004a9e <vTaskPriorityDisinheritAfterTimeout+0x1e>
 8004a8c:	f04f 0350 	mov.w	r3, #80	@ 0x50
 8004a90:	f383 8811 	msr	BASEPRI, r3
 8004a94:	f3bf 8f6f 	isb	sy
 8004a98:	f3bf 8f4f 	dsb	sy
 8004a9c:	e7fe      	b.n	8004a9c <vTaskPriorityDisinheritAfterTimeout+0x1c>
			if( pxTCB->uxBasePriority < uxHighestPriorityWaitingTask )
 8004a9e:	6c42      	ldr	r2, [r0, #68]	@ 0x44
 8004aa0:	428a      	cmp	r2, r1
 8004aa2:	d200      	bcs.n	8004aa6 <vTaskPriorityDisinheritAfterTimeout+0x26>
				uxPriorityToUse = uxHighestPriorityWaitingTask;
 8004aa4:	460a      	mov	r2, r1
			if( pxTCB->uxPriority != uxPriorityToUse )
 8004aa6:	6ae1      	ldr	r1, [r4, #44]	@ 0x2c
 8004aa8:	4291      	cmp	r1, r2
 8004aaa:	d001      	beq.n	8004ab0 <vTaskPriorityDisinheritAfterTimeout+0x30>
				if( pxTCB->uxMutexesHeld == uxOnlyOneMutexHeld )
 8004aac:	2b01      	cmp	r3, #1
 8004aae:	d000      	beq.n	8004ab2 <vTaskPriorityDisinheritAfterTimeout+0x32>
	}
 8004ab0:	bd38      	pop	{r3, r4, r5, pc}
					configASSERT( pxTCB != pxCurrentTCB );
 8004ab2:	4b1d      	ldr	r3, [pc, #116]	@ (8004b28 <vTaskPriorityDisinheritAfterTimeout+0xa8>)
 8004ab4:	681b      	ldr	r3, [r3, #0]
 8004ab6:	42a3      	cmp	r3, r4
 8004ab8:	d02c      	beq.n	8004b14 <vTaskPriorityDisinheritAfterTimeout+0x94>
					pxTCB->uxPriority = uxPriorityToUse;
 8004aba:	62e2      	str	r2, [r4, #44]	@ 0x2c
					if( ( listGET_LIST_ITEM_VALUE( &( pxTCB->xEventListItem ) ) & taskEVENT_LIST_ITEM_VALUE_IN_USE ) == 0UL )
 8004abc:	69a3      	ldr	r3, [r4, #24]
 8004abe:	2b00      	cmp	r3, #0
 8004ac0:	db02      	blt.n	8004ac8 <vTaskPriorityDisinheritAfterTimeout+0x48>
						listSET_LIST_ITEM_VALUE( &( pxTCB->xEventListItem ), ( TickType_t ) configMAX_PRIORITIES - ( TickType_t ) uxPriorityToUse ); /*lint !e961 MISRA exception as the casts are only redundant for some ports. */
 8004ac2:	f1c2 0207 	rsb	r2, r2, #7
 8004ac6:	61a2      	str	r2, [r4, #24]
					if( listIS_CONTAINED_WITHIN( &( pxReadyTasksLists[ uxPriorityUsedOnEntry ] ), &( pxTCB->xStateListItem ) ) != pdFALSE )
 8004ac8:	6962      	ldr	r2, [r4, #20]
 8004aca:	eb01 0181 	add.w	r1, r1, r1, lsl #2
 8004ace:	4b17      	ldr	r3, [pc, #92]	@ (8004b2c <vTaskPriorityDisinheritAfterTimeout+0xac>)
 8004ad0:	eb03 0381 	add.w	r3, r3, r1, lsl #2
 8004ad4:	429a      	cmp	r2, r3
 8004ad6:	d1eb      	bne.n	8004ab0 <vTaskPriorityDisinheritAfterTimeout+0x30>
						if( uxListRemove( &( pxTCB->xStateListItem ) ) == ( UBaseType_t ) 0 )
 8004ad8:	1d23      	adds	r3, r4, #4
 8004ada:	461d      	mov	r5, r3
 8004adc:	4618      	mov	r0, r3
 8004ade:	f7fb ff4a 	bl	8000976 <uxListRemove>
 8004ae2:	b938      	cbnz	r0, 8004af4 <vTaskPriorityDisinheritAfterTimeout+0x74>
							portRESET_READY_PRIORITY( pxTCB->uxPriority, uxTopReadyPriority );
 8004ae4:	6ae3      	ldr	r3, [r4, #44]	@ 0x2c
 8004ae6:	2201      	movs	r2, #1
 8004ae8:	409a      	lsls	r2, r3
 8004aea:	4911      	ldr	r1, [pc, #68]	@ (8004b30 <vTaskPriorityDisinheritAfterTimeout+0xb0>)
 8004aec:	680b      	ldr	r3, [r1, #0]
 8004aee:	ea23 0302 	bic.w	r3, r3, r2
 8004af2:	600b      	str	r3, [r1, #0]
						prvAddTaskToReadyList( pxTCB );
 8004af4:	6ae0      	ldr	r0, [r4, #44]	@ 0x2c
 8004af6:	2301      	movs	r3, #1
 8004af8:	4083      	lsls	r3, r0
 8004afa:	4a0d      	ldr	r2, [pc, #52]	@ (8004b30 <vTaskPriorityDisinheritAfterTimeout+0xb0>)
 8004afc:	6811      	ldr	r1, [r2, #0]
 8004afe:	430b      	orrs	r3, r1
 8004b00:	6013      	str	r3, [r2, #0]
 8004b02:	eb00 0080 	add.w	r0, r0, r0, lsl #2
 8004b06:	4629      	mov	r1, r5
 8004b08:	4b08      	ldr	r3, [pc, #32]	@ (8004b2c <vTaskPriorityDisinheritAfterTimeout+0xac>)
 8004b0a:	eb03 0080 	add.w	r0, r3, r0, lsl #2
 8004b0e:	f7fb ff0b 	bl	8000928 <vListInsertEnd>
	}
 8004b12:	e7cd      	b.n	8004ab0 <vTaskPriorityDisinheritAfterTimeout+0x30>
 8004b14:	f04f 0350 	mov.w	r3, #80	@ 0x50
 8004b18:	f383 8811 	msr	BASEPRI, r3
 8004b1c:	f3bf 8f6f 	isb	sy
 8004b20:	f3bf 8f4f 	dsb	sy
					configASSERT( pxTCB != pxCurrentTCB );
 8004b24:	e7fe      	b.n	8004b24 <vTaskPriorityDisinheritAfterTimeout+0xa4>
 8004b26:	4770      	bx	lr
 8004b28:	20004c58 	.word	0x20004c58
 8004b2c:	20004bcc 	.word	0x20004bcc
 8004b30:	20004b50 	.word	0x20004b50

08004b34 <pvTaskIncrementMutexHeldCount>:
		if( pxCurrentTCB != NULL )
 8004b34:	4b05      	ldr	r3, [pc, #20]	@ (8004b4c <pvTaskIncrementMutexHeldCount+0x18>)
 8004b36:	681b      	ldr	r3, [r3, #0]
 8004b38:	b123      	cbz	r3, 8004b44 <pvTaskIncrementMutexHeldCount+0x10>
			( pxCurrentTCB->uxMutexesHeld )++;
 8004b3a:	4b04      	ldr	r3, [pc, #16]	@ (8004b4c <pvTaskIncrementMutexHeldCount+0x18>)
 8004b3c:	681a      	ldr	r2, [r3, #0]
 8004b3e:	6c93      	ldr	r3, [r2, #72]	@ 0x48
 8004b40:	3301      	adds	r3, #1
 8004b42:	6493      	str	r3, [r2, #72]	@ 0x48
		return pxCurrentTCB;
 8004b44:	4b01      	ldr	r3, [pc, #4]	@ (8004b4c <pvTaskIncrementMutexHeldCount+0x18>)
 8004b46:	6818      	ldr	r0, [r3, #0]
	}
 8004b48:	4770      	bx	lr
 8004b4a:	bf00      	nop
 8004b4c:	20004c58 	.word	0x20004c58

08004b50 <xTaskNotifyWait>:
	{
 8004b50:	b5f8      	push	{r3, r4, r5, r6, r7, lr}
 8004b52:	4605      	mov	r5, r0
 8004b54:	460f      	mov	r7, r1
 8004b56:	4616      	mov	r6, r2
 8004b58:	461c      	mov	r4, r3
		taskENTER_CRITICAL();
 8004b5a:	f7fc f9c3 	bl	8000ee4 <vPortEnterCritical>
			if( pxCurrentTCB->ucNotifyState != taskNOTIFICATION_RECEIVED )
 8004b5e:	4b21      	ldr	r3, [pc, #132]	@ (8004be4 <xTaskNotifyWait+0x94>)
 8004b60:	681b      	ldr	r3, [r3, #0]
 8004b62:	f893 3050 	ldrb.w	r3, [r3, #80]	@ 0x50
 8004b66:	2b02      	cmp	r3, #2
 8004b68:	d00a      	beq.n	8004b80 <xTaskNotifyWait+0x30>
				pxCurrentTCB->ulNotifiedValue &= ~ulBitsToClearOnEntry;
 8004b6a:	4a1e      	ldr	r2, [pc, #120]	@ (8004be4 <xTaskNotifyWait+0x94>)
 8004b6c:	6811      	ldr	r1, [r2, #0]
 8004b6e:	6ccb      	ldr	r3, [r1, #76]	@ 0x4c
 8004b70:	ea23 0305 	bic.w	r3, r3, r5
 8004b74:	64cb      	str	r3, [r1, #76]	@ 0x4c
				pxCurrentTCB->ucNotifyState = taskWAITING_NOTIFICATION;
 8004b76:	6813      	ldr	r3, [r2, #0]
 8004b78:	2201      	movs	r2, #1
 8004b7a:	f883 2050 	strb.w	r2, [r3, #80]	@ 0x50
				if( xTicksToWait > ( TickType_t ) 0 )
 8004b7e:	b9cc      	cbnz	r4, 8004bb4 <xTaskNotifyWait+0x64>
		taskEXIT_CRITICAL();
 8004b80:	f7fc f9d2 	bl	8000f28 <vPortExitCritical>
		taskENTER_CRITICAL();
 8004b84:	f7fc f9ae 	bl	8000ee4 <vPortEnterCritical>
			if( pulNotificationValue != NULL )
 8004b88:	b11e      	cbz	r6, 8004b92 <xTaskNotifyWait+0x42>
				*pulNotificationValue = pxCurrentTCB->ulNotifiedValue;
 8004b8a:	4b16      	ldr	r3, [pc, #88]	@ (8004be4 <xTaskNotifyWait+0x94>)
 8004b8c:	681b      	ldr	r3, [r3, #0]
 8004b8e:	6cdb      	ldr	r3, [r3, #76]	@ 0x4c
 8004b90:	6033      	str	r3, [r6, #0]
			if( pxCurrentTCB->ucNotifyState != taskNOTIFICATION_RECEIVED )
 8004b92:	4b14      	ldr	r3, [pc, #80]	@ (8004be4 <xTaskNotifyWait+0x94>)
 8004b94:	681b      	ldr	r3, [r3, #0]
 8004b96:	f893 3050 	ldrb.w	r3, [r3, #80]	@ 0x50
 8004b9a:	2b02      	cmp	r3, #2
 8004b9c:	d019      	beq.n	8004bd2 <xTaskNotifyWait+0x82>
				xReturn = pdFALSE;
 8004b9e:	2300      	movs	r3, #0
 8004ba0:	461c      	mov	r4, r3
			pxCurrentTCB->ucNotifyState = taskNOT_WAITING_NOTIFICATION;
 8004ba2:	4b10      	ldr	r3, [pc, #64]	@ (8004be4 <xTaskNotifyWait+0x94>)
 8004ba4:	681b      	ldr	r3, [r3, #0]
 8004ba6:	2200      	movs	r2, #0
 8004ba8:	f883 2050 	strb.w	r2, [r3, #80]	@ 0x50
		taskEXIT_CRITICAL();
 8004bac:	f7fc f9bc 	bl	8000f28 <vPortExitCritical>
	}
 8004bb0:	4620      	mov	r0, r4
 8004bb2:	bdf8      	pop	{r3, r4, r5, r6, r7, pc}
					prvAddCurrentTaskToDelayedList( xTicksToWait, pdTRUE );
 8004bb4:	4611      	mov	r1, r2
 8004bb6:	4620      	mov	r0, r4
 8004bb8:	f7ff fb68 	bl	800428c <prvAddCurrentTaskToDelayedList>
					portYIELD_WITHIN_API();
 8004bbc:	f04f 23e0 	mov.w	r3, #3758153728	@ 0xe000e000
 8004bc0:	f04f 5280 	mov.w	r2, #268435456	@ 0x10000000
 8004bc4:	f8c3 2d04 	str.w	r2, [r3, #3332]	@ 0xd04
 8004bc8:	f3bf 8f4f 	dsb	sy
 8004bcc:	f3bf 8f6f 	isb	sy
 8004bd0:	e7d6      	b.n	8004b80 <xTaskNotifyWait+0x30>
				pxCurrentTCB->ulNotifiedValue &= ~ulBitsToClearOnExit;
 8004bd2:	4b04      	ldr	r3, [pc, #16]	@ (8004be4 <xTaskNotifyWait+0x94>)
 8004bd4:	681a      	ldr	r2, [r3, #0]
 8004bd6:	6cd3      	ldr	r3, [r2, #76]	@ 0x4c
 8004bd8:	ea23 0307 	bic.w	r3, r3, r7
 8004bdc:	64d3      	str	r3, [r2, #76]	@ 0x4c
				xReturn = pdTRUE;
 8004bde:	2301      	movs	r3, #1
 8004be0:	461c      	mov	r4, r3
 8004be2:	e7de      	b.n	8004ba2 <xTaskNotifyWait+0x52>
 8004be4:	20004c58 	.word	0x20004c58

08004be8 <xTaskGenericNotify>:
	{
 8004be8:	b5f8      	push	{r3, r4, r5, r6, r7, lr}
		configASSERT( xTaskToNotify );
 8004bea:	b1f0      	cbz	r0, 8004c2a <xTaskGenericNotify+0x42>
 8004bec:	460f      	mov	r7, r1
 8004bee:	4614      	mov	r4, r2
 8004bf0:	461e      	mov	r6, r3
 8004bf2:	4605      	mov	r5, r0
		taskENTER_CRITICAL();
 8004bf4:	f7fc f976 	bl	8000ee4 <vPortEnterCritical>
			if( pulPreviousNotificationValue != NULL )
 8004bf8:	b10e      	cbz	r6, 8004bfe <xTaskGenericNotify+0x16>
				*pulPreviousNotificationValue = pxTCB->ulNotifiedValue;
 8004bfa:	6ceb      	ldr	r3, [r5, #76]	@ 0x4c
 8004bfc:	6033      	str	r3, [r6, #0]
			ucOriginalNotifyState = pxTCB->ucNotifyState;
 8004bfe:	f895 3050 	ldrb.w	r3, [r5, #80]	@ 0x50
 8004c02:	b2db      	uxtb	r3, r3
			pxTCB->ucNotifyState = taskNOTIFICATION_RECEIVED;
 8004c04:	2202      	movs	r2, #2
 8004c06:	f885 2050 	strb.w	r2, [r5, #80]	@ 0x50
			switch( eAction )
 8004c0a:	4294      	cmp	r4, r2
 8004c0c:	d01e      	beq.n	8004c4c <xTaskGenericNotify+0x64>
 8004c0e:	d815      	bhi.n	8004c3c <xTaskGenericNotify+0x54>
 8004c10:	b124      	cbz	r4, 8004c1c <xTaskGenericNotify+0x34>
 8004c12:	2c01      	cmp	r4, #1
 8004c14:	d120      	bne.n	8004c58 <xTaskGenericNotify+0x70>
					pxTCB->ulNotifiedValue |= ulValue;
 8004c16:	6cea      	ldr	r2, [r5, #76]	@ 0x4c
 8004c18:	433a      	orrs	r2, r7
 8004c1a:	64ea      	str	r2, [r5, #76]	@ 0x4c
			if( ucOriginalNotifyState == taskWAITING_NOTIFICATION )
 8004c1c:	2b01      	cmp	r3, #1
 8004c1e:	d028      	beq.n	8004c72 <xTaskGenericNotify+0x8a>
 8004c20:	2401      	movs	r4, #1
		taskEXIT_CRITICAL();
 8004c22:	f7fc f981 	bl	8000f28 <vPortExitCritical>
	}
 8004c26:	4620      	mov	r0, r4
 8004c28:	bdf8      	pop	{r3, r4, r5, r6, r7, pc}
 8004c2a:	f04f 0350 	mov.w	r3, #80	@ 0x50
 8004c2e:	f383 8811 	msr	BASEPRI, r3
 8004c32:	f3bf 8f6f 	isb	sy
 8004c36:	f3bf 8f4f 	dsb	sy
		configASSERT( xTaskToNotify );
 8004c3a:	e7fe      	b.n	8004c3a <xTaskGenericNotify+0x52>
			switch( eAction )
 8004c3c:	2c03      	cmp	r4, #3
 8004c3e:	d009      	beq.n	8004c54 <xTaskGenericNotify+0x6c>
 8004c40:	2c04      	cmp	r4, #4
 8004c42:	d109      	bne.n	8004c58 <xTaskGenericNotify+0x70>
					if( ucOriginalNotifyState != taskNOTIFICATION_RECEIVED )
 8004c44:	2b02      	cmp	r3, #2
 8004c46:	d044      	beq.n	8004cd2 <xTaskGenericNotify+0xea>
						pxTCB->ulNotifiedValue = ulValue;
 8004c48:	64ef      	str	r7, [r5, #76]	@ 0x4c
 8004c4a:	e7e7      	b.n	8004c1c <xTaskGenericNotify+0x34>
					( pxTCB->ulNotifiedValue )++;
 8004c4c:	6cea      	ldr	r2, [r5, #76]	@ 0x4c
 8004c4e:	3201      	adds	r2, #1
 8004c50:	64ea      	str	r2, [r5, #76]	@ 0x4c
					break;
 8004c52:	e7e3      	b.n	8004c1c <xTaskGenericNotify+0x34>
					pxTCB->ulNotifiedValue = ulValue;
 8004c54:	64ef      	str	r7, [r5, #76]	@ 0x4c
					break;
 8004c56:	e7e1      	b.n	8004c1c <xTaskGenericNotify+0x34>
					configASSERT( pxTCB->ulNotifiedValue == ~0UL );
 8004c58:	6cea      	ldr	r2, [r5, #76]	@ 0x4c
 8004c5a:	f1b2 3fff 	cmp.w	r2, #4294967295
 8004c5e:	d0dd      	beq.n	8004c1c <xTaskGenericNotify+0x34>
 8004c60:	f04f 0350 	mov.w	r3, #80	@ 0x50
 8004c64:	f383 8811 	msr	BASEPRI, r3
 8004c68:	f3bf 8f6f 	isb	sy
 8004c6c:	f3bf 8f4f 	dsb	sy
 8004c70:	e7fe      	b.n	8004c70 <xTaskGenericNotify+0x88>
				( void ) uxListRemove( &( pxTCB->xStateListItem ) );
 8004c72:	1d2c      	adds	r4, r5, #4
 8004c74:	4620      	mov	r0, r4
 8004c76:	f7fb fe7e 	bl	8000976 <uxListRemove>
				prvAddTaskToReadyList( pxTCB );
 8004c7a:	6ae8      	ldr	r0, [r5, #44]	@ 0x2c
 8004c7c:	2301      	movs	r3, #1
 8004c7e:	4083      	lsls	r3, r0
 8004c80:	4a16      	ldr	r2, [pc, #88]	@ (8004cdc <xTaskGenericNotify+0xf4>)
 8004c82:	6811      	ldr	r1, [r2, #0]
 8004c84:	430b      	orrs	r3, r1
 8004c86:	6013      	str	r3, [r2, #0]
 8004c88:	eb00 0080 	add.w	r0, r0, r0, lsl #2
 8004c8c:	4621      	mov	r1, r4
 8004c8e:	4b14      	ldr	r3, [pc, #80]	@ (8004ce0 <xTaskGenericNotify+0xf8>)
 8004c90:	eb03 0080 	add.w	r0, r3, r0, lsl #2
 8004c94:	f7fb fe48 	bl	8000928 <vListInsertEnd>
				configASSERT( listLIST_ITEM_CONTAINER( &( pxTCB->xEventListItem ) ) == NULL );
 8004c98:	6aab      	ldr	r3, [r5, #40]	@ 0x28
 8004c9a:	b143      	cbz	r3, 8004cae <xTaskGenericNotify+0xc6>
 8004c9c:	f04f 0350 	mov.w	r3, #80	@ 0x50
 8004ca0:	f383 8811 	msr	BASEPRI, r3
 8004ca4:	f3bf 8f6f 	isb	sy
 8004ca8:	f3bf 8f4f 	dsb	sy
 8004cac:	e7fe      	b.n	8004cac <xTaskGenericNotify+0xc4>
				if( pxTCB->uxPriority > pxCurrentTCB->uxPriority )
 8004cae:	6aea      	ldr	r2, [r5, #44]	@ 0x2c
 8004cb0:	4b0c      	ldr	r3, [pc, #48]	@ (8004ce4 <xTaskGenericNotify+0xfc>)
 8004cb2:	681b      	ldr	r3, [r3, #0]
 8004cb4:	6adb      	ldr	r3, [r3, #44]	@ 0x2c
 8004cb6:	429a      	cmp	r2, r3
 8004cb8:	d90d      	bls.n	8004cd6 <xTaskGenericNotify+0xee>
					taskYIELD_IF_USING_PREEMPTION();
 8004cba:	f04f 23e0 	mov.w	r3, #3758153728	@ 0xe000e000
 8004cbe:	f04f 5280 	mov.w	r2, #268435456	@ 0x10000000
 8004cc2:	f8c3 2d04 	str.w	r2, [r3, #3332]	@ 0xd04
 8004cc6:	f3bf 8f4f 	dsb	sy
 8004cca:	f3bf 8f6f 	isb	sy
 8004cce:	2401      	movs	r4, #1
 8004cd0:	e7a7      	b.n	8004c22 <xTaskGenericNotify+0x3a>
						xReturn = pdFAIL;
 8004cd2:	2400      	movs	r4, #0
 8004cd4:	e7a5      	b.n	8004c22 <xTaskGenericNotify+0x3a>
 8004cd6:	2401      	movs	r4, #1
 8004cd8:	e7a3      	b.n	8004c22 <xTaskGenericNotify+0x3a>
 8004cda:	bf00      	nop
 8004cdc:	20004b50 	.word	0x20004b50
 8004ce0:	20004bcc 	.word	0x20004bcc
 8004ce4:	20004c58 	.word	0x20004c58

08004ce8 <xTaskGenericNotifyFromISR>:
		configASSERT( xTaskToNotify );
 8004ce8:	b358      	cbz	r0, 8004d42 <xTaskGenericNotifyFromISR+0x5a>
	{
 8004cea:	e92d 41f0 	stmdb	sp!, {r4, r5, r6, r7, r8, lr}
 8004cee:	460f      	mov	r7, r1
 8004cf0:	4614      	mov	r4, r2
 8004cf2:	461e      	mov	r6, r3
 8004cf4:	4605      	mov	r5, r0
		portASSERT_IF_INTERRUPT_PRIORITY_INVALID();
 8004cf6:	f7fc fa1d 	bl	8001134 <vPortValidateInterruptPriority>
	__asm volatile
 8004cfa:	f3ef 8311 	mrs	r3, BASEPRI
 8004cfe:	f04f 0250 	mov.w	r2, #80	@ 0x50
 8004d02:	f382 8811 	msr	BASEPRI, r2
 8004d06:	f3bf 8f6f 	isb	sy
 8004d0a:	f3bf 8f4f 	dsb	sy
 8004d0e:	4698      	mov	r8, r3
			if( pulPreviousNotificationValue != NULL )
 8004d10:	b10e      	cbz	r6, 8004d16 <xTaskGenericNotifyFromISR+0x2e>
				*pulPreviousNotificationValue = pxTCB->ulNotifiedValue;
 8004d12:	6ceb      	ldr	r3, [r5, #76]	@ 0x4c
 8004d14:	6033      	str	r3, [r6, #0]
			ucOriginalNotifyState = pxTCB->ucNotifyState;
 8004d16:	f895 3050 	ldrb.w	r3, [r5, #80]	@ 0x50
 8004d1a:	b2db      	uxtb	r3, r3
			pxTCB->ucNotifyState = taskNOTIFICATION_RECEIVED;
 8004d1c:	2202      	movs	r2, #2
 8004d1e:	f885 2050 	strb.w	r2, [r5, #80]	@ 0x50
			switch( eAction )
 8004d22:	4294      	cmp	r4, r2
 8004d24:	d01e      	beq.n	8004d64 <xTaskGenericNotifyFromISR+0x7c>
 8004d26:	d815      	bhi.n	8004d54 <xTaskGenericNotifyFromISR+0x6c>
 8004d28:	b124      	cbz	r4, 8004d34 <xTaskGenericNotifyFromISR+0x4c>
 8004d2a:	2c01      	cmp	r4, #1
 8004d2c:	d120      	bne.n	8004d70 <xTaskGenericNotifyFromISR+0x88>
					pxTCB->ulNotifiedValue |= ulValue;
 8004d2e:	6cea      	ldr	r2, [r5, #76]	@ 0x4c
 8004d30:	433a      	orrs	r2, r7
 8004d32:	64ea      	str	r2, [r5, #76]	@ 0x4c
			if( ucOriginalNotifyState == taskWAITING_NOTIFICATION )
 8004d34:	2b01      	cmp	r3, #1
 8004d36:	d028      	beq.n	8004d8a <xTaskGenericNotifyFromISR+0xa2>
 8004d38:	2001      	movs	r0, #1
	__asm volatile
 8004d3a:	f388 8811 	msr	BASEPRI, r8
	}
 8004d3e:	e8bd 81f0 	ldmia.w	sp!, {r4, r5, r6, r7, r8, pc}
	__asm volatile
 8004d42:	f04f 0350 	mov.w	r3, #80	@ 0x50
 8004d46:	f383 8811 	msr	BASEPRI, r3
 8004d4a:	f3bf 8f6f 	isb	sy
 8004d4e:	f3bf 8f4f 	dsb	sy
		configASSERT( xTaskToNotify );
 8004d52:	e7fe      	b.n	8004d52 <xTaskGenericNotifyFromISR+0x6a>
			switch( eAction )
 8004d54:	2c03      	cmp	r4, #3
 8004d56:	d009      	beq.n	8004d6c <xTaskGenericNotifyFromISR+0x84>
 8004d58:	2c04      	cmp	r4, #4
 8004d5a:	d109      	bne.n	8004d70 <xTaskGenericNotifyFromISR+0x88>
					if( ucOriginalNotifyState != taskNOTIFICATION_RECEIVED )
 8004d5c:	2b02      	cmp	r3, #2
 8004d5e:	d04a      	beq.n	8004df6 <xTaskGenericNotifyFromISR+0x10e>
						pxTCB->ulNotifiedValue = ulValue;
 8004d60:	64ef      	str	r7, [r5, #76]	@ 0x4c
 8004d62:	e7e7      	b.n	8004d34 <xTaskGenericNotifyFromISR+0x4c>
					( pxTCB->ulNotifiedValue )++;
 8004d64:	6cea      	ldr	r2, [r5, #76]	@ 0x4c
 8004d66:	3201      	adds	r2, #1
 8004d68:	64ea      	str	r2, [r5, #76]	@ 0x4c
					break;
 8004d6a:	e7e3      	b.n	8004d34 <xTaskGenericNotifyFromISR+0x4c>
					pxTCB->ulNotifiedValue = ulValue;
 8004d6c:	64ef      	str	r7, [r5, #76]	@ 0x4c
					break;
 8004d6e:	e7e1      	b.n	8004d34 <xTaskGenericNotifyFromISR+0x4c>
					configASSERT( pxTCB->ulNotifiedValue == ~0UL );
 8004d70:	6cea      	ldr	r2, [r5, #76]	@ 0x4c
 8004d72:	f1b2 3fff 	cmp.w	r2, #4294967295
 8004d76:	d0dd      	beq.n	8004d34 <xTaskGenericNotifyFromISR+0x4c>
 8004d78:	f04f 0350 	mov.w	r3, #80	@ 0x50
 8004d7c:	f383 8811 	msr	BASEPRI, r3
 8004d80:	f3bf 8f6f 	isb	sy
 8004d84:	f3bf 8f4f 	dsb	sy
 8004d88:	e7fe      	b.n	8004d88 <xTaskGenericNotifyFromISR+0xa0>
				configASSERT( listLIST_ITEM_CONTAINER( &( pxTCB->xEventListItem ) ) == NULL );
 8004d8a:	6aab      	ldr	r3, [r5, #40]	@ 0x28
 8004d8c:	b143      	cbz	r3, 8004da0 <xTaskGenericNotifyFromISR+0xb8>
 8004d8e:	f04f 0350 	mov.w	r3, #80	@ 0x50
 8004d92:	f383 8811 	msr	BASEPRI, r3
 8004d96:	f3bf 8f6f 	isb	sy
 8004d9a:	f3bf 8f4f 	dsb	sy
 8004d9e:	e7fe      	b.n	8004d9e <xTaskGenericNotifyFromISR+0xb6>
				if( uxSchedulerSuspended == ( UBaseType_t ) pdFALSE )
 8004da0:	4b17      	ldr	r3, [pc, #92]	@ (8004e00 <xTaskGenericNotifyFromISR+0x118>)
 8004da2:	681b      	ldr	r3, [r3, #0]
 8004da4:	bb0b      	cbnz	r3, 8004dea <xTaskGenericNotifyFromISR+0x102>
					( void ) uxListRemove( &( pxTCB->xStateListItem ) );
 8004da6:	1d2c      	adds	r4, r5, #4
 8004da8:	4620      	mov	r0, r4
 8004daa:	f7fb fde4 	bl	8000976 <uxListRemove>
					prvAddTaskToReadyList( pxTCB );
 8004dae:	6ae8      	ldr	r0, [r5, #44]	@ 0x2c
 8004db0:	2301      	movs	r3, #1
 8004db2:	4083      	lsls	r3, r0
 8004db4:	4a13      	ldr	r2, [pc, #76]	@ (8004e04 <xTaskGenericNotifyFromISR+0x11c>)
 8004db6:	6811      	ldr	r1, [r2, #0]
 8004db8:	430b      	orrs	r3, r1
 8004dba:	6013      	str	r3, [r2, #0]
 8004dbc:	eb00 0080 	add.w	r0, r0, r0, lsl #2
 8004dc0:	4621      	mov	r1, r4
 8004dc2:	4b11      	ldr	r3, [pc, #68]	@ (8004e08 <xTaskGenericNotifyFromISR+0x120>)
 8004dc4:	eb03 0080 	add.w	r0, r3, r0, lsl #2
 8004dc8:	f7fb fdae 	bl	8000928 <vListInsertEnd>
				if( pxTCB->uxPriority > pxCurrentTCB->uxPriority )
 8004dcc:	6aea      	ldr	r2, [r5, #44]	@ 0x2c
 8004dce:	4b0f      	ldr	r3, [pc, #60]	@ (8004e0c <xTaskGenericNotifyFromISR+0x124>)
 8004dd0:	681b      	ldr	r3, [r3, #0]
 8004dd2:	6adb      	ldr	r3, [r3, #44]	@ 0x2c
 8004dd4:	429a      	cmp	r2, r3
 8004dd6:	d910      	bls.n	8004dfa <xTaskGenericNotifyFromISR+0x112>
					if( pxHigherPriorityTaskWoken != NULL )
 8004dd8:	9b06      	ldr	r3, [sp, #24]
 8004dda:	b113      	cbz	r3, 8004de2 <xTaskGenericNotifyFromISR+0xfa>
						*pxHigherPriorityTaskWoken = pdTRUE;
 8004ddc:	2301      	movs	r3, #1
 8004dde:	9a06      	ldr	r2, [sp, #24]
 8004de0:	6013      	str	r3, [r2, #0]
					xYieldPending = pdTRUE;
 8004de2:	2001      	movs	r0, #1
 8004de4:	4b0a      	ldr	r3, [pc, #40]	@ (8004e10 <xTaskGenericNotifyFromISR+0x128>)
 8004de6:	6018      	str	r0, [r3, #0]
 8004de8:	e7a7      	b.n	8004d3a <xTaskGenericNotifyFromISR+0x52>
					vListInsertEnd( &( xPendingReadyList ), &( pxTCB->xEventListItem ) );
 8004dea:	f105 0118 	add.w	r1, r5, #24
 8004dee:	4809      	ldr	r0, [pc, #36]	@ (8004e14 <xTaskGenericNotifyFromISR+0x12c>)
 8004df0:	f7fb fd9a 	bl	8000928 <vListInsertEnd>
 8004df4:	e7ea      	b.n	8004dcc <xTaskGenericNotifyFromISR+0xe4>
						xReturn = pdFAIL;
 8004df6:	2000      	movs	r0, #0
 8004df8:	e79f      	b.n	8004d3a <xTaskGenericNotifyFromISR+0x52>
 8004dfa:	2001      	movs	r0, #1
 8004dfc:	e79d      	b.n	8004d3a <xTaskGenericNotifyFromISR+0x52>
 8004dfe:	bf00      	nop
 8004e00:	20004b30 	.word	0x20004b30
 8004e04:	20004b50 	.word	0x20004b50
 8004e08:	20004bcc 	.word	0x20004bcc
 8004e0c:	20004c58 	.word	0x20004c58
 8004e10:	20004b44 	.word	0x20004b44
 8004e14:	20004b88 	.word	0x20004b88

08004e18 <Reset_Handler>:

    .section  .text.Reset_Handler
  .weak  Reset_Handler
  .type  Reset_Handler, %function
Reset_Handler:  
  ldr   sp, =_estack     /* set stack pointer */
 8004e18:	f8df d034 	ldr.w	sp, [pc, #52]	@ 8004e50 <LoopFillZerobss+0xe>
  
/* Call the clock system initialization function.*/
  bl  SystemInit  
 8004e1c:	f7ff f8f0 	bl	8004000 <SystemInit>

/* Copy the data segment initializers from flash to SRAM */  
  ldr r0, =_sdata
 8004e20:	480c      	ldr	r0, [pc, #48]	@ (8004e54 <LoopFillZerobss+0x12>)
  ldr r1, =_edata
 8004e22:	490d      	ldr	r1, [pc, #52]	@ (8004e58 <LoopFillZerobss+0x16>)
  ldr r2, =_sidata
 8004e24:	4a0d      	ldr	r2, [pc, #52]	@ (8004e5c <LoopFillZerobss+0x1a>)
  movs r3, #0
 8004e26:	2300      	movs	r3, #0
  b LoopCopyDataInit
 8004e28:	e002      	b.n	8004e30 <LoopCopyDataInit>

08004e2a <CopyDataInit>:

CopyDataInit:
  ldr r4, [r2, r3]
 8004e2a:	58d4      	ldr	r4, [r2, r3]
  str r4, [r0, r3]
 8004e2c:	50c4      	str	r4, [r0, r3]
  adds r3, r3, #4
 8004e2e:	3304      	adds	r3, #4

08004e30 <LoopCopyDataInit>:

LoopCopyDataInit:
  adds r4, r0, r3
 8004e30:	18c4      	adds	r4, r0, r3
  cmp r4, r1
 8004e32:	428c      	cmp	r4, r1
  bcc CopyDataInit
 8004e34:	d3f9      	bcc.n	8004e2a <CopyDataInit>
  
/* Zero fill the bss segment. */
  ldr r2, =_sbss
 8004e36:	4a0a      	ldr	r2, [pc, #40]	@ (8004e60 <LoopFillZerobss+0x1e>)
  ldr r4, =_ebss
 8004e38:	4c0a      	ldr	r4, [pc, #40]	@ (8004e64 <LoopFillZerobss+0x22>)
  movs r3, #0
 8004e3a:	2300      	movs	r3, #0
  b LoopFillZerobss
 8004e3c:	e001      	b.n	8004e42 <LoopFillZerobss>

08004e3e <FillZerobss>:

FillZerobss:
  str  r3, [r2]
 8004e3e:	6013      	str	r3, [r2, #0]
  adds r2, r2, #4
 8004e40:	3204      	adds	r2, #4

08004e42 <LoopFillZerobss>:

LoopFillZerobss:
  cmp r2, r4
 8004e42:	42a2      	cmp	r2, r4
  bcc FillZerobss
 8004e44:	d3fb      	bcc.n	8004e3e <FillZerobss>

/* Call static constructors */
    bl __libc_init_array
 8004e46:	f000 f819 	bl	8004e7c <__libc_init_array>
/* Call the application's entry point.*/
  bl  main
 8004e4a:	f7fb ff7f 	bl	8000d4c <main>
  bx  lr    
 8004e4e:	4770      	bx	lr
  ldr   sp, =_estack     /* set stack pointer */
 8004e50:	20020000 	.word	0x20020000
  ldr r0, =_sdata
 8004e54:	20000000 	.word	0x20000000
  ldr r1, =_edata
 8004e58:	2000001c 	.word	0x2000001c
  ldr r2, =_sidata
 8004e5c:	080052c0 	.word	0x080052c0
  ldr r2, =_sbss
 8004e60:	2000001c 	.word	0x2000001c
  ldr r4, =_ebss
 8004e64:	20004c5c 	.word	0x20004c5c

08004e68 <ADC_IRQHandler>:
 * @retval None       
*/
    .section  .text.Default_Handler,"ax",%progbits
Default_Handler:
Infinite_Loop:
  b  Infinite_Loop
 8004e68:	e7fe      	b.n	8004e68 <ADC_IRQHandler>

08004e6a <memset>:
 8004e6a:	4402      	add	r2, r0
 8004e6c:	4603      	mov	r3, r0
 8004e6e:	4293      	cmp	r3, r2
 8004e70:	d100      	bne.n	8004e74 <memset+0xa>
 8004e72:	4770      	bx	lr
 8004e74:	f803 1b01 	strb.w	r1, [r3], #1
 8004e78:	e7f9      	b.n	8004e6e <memset+0x4>
	...

08004e7c <__libc_init_array>:
 8004e7c:	b570      	push	{r4, r5, r6, lr}
 8004e7e:	4b0d      	ldr	r3, [pc, #52]	@ (8004eb4 <__libc_init_array+0x38>)
 8004e80:	4c0d      	ldr	r4, [pc, #52]	@ (8004eb8 <__libc_init_array+0x3c>)
 8004e82:	2600      	movs	r6, #0
 8004e84:	1b1d      	subs	r5, r3, r4
 8004e86:	ebb6 0fa5 	cmp.w	r6, r5, asr #2
 8004e8a:	d109      	bne.n	8004ea0 <__libc_init_array+0x24>
 8004e8c:	f000 f9b8 	bl	8005200 <_init>
 8004e90:	4c0a      	ldr	r4, [pc, #40]	@ (8004ebc <__libc_init_array+0x40>)
 8004e92:	4b0b      	ldr	r3, [pc, #44]	@ (8004ec0 <__libc_init_array+0x44>)
 8004e94:	2600      	movs	r6, #0
 8004e96:	1b1d      	subs	r5, r3, r4
 8004e98:	ebb6 0fa5 	cmp.w	r6, r5, asr #2
 8004e9c:	d105      	bne.n	8004eaa <__libc_init_array+0x2e>
 8004e9e:	bd70      	pop	{r4, r5, r6, pc}
 8004ea0:	f854 3b04 	ldr.w	r3, [r4], #4
 8004ea4:	4798      	blx	r3
 8004ea6:	3601      	adds	r6, #1
 8004ea8:	e7ed      	b.n	8004e86 <__libc_init_array+0xa>
 8004eaa:	f854 3b04 	ldr.w	r3, [r4], #4
 8004eae:	4798      	blx	r3
 8004eb0:	3601      	adds	r6, #1
 8004eb2:	e7f1      	b.n	8004e98 <__libc_init_array+0x1c>
 8004eb4:	080052b8 	.word	0x080052b8
 8004eb8:	080052b8 	.word	0x080052b8
 8004ebc:	080052b8 	.word	0x080052b8
 8004ec0:	080052bc 	.word	0x080052bc

08004ec4 <memcpy>:
 8004ec4:	440a      	add	r2, r1
 8004ec6:	4291      	cmp	r1, r2
 8004ec8:	f100 33ff 	add.w	r3, r0, #4294967295
 8004ecc:	d100      	bne.n	8004ed0 <memcpy+0xc>
 8004ece:	4770      	bx	lr
 8004ed0:	b510      	push	{r4, lr}
 8004ed2:	f811 4b01 	ldrb.w	r4, [r1], #1
 8004ed6:	f803 4f01 	strb.w	r4, [r3, #1]!
 8004eda:	4291      	cmp	r1, r2
 8004edc:	d1f9      	bne.n	8004ed2 <memcpy+0xe>
 8004ede:	bd10      	pop	{r4, pc}

08004ee0 <__udivmoddi4>:
 8004ee0:	e92d 47f0 	stmdb	sp!, {r4, r5, r6, r7, r8, r9, sl, lr}
 8004ee4:	b082      	sub	sp, #8
 8004ee6:	4606      	mov	r6, r0
 8004ee8:	f8dd e028 	ldr.w	lr, [sp, #40]	@ 0x28
 8004eec:	4608      	mov	r0, r1
 8004eee:	46b4      	mov	ip, r6
 8004ef0:	460d      	mov	r5, r1
 8004ef2:	2b00      	cmp	r3, #0
 8004ef4:	d14e      	bne.n	8004f94 <__udivmoddi4+0xb4>
 8004ef6:	428a      	cmp	r2, r1
 8004ef8:	4614      	mov	r4, r2
 8004efa:	d96d      	bls.n	8004fd8 <__udivmoddi4+0xf8>
 8004efc:	fab2 f282 	clz	r2, r2
 8004f00:	b142      	cbz	r2, 8004f14 <__udivmoddi4+0x34>
 8004f02:	f1c2 0320 	rsb	r3, r2, #32
 8004f06:	4095      	lsls	r5, r2
 8004f08:	fa26 f303 	lsr.w	r3, r6, r3
 8004f0c:	4094      	lsls	r4, r2
 8004f0e:	431d      	orrs	r5, r3
 8004f10:	fa06 fc02 	lsl.w	ip, r6, r2
 8004f14:	0c26      	lsrs	r6, r4, #16
 8004f16:	b2a7      	uxth	r7, r4
 8004f18:	fbb5 f1f6 	udiv	r1, r5, r6
 8004f1c:	ea4f 431c 	mov.w	r3, ip, lsr #16
 8004f20:	fb06 5511 	mls	r5, r6, r1, r5
 8004f24:	ea43 4305 	orr.w	r3, r3, r5, lsl #16
 8004f28:	fb01 f007 	mul.w	r0, r1, r7
 8004f2c:	4298      	cmp	r0, r3
 8004f2e:	d909      	bls.n	8004f44 <__udivmoddi4+0x64>
 8004f30:	18e3      	adds	r3, r4, r3
 8004f32:	f101 35ff 	add.w	r5, r1, #4294967295
 8004f36:	f080 8103 	bcs.w	8005140 <__udivmoddi4+0x260>
 8004f3a:	4298      	cmp	r0, r3
 8004f3c:	f240 8100 	bls.w	8005140 <__udivmoddi4+0x260>
 8004f40:	3902      	subs	r1, #2
 8004f42:	4423      	add	r3, r4
 8004f44:	1a1b      	subs	r3, r3, r0
 8004f46:	fa1f fc8c 	uxth.w	ip, ip
 8004f4a:	fbb3 f0f6 	udiv	r0, r3, r6
 8004f4e:	fb06 3310 	mls	r3, r6, r0, r3
 8004f52:	ea4c 4c03 	orr.w	ip, ip, r3, lsl #16
 8004f56:	fb00 f307 	mul.w	r3, r0, r7
 8004f5a:	4563      	cmp	r3, ip
 8004f5c:	d90a      	bls.n	8004f74 <__udivmoddi4+0x94>
 8004f5e:	eb14 0c0c 	adds.w	ip, r4, ip
 8004f62:	f100 35ff 	add.w	r5, r0, #4294967295
 8004f66:	f080 80ed 	bcs.w	8005144 <__udivmoddi4+0x264>
 8004f6a:	4563      	cmp	r3, ip
 8004f6c:	f240 80ea 	bls.w	8005144 <__udivmoddi4+0x264>
 8004f70:	44a4      	add	ip, r4
 8004f72:	3802      	subs	r0, #2
 8004f74:	ea40 4001 	orr.w	r0, r0, r1, lsl #16
 8004f78:	ebac 0c03 	sub.w	ip, ip, r3
 8004f7c:	2100      	movs	r1, #0
 8004f7e:	f1be 0f00 	cmp.w	lr, #0
 8004f82:	d004      	beq.n	8004f8e <__udivmoddi4+0xae>
 8004f84:	fa2c f302 	lsr.w	r3, ip, r2
 8004f88:	2200      	movs	r2, #0
 8004f8a:	e9ce 3200 	strd	r3, r2, [lr]
 8004f8e:	b002      	add	sp, #8
 8004f90:	e8bd 87f0 	ldmia.w	sp!, {r4, r5, r6, r7, r8, r9, sl, pc}
 8004f94:	428b      	cmp	r3, r1
 8004f96:	d909      	bls.n	8004fac <__udivmoddi4+0xcc>
 8004f98:	f1be 0f00 	cmp.w	lr, #0
 8004f9c:	d001      	beq.n	8004fa2 <__udivmoddi4+0xc2>
 8004f9e:	e9ce 6100 	strd	r6, r1, [lr]
 8004fa2:	2100      	movs	r1, #0
 8004fa4:	4608      	mov	r0, r1
 8004fa6:	b002      	add	sp, #8
 8004fa8:	e8bd 87f0 	ldmia.w	sp!, {r4, r5, r6, r7, r8, r9, sl, pc}
 8004fac:	fab3 f183 	clz	r1, r3
 8004fb0:	4617      	mov	r7, r2
 8004fb2:	2900      	cmp	r1, #0
 8004fb4:	d14d      	bne.n	8005052 <__udivmoddi4+0x172>
 8004fb6:	4283      	cmp	r3, r0
 8004fb8:	d302      	bcc.n	8004fc0 <__udivmoddi4+0xe0>
 8004fba:	42b2      	cmp	r2, r6
 8004fbc:	f200 810f 	bhi.w	80051de <__udivmoddi4+0x2fe>
 8004fc0:	ebb6 0c07 	subs.w	ip, r6, r7
 8004fc4:	eb60 0303 	sbc.w	r3, r0, r3
 8004fc8:	2001      	movs	r0, #1
 8004fca:	461d      	mov	r5, r3
 8004fcc:	f1be 0f00 	cmp.w	lr, #0
 8004fd0:	d0dd      	beq.n	8004f8e <__udivmoddi4+0xae>
 8004fd2:	e9ce c500 	strd	ip, r5, [lr]
 8004fd6:	e7da      	b.n	8004f8e <__udivmoddi4+0xae>
 8004fd8:	2a00      	cmp	r2, #0
 8004fda:	f000 8098 	beq.w	800510e <__udivmoddi4+0x22e>
 8004fde:	461a      	mov	r2, r3
 8004fe0:	fab4 f384 	clz	r3, r4
 8004fe4:	2b00      	cmp	r3, #0
 8004fe6:	f040 80af 	bne.w	8005148 <__udivmoddi4+0x268>
 8004fea:	1b0b      	subs	r3, r1, r4
 8004fec:	0c27      	lsrs	r7, r4, #16
 8004fee:	b2a6      	uxth	r6, r4
 8004ff0:	2101      	movs	r1, #1
 8004ff2:	fbb3 f5f7 	udiv	r5, r3, r7
 8004ff6:	ea4f 401c 	mov.w	r0, ip, lsr #16
 8004ffa:	fb07 3315 	mls	r3, r7, r5, r3
 8004ffe:	ea40 4303 	orr.w	r3, r0, r3, lsl #16
 8005002:	fb06 f805 	mul.w	r8, r6, r5
 8005006:	4598      	cmp	r8, r3
 8005008:	d907      	bls.n	800501a <__udivmoddi4+0x13a>
 800500a:	18e3      	adds	r3, r4, r3
 800500c:	f105 30ff 	add.w	r0, r5, #4294967295
 8005010:	d202      	bcs.n	8005018 <__udivmoddi4+0x138>
 8005012:	4598      	cmp	r8, r3
 8005014:	f200 80e8 	bhi.w	80051e8 <__udivmoddi4+0x308>
 8005018:	4605      	mov	r5, r0
 800501a:	eba3 0308 	sub.w	r3, r3, r8
 800501e:	fa1f fc8c 	uxth.w	ip, ip
 8005022:	fbb3 f0f7 	udiv	r0, r3, r7
 8005026:	fb07 3310 	mls	r3, r7, r0, r3
 800502a:	ea4c 4c03 	orr.w	ip, ip, r3, lsl #16
 800502e:	fb06 f300 	mul.w	r3, r6, r0
 8005032:	4563      	cmp	r3, ip
 8005034:	d908      	bls.n	8005048 <__udivmoddi4+0x168>
 8005036:	eb14 0c0c 	adds.w	ip, r4, ip
 800503a:	f100 36ff 	add.w	r6, r0, #4294967295
 800503e:	d202      	bcs.n	8005046 <__udivmoddi4+0x166>
 8005040:	4563      	cmp	r3, ip
 8005042:	f200 80ce 	bhi.w	80051e2 <__udivmoddi4+0x302>
 8005046:	4630      	mov	r0, r6
 8005048:	ebac 0c03 	sub.w	ip, ip, r3
 800504c:	ea40 4005 	orr.w	r0, r0, r5, lsl #16
 8005050:	e795      	b.n	8004f7e <__udivmoddi4+0x9e>
 8005052:	f1c1 0520 	rsb	r5, r1, #32
 8005056:	408b      	lsls	r3, r1
 8005058:	fa22 fc05 	lsr.w	ip, r2, r5
 800505c:	ea4c 0c03 	orr.w	ip, ip, r3
 8005060:	fa00 f401 	lsl.w	r4, r0, r1
 8005064:	fa26 f305 	lsr.w	r3, r6, r5
 8005068:	40e8      	lsrs	r0, r5
 800506a:	fa02 f901 	lsl.w	r9, r2, r1
 800506e:	ea43 0804 	orr.w	r8, r3, r4
 8005072:	ea4f 421c 	mov.w	r2, ip, lsr #16
 8005076:	fa06 fa01 	lsl.w	sl, r6, r1
 800507a:	fbb0 f7f2 	udiv	r7, r0, r2
 800507e:	fa1f f68c 	uxth.w	r6, ip
 8005082:	fb02 0017 	mls	r0, r2, r7, r0
 8005086:	ea4f 4418 	mov.w	r4, r8, lsr #16
 800508a:	ea44 4400 	orr.w	r4, r4, r0, lsl #16
 800508e:	fb07 f006 	mul.w	r0, r7, r6
 8005092:	42a0      	cmp	r0, r4
 8005094:	d90a      	bls.n	80050ac <__udivmoddi4+0x1cc>
 8005096:	eb1c 0404 	adds.w	r4, ip, r4
 800509a:	f107 33ff 	add.w	r3, r7, #4294967295
 800509e:	f080 809c 	bcs.w	80051da <__udivmoddi4+0x2fa>
 80050a2:	42a0      	cmp	r0, r4
 80050a4:	f240 8099 	bls.w	80051da <__udivmoddi4+0x2fa>
 80050a8:	3f02      	subs	r7, #2
 80050aa:	4464      	add	r4, ip
 80050ac:	1a24      	subs	r4, r4, r0
 80050ae:	fa1f f388 	uxth.w	r3, r8
 80050b2:	fbb4 f0f2 	udiv	r0, r4, r2
 80050b6:	fb02 4410 	mls	r4, r2, r0, r4
 80050ba:	ea43 4304 	orr.w	r3, r3, r4, lsl #16
 80050be:	fb00 f606 	mul.w	r6, r0, r6
 80050c2:	429e      	cmp	r6, r3
 80050c4:	d909      	bls.n	80050da <__udivmoddi4+0x1fa>
 80050c6:	eb1c 0303 	adds.w	r3, ip, r3
 80050ca:	f100 34ff 	add.w	r4, r0, #4294967295
 80050ce:	f080 8082 	bcs.w	80051d6 <__udivmoddi4+0x2f6>
 80050d2:	429e      	cmp	r6, r3
 80050d4:	d97f      	bls.n	80051d6 <__udivmoddi4+0x2f6>
 80050d6:	3802      	subs	r0, #2
 80050d8:	4463      	add	r3, ip
 80050da:	ea40 4007 	orr.w	r0, r0, r7, lsl #16
 80050de:	fba0 7409 	umull	r7, r4, r0, r9
 80050e2:	1b9b      	subs	r3, r3, r6
 80050e4:	42a3      	cmp	r3, r4
 80050e6:	463e      	mov	r6, r7
 80050e8:	46a0      	mov	r8, r4
 80050ea:	d364      	bcc.n	80051b6 <__udivmoddi4+0x2d6>
 80050ec:	d061      	beq.n	80051b2 <__udivmoddi4+0x2d2>
 80050ee:	f1be 0f00 	cmp.w	lr, #0
 80050f2:	d00a      	beq.n	800510a <__udivmoddi4+0x22a>
 80050f4:	ebba 0206 	subs.w	r2, sl, r6
 80050f8:	eb63 0308 	sbc.w	r3, r3, r8
 80050fc:	fa03 f505 	lsl.w	r5, r3, r5
 8005100:	40ca      	lsrs	r2, r1
 8005102:	4315      	orrs	r5, r2
 8005104:	40cb      	lsrs	r3, r1
 8005106:	e9ce 5300 	strd	r5, r3, [lr]
 800510a:	2100      	movs	r1, #0
 800510c:	e73f      	b.n	8004f8e <__udivmoddi4+0xae>
 800510e:	0873      	lsrs	r3, r6, #1
 8005110:	ea43 73c1 	orr.w	r3, r3, r1, lsl #31
 8005114:	084a      	lsrs	r2, r1, #1
 8005116:	0c19      	lsrs	r1, r3, #16
 8005118:	ea41 4102 	orr.w	r1, r1, r2, lsl #16
 800511c:	ea4f 7cc6 	mov.w	ip, r6, lsl #31
 8005120:	b29b      	uxth	r3, r3
 8005122:	fbb2 f0f4 	udiv	r0, r2, r4
 8005126:	4626      	mov	r6, r4
 8005128:	46a0      	mov	r8, r4
 800512a:	4627      	mov	r7, r4
 800512c:	221f      	movs	r2, #31
 800512e:	ea43 4301 	orr.w	r3, r3, r1, lsl #16
 8005132:	fbb1 f1f4 	udiv	r1, r1, r4
 8005136:	eba3 0308 	sub.w	r3, r3, r8
 800513a:	ea41 4100 	orr.w	r1, r1, r0, lsl #16
 800513e:	e758      	b.n	8004ff2 <__udivmoddi4+0x112>
 8005140:	4629      	mov	r1, r5
 8005142:	e6ff      	b.n	8004f44 <__udivmoddi4+0x64>
 8005144:	4628      	mov	r0, r5
 8005146:	e715      	b.n	8004f74 <__udivmoddi4+0x94>
 8005148:	461a      	mov	r2, r3
 800514a:	f1c3 0120 	rsb	r1, r3, #32
 800514e:	409c      	lsls	r4, r3
 8005150:	fa26 f301 	lsr.w	r3, r6, r1
 8005154:	fa20 f101 	lsr.w	r1, r0, r1
 8005158:	4090      	lsls	r0, r2
 800515a:	4303      	orrs	r3, r0
 800515c:	0c27      	lsrs	r7, r4, #16
 800515e:	fa06 fc02 	lsl.w	ip, r6, r2
 8005162:	fbb1 f0f7 	udiv	r0, r1, r7
 8005166:	b2a6      	uxth	r6, r4
 8005168:	fb07 1510 	mls	r5, r7, r0, r1
 800516c:	0c19      	lsrs	r1, r3, #16
 800516e:	ea41 4105 	orr.w	r1, r1, r5, lsl #16
 8005172:	fb00 f506 	mul.w	r5, r0, r6
 8005176:	428d      	cmp	r5, r1
 8005178:	d93b      	bls.n	80051f2 <__udivmoddi4+0x312>
 800517a:	1861      	adds	r1, r4, r1
 800517c:	d201      	bcs.n	8005182 <__udivmoddi4+0x2a2>
 800517e:	428d      	cmp	r5, r1
 8005180:	d820      	bhi.n	80051c4 <__udivmoddi4+0x2e4>
 8005182:	1b49      	subs	r1, r1, r5
 8005184:	3801      	subs	r0, #1
 8005186:	fbb1 f5f7 	udiv	r5, r1, r7
 800518a:	9501      	str	r5, [sp, #4]
 800518c:	fb05 f806 	mul.w	r8, r5, r6
 8005190:	9d01      	ldr	r5, [sp, #4]
 8005192:	b29b      	uxth	r3, r3
 8005194:	fb07 1115 	mls	r1, r7, r5, r1
 8005198:	ea43 4301 	orr.w	r3, r3, r1, lsl #16
 800519c:	4543      	cmp	r3, r8
 800519e:	d226      	bcs.n	80051ee <__udivmoddi4+0x30e>
 80051a0:	18e3      	adds	r3, r4, r3
 80051a2:	f105 31ff 	add.w	r1, r5, #4294967295
 80051a6:	d2c6      	bcs.n	8005136 <__udivmoddi4+0x256>
 80051a8:	4543      	cmp	r3, r8
 80051aa:	d2c4      	bcs.n	8005136 <__udivmoddi4+0x256>
 80051ac:	1ea9      	subs	r1, r5, #2
 80051ae:	4423      	add	r3, r4
 80051b0:	e7c1      	b.n	8005136 <__udivmoddi4+0x256>
 80051b2:	45ba      	cmp	sl, r7
 80051b4:	d29b      	bcs.n	80050ee <__udivmoddi4+0x20e>
 80051b6:	ebb7 0609 	subs.w	r6, r7, r9
 80051ba:	eb64 040c 	sbc.w	r4, r4, ip
 80051be:	3801      	subs	r0, #1
 80051c0:	46a0      	mov	r8, r4
 80051c2:	e794      	b.n	80050ee <__udivmoddi4+0x20e>
 80051c4:	1b65      	subs	r5, r4, r5
 80051c6:	4429      	add	r1, r5
 80051c8:	3802      	subs	r0, #2
 80051ca:	fbb1 f5f7 	udiv	r5, r1, r7
 80051ce:	9501      	str	r5, [sp, #4]
 80051d0:	fb05 f806 	mul.w	r8, r5, r6
 80051d4:	e7dc      	b.n	8005190 <__udivmoddi4+0x2b0>
 80051d6:	4620      	mov	r0, r4
 80051d8:	e77f      	b.n	80050da <__udivmoddi4+0x1fa>
 80051da:	461f      	mov	r7, r3
 80051dc:	e766      	b.n	80050ac <__udivmoddi4+0x1cc>
 80051de:	4608      	mov	r0, r1
 80051e0:	e6f4      	b.n	8004fcc <__udivmoddi4+0xec>
 80051e2:	44a4      	add	ip, r4
 80051e4:	3802      	subs	r0, #2
 80051e6:	e72f      	b.n	8005048 <__udivmoddi4+0x168>
 80051e8:	3d02      	subs	r5, #2
 80051ea:	4423      	add	r3, r4
 80051ec:	e715      	b.n	800501a <__udivmoddi4+0x13a>
 80051ee:	9901      	ldr	r1, [sp, #4]
 80051f0:	e7a1      	b.n	8005136 <__udivmoddi4+0x256>
 80051f2:	1b49      	subs	r1, r1, r5
 80051f4:	fbb1 f5f7 	udiv	r5, r1, r7
 80051f8:	9501      	str	r5, [sp, #4]
 80051fa:	fb05 f806 	mul.w	r8, r5, r6
 80051fe:	e7c7      	b.n	8005190 <__udivmoddi4+0x2b0>

08005200 <_init>:
 8005200:	b5f8      	push	{r3, r4, r5, r6, r7, lr}
 8005202:	bf00      	nop
 8005204:	bcf8      	pop	{r3, r4, r5, r6, r7}
 8005206:	bc08      	pop	{r3}
 8005208:	469e      	mov	lr, r3
 800520a:	4770      	bx	lr

0800520c <_fini>:
 800520c:	b5f8      	push	{r3, r4, r5, r6, r7, lr}
 800520e:	bf00      	nop
 8005210:	bcf8      	pop	{r3, r4, r5, r6, r7}
 8005212:	bc08      	pop	{r3}
 8005214:	469e      	mov	lr, r3
 8005216:	4770      	bx	lr
